date,store_id,channel,transactions,revenue,gst_collected,net_revenue,year,month
2019-01-01,YYC-DT,IN_STORE,64,1985,99.27,1886,2019,1
2019-01-01,YYC-DT,ONLINE,8,207,10.39,197,2019,1
2019-01-01,YYC-NW,IN_STORE,49,1466,73.35,1393,2019,1
2019-01-01,YYC-NW,ONLINE,4,148,7.44,141,2019,1
2019-01-01,YYC-SE,IN_STORE,33,1272,63.64,1209,2019,1
2019-01-01,YYC-SE,ONLINE,4,96,4.82,91,2019,1
2019-01-02,YYC-DT,IN_STORE,53,1965,98.29,1867,2019,1
2019-01-02,YYC-DT,ONLINE,9,227,11.39,216,2019,1
2019-01-02,YYC-NW,IN_STORE,34,1501,75.05,1426,2019,1
2019-01-02,YYC-NW,ONLINE,4,125,6.26,118,2019,1
2019-01-02,YYC-SE,IN_STORE,31,1079,53.99,1025,2019,1
2019-01-02,YYC-SE,ONLINE,4,137,6.88,130,2019,1
2019-01-03,YYC-DT,IN_STORE,50,2025,101.26,1923,2019,1
2019-01-03,YYC-DT,ONLINE,8,196,9.82,186,2019,1
2019-01-03,YYC-NW,IN_STORE,47,1534,76.7,1457,2019,1
2019-01-03,YYC-NW,ONLINE,4,159,8.0,151,2019,1
2019-01-03,YYC-SE,IN_STORE,35,1248,62.43,1186,2019,1
2019-01-03,YYC-SE,ONLINE,4,124,6.21,117,2019,1
2019-01-04,YYC-DT,IN_STORE,75,2282,114.14,2168,2019,1
2019-01-04,YYC-DT,ONLINE,8,223,11.18,212,2019,1
2019-01-04,YYC-NW,IN_STORE,57,1461,73.05,1388,2019,1
2019-01-04,YYC-NW,ONLINE,5,158,7.9,150,2019,1
2019-01-04,YYC-SE,IN_STORE,40,1260,63.0,1197,2019,1
2019-01-04,YYC-SE,ONLINE,3,127,6.39,121,2019,1
2019-01-05,YYC-DT,IN_STORE,71,2164,108.2,2055,2019,1
2019-01-05,YYC-DT,ONLINE,6,242,12.14,230,2019,1
2019-01-05,YYC-NW,IN_STORE,37,1455,72.79,1382,2019,1
2019-01-05,YYC-NW,ONLINE,5,145,7.27,138,2019,1
2019-01-05,YYC-SE,IN_STORE,44,1308,65.42,1243,2019,1
2019-01-05,YYC-SE,ONLINE,3,104,5.24,99,2019,1
2019-01-06,YYC-DT,IN_STORE,53,2191,109.57,2081,2019,1
2019-01-06,YYC-DT,ONLINE,6,218,10.91,207,2019,1
2019-01-06,YYC-NW,IN_STORE,39,1476,73.8,1402,2019,1
2019-01-06,YYC-NW,ONLINE,4,135,6.76,128,2019,1
2019-01-06,YYC-SE,IN_STORE,32,1252,62.64,1190,2019,1
2019-01-06,YYC-SE,ONLINE,4,112,5.61,106,2019,1
2019-01-07,YYC-DT,IN_STORE,59,2234,111.71,2122,2019,1
2019-01-07,YYC-DT,ONLINE,9,212,10.62,201,2019,1
2019-01-07,YYC-NW,IN_STORE,52,1563,78.19,1485,2019,1
2019-01-07,YYC-NW,ONLINE,5,164,8.23,156,2019,1
2019-01-07,YYC-SE,IN_STORE,42,1432,71.64,1361,2019,1
2019-01-07,YYC-SE,ONLINE,4,141,7.09,134,2019,1
2019-01-08,YYC-DT,IN_STORE,57,1995,99.79,1895,2019,1
2019-01-08,YYC-DT,ONLINE,6,220,11.01,209,2019,1
2019-01-08,YYC-NW,IN_STORE,41,1527,76.37,1450,2019,1
2019-01-08,YYC-NW,ONLINE,5,151,7.56,143,2019,1
2019-01-08,YYC-SE,IN_STORE,47,1223,61.17,1162,2019,1
2019-01-08,YYC-SE,ONLINE,4,142,7.11,135,2019,1
2019-01-09,YYC-DT,IN_STORE,62,1935,96.76,1838,2019,1
2019-01-09,YYC-DT,ONLINE,7,223,11.16,211,2019,1
2019-01-09,YYC-NW,IN_STORE,45,1442,72.15,1370,2019,1
2019-01-09,YYC-NW,ONLINE,4,163,8.19,155,2019,1
2019-01-09,YYC-SE,IN_STORE,30,1185,59.26,1126,2019,1
2019-01-09,YYC-SE,ONLINE,3,108,5.42,103,2019,1
2019-01-10,YYC-DT,IN_STORE,82,2041,102.1,1939,2019,1
2019-01-10,YYC-DT,ONLINE,7,254,12.72,241,2019,1
2019-01-10,YYC-NW,IN_STORE,39,1338,66.95,1271,2019,1
2019-01-10,YYC-NW,ONLINE,5,132,6.64,126,2019,1
2019-01-10,YYC-SE,IN_STORE,42,1248,62.44,1186,2019,1
2019-01-10,YYC-SE,ONLINE,4,131,6.55,124,2019,1
2019-01-11,YYC-DT,IN_STORE,80,1991,99.58,1892,2019,1
2019-01-11,YYC-DT,ONLINE,8,242,12.11,230,2019,1
2019-01-11,YYC-NW,IN_STORE,55,1419,71.0,1348,2019,1
2019-01-11,YYC-NW,ONLINE,5,104,5.24,99,2019,1
2019-01-11,YYC-SE,IN_STORE,29,1174,58.73,1115,2019,1
2019-01-11,YYC-SE,ONLINE,3,145,7.28,138,2019,1
2019-01-12,YYC-DT,IN_STORE,74,2176,108.82,2067,2019,1
2019-01-12,YYC-DT,ONLINE,5,230,11.53,219,2019,1
2019-01-12,YYC-NW,IN_STORE,39,1491,74.55,1416,2019,1
2019-01-12,YYC-NW,ONLINE,5,170,8.55,162,2019,1
2019-01-12,YYC-SE,IN_STORE,31,1271,63.55,1207,2019,1
2019-01-12,YYC-SE,ONLINE,3,85,4.27,81,2019,1
2019-01-13,YYC-DT,IN_STORE,77,2130,106.54,2024,2019,1
2019-01-13,YYC-DT,ONLINE,8,254,12.73,241,2019,1
2019-01-13,YYC-NW,IN_STORE,44,1585,79.29,1506,2019,1
2019-01-13,YYC-NW,ONLINE,4,148,7.42,141,2019,1
2019-01-13,YYC-SE,IN_STORE,41,1322,66.11,1256,2019,1
2019-01-13,YYC-SE,ONLINE,3,115,5.78,109,2019,1
2019-01-14,YYC-DT,IN_STORE,70,1818,90.94,1727,2019,1
2019-01-14,YYC-DT,ONLINE,5,171,8.57,162,2019,1
2019-01-14,YYC-NW,IN_STORE,53,1318,65.93,1252,2019,1
2019-01-14,YYC-NW,ONLINE,5,131,6.58,125,2019,1
2019-01-14,YYC-SE,IN_STORE,40,1140,57.0,1083,2019,1
2019-01-14,YYC-SE,ONLINE,3,115,5.77,109,2019,1
2019-01-15,YYC-DT,IN_STORE,52,1845,92.27,1753,2019,1
2019-01-15,YYC-DT,ONLINE,5,172,8.61,163,2019,1
2019-01-15,YYC-NW,IN_STORE,44,1354,67.73,1286,2019,1
2019-01-15,YYC-NW,ONLINE,4,154,7.73,146,2019,1
2019-01-15,YYC-SE,IN_STORE,43,1072,53.64,1019,2019,1
2019-01-15,YYC-SE,ONLINE,3,142,7.12,135,2019,1
2019-01-16,YYC-DT,IN_STORE,48,1991,99.59,1892,2019,1
2019-01-16,YYC-DT,ONLINE,7,210,10.53,200,2019,1
2019-01-16,YYC-NW,IN_STORE,53,1352,67.63,1284,2019,1
2019-01-16,YYC-NW,ONLINE,4,165,8.26,156,2019,1
2019-01-16,YYC-SE,IN_STORE,39,1160,58.02,1102,2019,1
2019-01-16,YYC-SE,ONLINE,3,97,4.89,92,2019,1
2019-01-17,YYC-DT,IN_STORE,66,1827,91.39,1736,2019,1
2019-01-17,YYC-DT,ONLINE,5,196,9.82,186,2019,1
2019-01-17,YYC-NW,IN_STORE,36,1398,69.95,1329,2019,1
2019-01-17,YYC-NW,ONLINE,4,119,5.96,113,2019,1
2019-01-17,YYC-SE,IN_STORE,29,1149,57.5,1092,2019,1
2019-01-17,YYC-SE,ONLINE,4,106,5.35,101,2019,1
2019-01-18,YYC-DT,IN_STORE,82,1936,96.81,1839,2019,1
2019-01-18,YYC-DT,ONLINE,6,230,11.52,218,2019,1
2019-01-18,YYC-NW,IN_STORE,43,1477,73.88,1403,2019,1
2019-01-18,YYC-NW,ONLINE,5,136,6.81,129,2019,1
2019-01-18,YYC-SE,IN_STORE,45,1230,61.51,1168,2019,1
2019-01-18,YYC-SE,ONLINE,4,108,5.43,103,2019,1
2019-01-19,YYC-DT,IN_STORE,83,2102,105.1,1996,2019,1
2019-01-19,YYC-DT,ONLINE,8,231,11.55,219,2019,1
2019-01-19,YYC-NW,IN_STORE,38,1508,75.41,1432,2019,1
2019-01-19,YYC-NW,ONLINE,4,145,7.27,138,2019,1
2019-01-19,YYC-SE,IN_STORE,35,1207,60.35,1146,2019,1
2019-01-19,YYC-SE,ONLINE,4,83,4.19,79,2019,1
2019-01-20,YYC-DT,IN_STORE,49,1910,95.52,1814,2019,1
2019-01-20,YYC-DT,ONLINE,5,180,9.03,171,2019,1
2019-01-20,YYC-NW,IN_STORE,37,1345,67.28,1278,2019,1
2019-01-20,YYC-NW,ONLINE,4,133,6.68,126,2019,1
2019-01-20,YYC-SE,IN_STORE,30,1194,59.75,1135,2019,1
2019-01-20,YYC-SE,ONLINE,3,96,4.83,91,2019,1
2019-01-21,YYC-DT,IN_STORE,63,2163,108.16,2055,2019,1
2019-01-21,YYC-DT,ONLINE,7,227,11.38,216,2019,1
2019-01-21,YYC-NW,IN_STORE,42,1538,76.92,1461,2019,1
2019-01-21,YYC-NW,ONLINE,5,153,7.67,145,2019,1
2019-01-21,YYC-SE,IN_STORE,44,1356,67.85,1289,2019,1
2019-01-21,YYC-SE,ONLINE,4,127,6.37,121,2019,1
2019-01-22,YYC-DT,IN_STORE,70,1892,94.6,1797,2019,1
2019-01-22,YYC-DT,ONLINE,9,230,11.53,219,2019,1
2019-01-22,YYC-NW,IN_STORE,53,1358,67.9,1290,2019,1
2019-01-22,YYC-NW,ONLINE,4,149,7.45,141,2019,1
2019-01-22,YYC-SE,IN_STORE,35,1166,58.35,1108,2019,1
2019-01-22,YYC-SE,ONLINE,3,100,5.01,95,2019,1
2019-01-23,YYC-DT,IN_STORE,70,1860,93.03,1767,2019,1
2019-01-23,YYC-DT,ONLINE,8,204,10.21,193,2019,1
2019-01-23,YYC-NW,IN_STORE,41,1482,74.1,1407,2019,1
2019-01-23,YYC-NW,ONLINE,4,162,8.11,154,2019,1
2019-01-23,YYC-SE,IN_STORE,47,1233,61.67,1171,2019,1
2019-01-23,YYC-SE,ONLINE,3,117,5.86,111,2019,1
2019-01-24,YYC-DT,IN_STORE,62,1961,98.1,1863,2019,1
2019-01-24,YYC-DT,ONLINE,5,175,8.79,167,2019,1
2019-01-24,YYC-NW,IN_STORE,39,1309,65.47,1244,2019,1
2019-01-24,YYC-NW,ONLINE,4,147,7.37,139,2019,1
2019-01-24,YYC-SE,IN_STORE,37,1027,51.39,976,2019,1
2019-01-24,YYC-SE,ONLINE,3,136,6.81,129,2019,1
2019-01-25,YYC-DT,IN_STORE,77,1869,93.48,1776,2019,1
2019-01-25,YYC-DT,ONLINE,5,173,8.68,164,2019,1
2019-01-25,YYC-NW,IN_STORE,34,1379,68.97,1310,2019,1
2019-01-25,YYC-NW,ONLINE,4,137,6.89,130,2019,1
2019-01-25,YYC-SE,IN_STORE,31,1186,59.3,1126,2019,1
2019-01-25,YYC-SE,ONLINE,5,139,6.97,132,2019,1
2019-01-26,YYC-DT,IN_STORE,58,2181,109.09,2072,2019,1
2019-01-26,YYC-DT,ONLINE,8,232,11.64,221,2019,1
2019-01-26,YYC-NW,IN_STORE,44,1454,72.71,1381,2019,1
2019-01-26,YYC-NW,ONLINE,6,159,7.95,151,2019,1
2019-01-26,YYC-SE,IN_STORE,43,1345,67.28,1278,2019,1
2019-01-26,YYC-SE,ONLINE,4,147,7.39,140,2019,1
2019-01-27,YYC-DT,IN_STORE,69,2038,101.9,1936,2019,1
2019-01-27,YYC-DT,ONLINE,8,214,10.7,203,2019,1
2019-01-27,YYC-NW,IN_STORE,55,1385,69.3,1316,2019,1
2019-01-27,YYC-NW,ONLINE,5,137,6.88,130,2019,1
2019-01-27,YYC-SE,IN_STORE,37,1242,62.12,1180,2019,1
2019-01-27,YYC-SE,ONLINE,3,112,5.65,107,2019,1
2019-01-28,YYC-DT,IN_STORE,75,2011,100.58,1910,2019,1
2019-01-28,YYC-DT,ONLINE,8,222,11.14,211,2019,1
2019-01-28,YYC-NW,IN_STORE,39,1471,73.58,1398,2019,1
2019-01-28,YYC-NW,ONLINE,5,147,7.39,140,2019,1
2019-01-28,YYC-SE,IN_STORE,44,1228,61.44,1167,2019,1
2019-01-28,YYC-SE,ONLINE,4,108,5.4,102,2019,1
2019-01-29,YYC-DT,IN_STORE,77,1893,94.68,1798,2019,1
2019-01-29,YYC-DT,ONLINE,6,191,9.59,182,2019,1
2019-01-29,YYC-NW,IN_STORE,38,1375,68.79,1306,2019,1
2019-01-29,YYC-NW,ONLINE,4,163,8.18,155,2019,1
2019-01-29,YYC-SE,IN_STORE,35,1165,58.29,1107,2019,1
2019-01-29,YYC-SE,ONLINE,3,142,7.15,135,2019,1
2019-01-30,YYC-DT,IN_STORE,58,2057,102.85,1954,2019,1
2019-01-30,YYC-DT,ONLINE,7,251,12.59,239,2019,1
2019-01-30,YYC-NW,IN_STORE,49,1352,67.64,1285,2019,1
2019-01-30,YYC-NW,ONLINE,5,149,7.48,142,2019,1
2019-01-30,YYC-SE,IN_STORE,29,1104,55.24,1049,2019,1
2019-01-30,YYC-SE,ONLINE,3,115,5.79,109,2019,1
2019-01-31,YYC-DT,IN_STORE,47,2005,100.29,1905,2019,1
2019-01-31,YYC-DT,ONLINE,6,208,10.44,198,2019,1
2019-01-31,YYC-NW,IN_STORE,34,1421,71.06,1350,2019,1
2019-01-31,YYC-NW,ONLINE,4,160,8.04,152,2019,1
2019-01-31,YYC-SE,IN_STORE,29,1252,62.62,1189,2019,1
2019-01-31,YYC-SE,ONLINE,4,108,5.41,102,2019,1
2019-02-01,YYC-DT,IN_STORE,63,2382,119.13,2263,2019,2
2019-02-01,YYC-DT,ONLINE,6,268,13.42,254,2019,2
2019-02-01,YYC-NW,IN_STORE,54,1728,86.41,1641,2019,2
2019-02-01,YYC-NW,ONLINE,5,157,7.89,149,2019,2
2019-02-01,YYC-SE,IN_STORE,43,1440,72.05,1368,2019,2
2019-02-01,YYC-SE,ONLINE,5,160,8.03,152,2019,2
2019-02-02,YYC-DT,IN_STORE,93,2305,115.29,2190,2019,2
2019-02-02,YYC-DT,ONLINE,8,271,13.56,257,2019,2
2019-02-02,YYC-NW,IN_STORE,43,1677,83.89,1593,2019,2
2019-02-02,YYC-NW,ONLINE,7,187,9.4,178,2019,2
2019-02-02,YYC-SE,IN_STORE,47,1360,68.03,1292,2019,2
2019-02-02,YYC-SE,ONLINE,6,165,8.28,157,2019,2
2019-02-03,YYC-DT,IN_STORE,63,2311,115.57,2195,2019,2
2019-02-03,YYC-DT,ONLINE,6,262,13.11,249,2019,2
2019-02-03,YYC-NW,IN_STORE,61,1675,83.78,1591,2019,2
2019-02-03,YYC-NW,ONLINE,7,204,10.24,194,2019,2
2019-02-03,YYC-SE,IN_STORE,34,1372,68.61,1303,2019,2
2019-02-03,YYC-SE,ONLINE,3,121,6.07,115,2019,2
2019-02-04,YYC-DT,IN_STORE,93,2254,112.71,2141,2019,2
2019-02-04,YYC-DT,ONLINE,9,264,13.24,251,2019,2
2019-02-04,YYC-NW,IN_STORE,47,1620,81.0,1539,2019,2
2019-02-04,YYC-NW,ONLINE,5,156,7.82,148,2019,2
2019-02-04,YYC-SE,IN_STORE,57,1390,69.51,1320,2019,2
2019-02-04,YYC-SE,ONLINE,3,86,4.32,82,2019,2
2019-02-05,YYC-DT,IN_STORE,67,2001,100.06,1901,2019,2
2019-02-05,YYC-DT,ONLINE,5,245,12.26,232,2019,2
2019-02-05,YYC-NW,IN_STORE,44,1518,75.91,1442,2019,2
2019-02-05,YYC-NW,ONLINE,4,149,7.5,142,2019,2
2019-02-05,YYC-SE,IN_STORE,31,1297,64.89,1232,2019,2
2019-02-05,YYC-SE,ONLINE,4,105,5.3,100,2019,2
2019-02-06,YYC-DT,IN_STORE,78,2298,114.94,2183,2019,2
2019-02-06,YYC-DT,ONLINE,8,245,12.27,233,2019,2
2019-02-06,YYC-NW,IN_STORE,47,1570,78.52,1491,2019,2
2019-02-06,YYC-NW,ONLINE,4,185,9.28,176,2019,2
2019-02-06,YYC-SE,IN_STORE,41,1307,65.36,1241,2019,2
2019-02-06,YYC-SE,ONLINE,4,96,4.84,91,2019,2
2019-02-07,YYC-DT,IN_STORE,65,2038,101.9,1936,2019,2
2019-02-07,YYC-DT,ONLINE,6,243,12.18,231,2019,2
2019-02-07,YYC-NW,IN_STORE,51,1402,70.14,1332,2019,2
2019-02-07,YYC-NW,ONLINE,4,125,6.3,119,2019,2
2019-02-07,YYC-SE,IN_STORE,36,1193,59.67,1133,2019,2
2019-02-07,YYC-SE,ONLINE,3,98,4.94,93,2019,2
2019-02-08,YYC-DT,IN_STORE,82,2174,108.72,2065,2019,2
2019-02-08,YYC-DT,ONLINE,8,217,10.86,206,2019,2
2019-02-08,YYC-NW,IN_STORE,37,1404,70.25,1334,2019,2
2019-02-08,YYC-NW,ONLINE,4,133,6.66,126,2019,2
2019-02-08,YYC-SE,IN_STORE,36,1256,62.81,1193,2019,2
2019-02-08,YYC-SE,ONLINE,3,89,4.49,85,2019,2
2019-02-09,YYC-DT,IN_STORE,62,2526,126.33,2400,2019,2
2019-02-09,YYC-DT,ONLINE,9,304,15.23,289,2019,2
2019-02-09,YYC-NW,IN_STORE,43,1602,80.14,1522,2019,2
2019-02-09,YYC-NW,ONLINE,7,170,8.53,162,2019,2
2019-02-09,YYC-SE,IN_STORE,37,1466,73.3,1392,2019,2
2019-02-09,YYC-SE,ONLINE,4,159,7.99,151,2019,2
2019-02-10,YYC-DT,IN_STORE,101,2460,123.02,2337,2019,2
2019-02-10,YYC-DT,ONLINE,7,259,12.98,246,2019,2
2019-02-10,YYC-NW,IN_STORE,58,1844,92.2,1751,2019,2
2019-02-10,YYC-NW,ONLINE,8,213,10.66,202,2019,2
2019-02-10,YYC-SE,IN_STORE,46,1540,77.03,1463,2019,2
2019-02-10,YYC-SE,ONLINE,4,157,7.85,149,2019,2
2019-02-11,YYC-DT,IN_STORE,58,2121,106.07,2015,2019,2
2019-02-11,YYC-DT,ONLINE,6,228,11.42,216,2019,2
2019-02-11,YYC-NW,IN_STORE,54,1568,78.44,1490,2019,2
2019-02-11,YYC-NW,ONLINE,4,179,8.95,170,2019,2
2019-02-11,YYC-SE,IN_STORE,50,1366,68.32,1298,2019,2
2019-02-11,YYC-SE,ONLINE,4,135,6.78,128,2019,2
2019-02-12,YYC-DT,IN_STORE,79,2150,107.52,2042,2019,2
2019-02-12,YYC-DT,ONLINE,9,204,10.2,193,2019,2
2019-02-12,YYC-NW,IN_STORE,41,1534,76.72,1457,2019,2
2019-02-12,YYC-NW,ONLINE,5,198,9.93,188,2019,2
2019-02-12,YYC-SE,IN_STORE,38,1364,68.21,1295,2019,2
2019-02-12,YYC-SE,ONLINE,4,129,6.5,123,2019,2
2019-02-13,YYC-DT,IN_STORE,67,2155,107.78,2047,2019,2
2019-02-13,YYC-DT,ONLINE,8,237,11.85,225,2019,2
2019-02-13,YYC-NW,IN_STORE,51,1562,78.1,1483,2019,2
2019-02-13,YYC-NW,ONLINE,4,159,8.0,151,2019,2
2019-02-13,YYC-SE,IN_STORE,43,1289,64.5,1225,2019,2
2019-02-13,YYC-SE,ONLINE,4,118,5.93,112,2019,2
2019-02-14,YYC-DT,IN_STORE,66,1982,99.13,1883,2019,2
2019-02-14,YYC-DT,ONLINE,6,231,11.59,220,2019,2
2019-02-14,YYC-NW,IN_STORE,39,1390,69.55,1321,2019,2
2019-02-14,YYC-NW,ONLINE,6,135,6.78,128,2019,2
2019-02-14,YYC-SE,IN_STORE,46,1291,64.59,1227,2019,2
2019-02-14,YYC-SE,ONLINE,3,108,5.43,103,2019,2
2019-02-15,YYC-DT,IN_STORE,53,2083,104.17,1979,2019,2
2019-02-15,YYC-DT,ONLINE,6,224,11.22,213,2019,2
2019-02-15,YYC-NW,IN_STORE,39,1550,77.55,1473,2019,2
2019-02-15,YYC-NW,ONLINE,5,165,8.27,157,2019,2
2019-02-15,YYC-SE,IN_STORE,35,1293,64.67,1228,2019,2
2019-02-15,YYC-SE,ONLINE,4,118,5.92,112,2019,2
2019-02-16,YYC-DT,IN_STORE,63,2264,113.23,2151,2019,2
2019-02-16,YYC-DT,ONLINE,9,235,11.79,224,2019,2
2019-02-16,YYC-NW,IN_STORE,60,1721,86.1,1635,2019,2
2019-02-16,YYC-NW,ONLINE,6,190,9.51,180,2019,2
2019-02-16,YYC-SE,IN_STORE,43,1387,69.37,1317,2019,2
2019-02-16,YYC-SE,ONLINE,6,164,8.21,155,2019,2
2019-02-17,YYC-DT,IN_STORE,68,2574,128.74,2446,2019,2
2019-02-17,YYC-DT,ONLINE,9,273,13.69,260,2019,2
2019-02-17,YYC-NW,IN_STORE,71,1829,91.45,1737,2019,2
2019-02-17,YYC-NW,ONLINE,5,191,9.59,182,2019,2
2019-02-17,YYC-SE,IN_STORE,39,1500,75.01,1425,2019,2
2019-02-17,YYC-SE,ONLINE,4,123,6.19,117,2019,2
2019-02-18,YYC-DT,IN_STORE,66,2152,107.63,2044,2019,2
2019-02-18,YYC-DT,ONLINE,6,253,12.68,240,2019,2
2019-02-18,YYC-NW,IN_STORE,49,1497,74.89,1422,2019,2
2019-02-18,YYC-NW,ONLINE,5,171,8.58,162,2019,2
2019-02-18,YYC-SE,IN_STORE,44,1375,68.77,1306,2019,2
2019-02-18,YYC-SE,ONLINE,4,173,8.66,164,2019,2
2019-02-19,YYC-DT,IN_STORE,61,1939,96.98,1842,2019,2
2019-02-19,YYC-DT,ONLINE,8,167,8.38,159,2019,2
2019-02-19,YYC-NW,IN_STORE,57,1513,75.66,1437,2019,2
2019-02-19,YYC-NW,ONLINE,4,148,7.4,140,2019,2
2019-02-19,YYC-SE,IN_STORE,39,1181,59.06,1122,2019,2
2019-02-19,YYC-SE,ONLINE,4,92,4.64,88,2019,2
2019-02-20,YYC-DT,IN_STORE,55,2201,110.08,2091,2019,2
2019-02-20,YYC-DT,ONLINE,9,198,9.92,188,2019,2
2019-02-20,YYC-NW,IN_STORE,59,1565,78.29,1487,2019,2
2019-02-20,YYC-NW,ONLINE,4,185,9.26,175,2019,2
2019-02-20,YYC-SE,IN_STORE,33,1384,69.23,1315,2019,2
2019-02-20,YYC-SE,ONLINE,5,139,6.99,132,2019,2
2019-02-21,YYC-DT,IN_STORE,51,2105,105.3,2000,2019,2
2019-02-21,YYC-DT,ONLINE,7,229,11.46,217,2019,2
2019-02-21,YYC-NW,IN_STORE,46,1543,77.17,1466,2019,2
2019-02-21,YYC-NW,ONLINE,6,154,7.7,146,2019,2
2019-02-21,YYC-SE,IN_STORE,43,1266,63.3,1202,2019,2
2019-02-21,YYC-SE,ONLINE,3,114,5.7,108,2019,2
2019-02-22,YYC-DT,IN_STORE,52,2258,112.91,2145,2019,2
2019-02-22,YYC-DT,ONLINE,5,217,10.9,207,2019,2
2019-02-22,YYC-NW,IN_STORE,47,1522,76.14,1446,2019,2
2019-02-22,YYC-NW,ONLINE,4,103,5.17,98,2019,2
2019-02-22,YYC-SE,IN_STORE,49,1286,64.33,1222,2019,2
2019-02-22,YYC-SE,ONLINE,3,111,5.57,105,2019,2
2019-02-23,YYC-DT,IN_STORE,65,2536,126.83,2409,2019,2
2019-02-23,YYC-DT,ONLINE,11,273,13.69,260,2019,2
2019-02-23,YYC-NW,IN_STORE,44,1657,82.86,1574,2019,2
2019-02-23,YYC-NW,ONLINE,6,214,10.71,203,2019,2
2019-02-23,YYC-SE,IN_STORE,47,1578,78.95,1500,2019,2
2019-02-23,YYC-SE,ONLINE,4,122,6.13,116,2019,2
2019-02-24,YYC-DT,IN_STORE,71,2610,130.52,2479,2019,2
2019-02-24,YYC-DT,ONLINE,10,248,12.42,235,2019,2
2019-02-24,YYC-NW,IN_STORE,54,1801,90.09,1711,2019,2
2019-02-24,YYC-NW,ONLINE,7,157,7.88,149,2019,2
2019-02-24,YYC-SE,IN_STORE,51,1523,76.15,1446,2019,2
2019-02-24,YYC-SE,ONLINE,4,137,6.87,130,2019,2
2019-02-25,YYC-DT,IN_STORE,73,2307,115.37,2192,2019,2
2019-02-25,YYC-DT,ONLINE,9,228,11.41,216,2019,2
2019-02-25,YYC-NW,IN_STORE,43,1738,86.93,1651,2019,2
2019-02-25,YYC-NW,ONLINE,7,172,8.62,163,2019,2
2019-02-25,YYC-SE,IN_STORE,35,1287,64.4,1223,2019,2
2019-02-25,YYC-SE,ONLINE,4,114,5.74,109,2019,2
2019-02-26,YYC-DT,IN_STORE,77,2053,102.68,1950,2019,2
2019-02-26,YYC-DT,ONLINE,6,266,13.34,253,2019,2
2019-02-26,YYC-NW,IN_STORE,38,1499,74.96,1424,2019,2
2019-02-26,YYC-NW,ONLINE,4,140,7.03,133,2019,2
2019-02-26,YYC-SE,IN_STORE,38,1344,67.21,1276,2019,2
2019-02-26,YYC-SE,ONLINE,4,140,7.04,133,2019,2
2019-02-27,YYC-DT,IN_STORE,77,2145,107.29,2038,2019,2
2019-02-27,YYC-DT,ONLINE,8,234,11.75,223,2019,2
2019-02-27,YYC-NW,IN_STORE,50,1548,77.45,1471,2019,2
2019-02-27,YYC-NW,ONLINE,6,195,9.77,185,2019,2
2019-02-27,YYC-SE,IN_STORE,32,1328,66.43,1262,2019,2
2019-02-27,YYC-SE,ONLINE,4,129,6.48,123,2019,2
2019-02-28,YYC-DT,IN_STORE,69,2205,110.29,2095,2019,2
2019-02-28,YYC-DT,ONLINE,9,215,10.76,204,2019,2
2019-02-28,YYC-NW,IN_STORE,45,1544,77.22,1467,2019,2
2019-02-28,YYC-NW,ONLINE,5,181,9.09,172,2019,2
2019-02-28,YYC-SE,IN_STORE,42,1309,65.45,1243,2019,2
2019-02-28,YYC-SE,ONLINE,5,143,7.16,136,2019,2
2019-03-01,YYC-DT,IN_STORE,62,2398,119.92,2278,2019,3
2019-03-01,YYC-DT,ONLINE,10,279,13.98,265,2019,3
2019-03-01,YYC-NW,IN_STORE,49,1717,85.86,1631,2019,3
2019-03-01,YYC-NW,ONLINE,7,175,8.78,166,2019,3
2019-03-01,YYC-SE,IN_STORE,49,1621,81.07,1540,2019,3
2019-03-01,YYC-SE,ONLINE,5,164,8.22,156,2019,3
2019-03-02,YYC-DT,IN_STORE,98,2520,126.02,2394,2019,3
2019-03-02,YYC-DT,ONLINE,6,258,12.91,245,2019,3
2019-03-02,YYC-NW,IN_STORE,53,1797,89.9,1708,2019,3
2019-03-02,YYC-NW,ONLINE,5,152,7.65,145,2019,3
2019-03-02,YYC-SE,IN_STORE,62,1521,76.07,1445,2019,3
2019-03-02,YYC-SE,ONLINE,5,154,7.75,147,2019,3
2019-03-03,YYC-DT,IN_STORE,86,2618,130.93,2487,2019,3
2019-03-03,YYC-DT,ONLINE,7,309,15.48,294,2019,3
2019-03-03,YYC-NW,IN_STORE,65,1782,89.11,1693,2019,3
2019-03-03,YYC-NW,ONLINE,5,195,9.77,185,2019,3
2019-03-03,YYC-SE,IN_STORE,42,1699,84.96,1614,2019,3
2019-03-03,YYC-SE,ONLINE,4,166,8.3,157,2019,3
2019-03-04,YYC-DT,IN_STORE,74,2322,116.14,2206,2019,3
2019-03-04,YYC-DT,ONLINE,9,236,11.8,224,2019,3
2019-03-04,YYC-NW,IN_STORE,49,1726,86.34,1640,2019,3
2019-03-04,YYC-NW,ONLINE,4,150,7.52,142,2019,3
2019-03-04,YYC-SE,IN_STORE,43,1328,66.44,1262,2019,3
2019-03-04,YYC-SE,ONLINE,3,131,6.57,124,2019,3
2019-03-05,YYC-DT,IN_STORE,91,2241,112.1,2129,2019,3
2019-03-05,YYC-DT,ONLINE,6,263,13.18,250,2019,3
2019-03-05,YYC-NW,IN_STORE,43,1708,85.45,1623,2019,3
2019-03-05,YYC-NW,ONLINE,4,160,8.02,152,2019,3
2019-03-05,YYC-SE,IN_STORE,46,1402,70.12,1332,2019,3
2019-03-05,YYC-SE,ONLINE,4,159,7.99,151,2019,3
2019-03-06,YYC-DT,IN_STORE,74,2546,127.3,2418,2019,3
2019-03-06,YYC-DT,ONLINE,9,262,13.12,249,2019,3
2019-03-06,YYC-NW,IN_STORE,56,1814,90.75,1724,2019,3
2019-03-06,YYC-NW,ONLINE,4,129,6.45,122,2019,3
2019-03-06,YYC-SE,IN_STORE,44,1473,73.67,1399,2019,3
2019-03-06,YYC-SE,ONLINE,6,184,9.23,175,2019,3
2019-03-07,YYC-DT,IN_STORE,77,2570,128.55,2442,2019,3
2019-03-07,YYC-DT,ONLINE,10,281,14.1,267,2019,3
2019-03-07,YYC-NW,IN_STORE,58,1756,87.83,1668,2019,3
2019-03-07,YYC-NW,ONLINE,5,181,9.1,172,2019,3
2019-03-07,YYC-SE,IN_STORE,43,1632,81.6,1550,2019,3
2019-03-07,YYC-SE,ONLINE,4,161,8.07,153,2019,3
2019-03-08,YYC-DT,IN_STORE,97,2378,118.91,2259,2019,3
2019-03-08,YYC-DT,ONLINE,9,268,13.43,255,2019,3
2019-03-08,YYC-NW,IN_STORE,55,1652,82.62,1569,2019,3
2019-03-08,YYC-NW,ONLINE,4,146,7.33,139,2019,3
2019-03-08,YYC-SE,IN_STORE,57,1340,67.03,1273,2019,3
2019-03-08,YYC-SE,ONLINE,4,136,6.83,129,2019,3
2019-03-09,YYC-DT,IN_STORE,83,2741,137.07,2604,2019,3
2019-03-09,YYC-DT,ONLINE,10,309,15.48,294,2019,3
2019-03-09,YYC-NW,IN_STORE,58,2028,101.42,1927,2019,3
2019-03-09,YYC-NW,ONLINE,6,231,11.55,219,2019,3
2019-03-09,YYC-SE,IN_STORE,42,1537,76.9,1461,2019,3
2019-03-09,YYC-SE,ONLINE,7,180,9.03,171,2019,3
2019-03-10,YYC-DT,IN_STORE,67,2722,136.11,2586,2019,3
2019-03-10,YYC-DT,ONLINE,9,319,15.97,303,2019,3
2019-03-10,YYC-NW,IN_STORE,76,1901,95.1,1806,2019,3
2019-03-10,YYC-NW,ONLINE,7,219,10.96,208,2019,3
2019-03-10,YYC-SE,IN_STORE,49,1581,79.06,1502,2019,3
2019-03-10,YYC-SE,ONLINE,6,175,8.78,166,2019,3
2019-03-11,YYC-DT,IN_STORE,62,2328,116.44,2212,2019,3
2019-03-11,YYC-DT,ONLINE,6,177,8.87,168,2019,3
2019-03-11,YYC-NW,IN_STORE,47,1613,80.67,1532,2019,3
2019-03-11,YYC-NW,ONLINE,6,212,10.65,202,2019,3
2019-03-11,YYC-SE,IN_STORE,46,1380,69.04,1311,2019,3
2019-03-11,YYC-SE,ONLINE,4,128,6.41,121,2019,3
2019-03-12,YYC-DT,IN_STORE,62,2596,129.83,2466,2019,3
2019-03-12,YYC-DT,ONLINE,7,237,11.88,225,2019,3
2019-03-12,YYC-NW,IN_STORE,51,1687,84.36,1602,2019,3
2019-03-12,YYC-NW,ONLINE,5,213,10.66,202,2019,3
2019-03-12,YYC-SE,IN_STORE,39,1523,76.18,1447,2019,3
2019-03-12,YYC-SE,ONLINE,4,177,8.89,168,2019,3
2019-03-13,YYC-DT,IN_STORE,88,2563,128.18,2435,2019,3
2019-03-13,YYC-DT,ONLINE,10,278,13.91,264,2019,3
2019-03-13,YYC-NW,IN_STORE,51,1774,88.75,1686,2019,3
2019-03-13,YYC-NW,ONLINE,6,170,8.54,162,2019,3
2019-03-13,YYC-SE,IN_STORE,57,1443,72.15,1370,2019,3
2019-03-13,YYC-SE,ONLINE,4,178,8.9,169,2019,3
2019-03-14,YYC-DT,IN_STORE,57,2329,116.49,2213,2019,3
2019-03-14,YYC-DT,ONLINE,10,243,12.15,230,2019,3
2019-03-14,YYC-NW,IN_STORE,48,1697,84.88,1612,2019,3
2019-03-14,YYC-NW,ONLINE,5,215,10.79,205,2019,3
2019-03-14,YYC-SE,IN_STORE,48,1516,75.81,1440,2019,3
2019-03-14,YYC-SE,ONLINE,5,161,8.06,153,2019,3
2019-03-15,YYC-DT,IN_STORE,67,2476,123.84,2352,2019,3
2019-03-15,YYC-DT,ONLINE,8,242,12.11,230,2019,3
2019-03-15,YYC-NW,IN_STORE,49,1784,89.2,1694,2019,3
2019-03-15,YYC-NW,ONLINE,5,199,9.95,189,2019,3
2019-03-15,YYC-SE,IN_STORE,60,1597,79.89,1517,2019,3
2019-03-15,YYC-SE,ONLINE,6,176,8.83,167,2019,3
2019-03-16,YYC-DT,IN_STORE,78,2212,110.63,2101,2019,3
2019-03-16,YYC-DT,ONLINE,7,186,9.32,177,2019,3
2019-03-16,YYC-NW,IN_STORE,52,1598,79.91,1518,2019,3
2019-03-16,YYC-NW,ONLINE,6,194,9.72,184,2019,3
2019-03-16,YYC-SE,IN_STORE,39,1332,66.63,1265,2019,3
2019-03-16,YYC-SE,ONLINE,4,156,7.81,148,2019,3
2019-03-17,YYC-DT,IN_STORE,90,2769,138.46,2630,2019,3
2019-03-17,YYC-DT,ONLINE,10,315,15.77,299,2019,3
2019-03-17,YYC-NW,IN_STORE,61,1936,96.84,1840,2019,3
2019-03-17,YYC-NW,ONLINE,6,217,10.88,206,2019,3
2019-03-17,YYC-SE,IN_STORE,65,1683,84.19,1599,2019,3
2019-03-17,YYC-SE,ONLINE,4,159,7.98,151,2019,3
2019-03-18,YYC-DT,IN_STORE,74,2384,119.24,2265,2019,3
2019-03-18,YYC-DT,ONLINE,6,215,10.77,204,2019,3
2019-03-18,YYC-NW,IN_STORE,48,1693,84.68,1608,2019,3
2019-03-18,YYC-NW,ONLINE,7,172,8.63,164,2019,3
2019-03-18,YYC-SE,IN_STORE,35,1402,70.14,1332,2019,3
2019-03-18,YYC-SE,ONLINE,6,139,6.98,132,2019,3
2019-03-19,YYC-DT,IN_STORE,60,2382,119.15,2263,2019,3
2019-03-19,YYC-DT,ONLINE,10,287,14.38,273,2019,3
2019-03-19,YYC-NW,IN_STORE,55,1629,81.5,1548,2019,3
2019-03-19,YYC-NW,ONLINE,4,167,8.36,158,2019,3
2019-03-19,YYC-SE,IN_STORE,46,1480,74.04,1406,2019,3
2019-03-19,YYC-SE,ONLINE,3,110,5.52,104,2019,3
2019-03-20,YYC-DT,IN_STORE,77,2336,116.82,2219,2019,3
2019-03-20,YYC-DT,ONLINE,8,206,10.33,196,2019,3
2019-03-20,YYC-NW,IN_STORE,43,1771,88.58,1683,2019,3
2019-03-20,YYC-NW,ONLINE,7,210,10.54,200,2019,3
2019-03-20,YYC-SE,IN_STORE,44,1348,67.41,1280,2019,3
2019-03-20,YYC-SE,ONLINE,4,143,7.18,136,2019,3
2019-03-21,YYC-DT,IN_STORE,55,2310,115.54,2195,2019,3
2019-03-21,YYC-DT,ONLINE,7,222,11.13,211,2019,3
2019-03-21,YYC-NW,IN_STORE,37,1567,78.37,1488,2019,3
2019-03-21,YYC-NW,ONLINE,4,139,6.98,132,2019,3
2019-03-21,YYC-SE,IN_STORE,46,1287,64.39,1223,2019,3
2019-03-21,YYC-SE,ONLINE,5,137,6.86,130,2019,3
2019-03-22,YYC-DT,IN_STORE,75,2380,119.02,2261,2019,3
2019-03-22,YYC-DT,ONLINE,10,275,13.76,261,2019,3
2019-03-22,YYC-NW,IN_STORE,43,1690,84.51,1605,2019,3
2019-03-22,YYC-NW,ONLINE,5,191,9.57,181,2019,3
2019-03-22,YYC-SE,IN_STORE,38,1333,66.68,1266,2019,3
2019-03-22,YYC-SE,ONLINE,4,157,7.87,149,2019,3
2019-03-23,YYC-DT,IN_STORE,97,2697,134.9,2563,2019,3
2019-03-23,YYC-DT,ONLINE,8,309,15.45,293,2019,3
2019-03-23,YYC-NW,IN_STORE,78,1958,97.95,1861,2019,3
2019-03-23,YYC-NW,ONLINE,8,201,10.09,191,2019,3
2019-03-23,YYC-SE,IN_STORE,46,1658,82.94,1575,2019,3
2019-03-23,YYC-SE,ONLINE,4,146,7.34,139,2019,3
2019-03-24,YYC-DT,IN_STORE,86,2751,137.59,2614,2019,3
2019-03-24,YYC-DT,ONLINE,9,329,16.49,313,2019,3
2019-03-24,YYC-NW,IN_STORE,82,1952,97.64,1855,2019,3
2019-03-24,YYC-NW,ONLINE,7,219,10.99,208,2019,3
2019-03-24,YYC-SE,IN_STORE,44,1836,91.84,1744,2019,3
2019-03-24,YYC-SE,ONLINE,5,195,9.77,185,2019,3
2019-03-25,YYC-DT,IN_STORE,56,2406,120.33,2286,2019,3
2019-03-25,YYC-DT,ONLINE,7,244,12.25,232,2019,3
2019-03-25,YYC-NW,IN_STORE,51,1726,86.31,1639,2019,3
2019-03-25,YYC-NW,ONLINE,6,175,8.77,166,2019,3
2019-03-25,YYC-SE,IN_STORE,34,1422,71.12,1351,2019,3
2019-03-25,YYC-SE,ONLINE,5,129,6.49,123,2019,3
2019-03-26,YYC-DT,IN_STORE,77,2237,111.86,2125,2019,3
2019-03-26,YYC-DT,ONLINE,6,255,12.79,243,2019,3
2019-03-26,YYC-NW,IN_STORE,41,1751,87.59,1664,2019,3
2019-03-26,YYC-NW,ONLINE,4,131,6.56,124,2019,3
2019-03-26,YYC-SE,IN_STORE,48,1342,67.14,1275,2019,3
2019-03-26,YYC-SE,ONLINE,4,158,7.91,150,2019,3
2019-03-27,YYC-DT,IN_STORE,70,2373,118.69,2255,2019,3
2019-03-27,YYC-DT,ONLINE,6,207,10.37,197,2019,3
2019-03-27,YYC-NW,IN_STORE,55,1768,88.42,1679,2019,3
2019-03-27,YYC-NW,ONLINE,4,175,8.77,166,2019,3
2019-03-27,YYC-SE,IN_STORE,47,1401,70.09,1331,2019,3
2019-03-27,YYC-SE,ONLINE,6,139,6.96,132,2019,3
2019-03-28,YYC-DT,IN_STORE,67,2490,124.53,2366,2019,3
2019-03-28,YYC-DT,ONLINE,7,195,9.76,185,2019,3
2019-03-28,YYC-NW,IN_STORE,45,1849,92.47,1757,2019,3
2019-03-28,YYC-NW,ONLINE,7,190,9.53,181,2019,3
2019-03-28,YYC-SE,IN_STORE,56,1603,80.17,1523,2019,3
2019-03-28,YYC-SE,ONLINE,4,130,6.53,124,2019,3
2019-03-29,YYC-DT,IN_STORE,64,2398,119.92,2278,2019,3
2019-03-29,YYC-DT,ONLINE,6,285,14.3,271,2019,3
2019-03-29,YYC-NW,IN_STORE,43,1664,83.22,1581,2019,3
2019-03-29,YYC-NW,ONLINE,5,197,9.89,187,2019,3
2019-03-29,YYC-SE,IN_STORE,45,1453,72.69,1381,2019,3
2019-03-29,YYC-SE,ONLINE,6,127,6.36,120,2019,3
2019-03-30,YYC-DT,IN_STORE,68,2599,129.97,2469,2019,3
2019-03-30,YYC-DT,ONLINE,11,238,11.93,226,2019,3
2019-03-30,YYC-NW,IN_STORE,51,1751,87.56,1663,2019,3
2019-03-30,YYC-NW,ONLINE,7,183,9.19,174,2019,3
2019-03-30,YYC-SE,IN_STORE,45,1529,76.46,1452,2019,3
2019-03-30,YYC-SE,ONLINE,4,155,7.75,147,2019,3
2019-03-31,YYC-DT,IN_STORE,76,2697,134.85,2562,2019,3
2019-03-31,YYC-DT,ONLINE,7,298,14.91,283,2019,3
2019-03-31,YYC-NW,IN_STORE,73,1973,98.67,1874,2019,3
2019-03-31,YYC-NW,ONLINE,5,223,11.18,212,2019,3
2019-03-31,YYC-SE,IN_STORE,47,1562,78.12,1484,2019,3
2019-03-31,YYC-SE,ONLINE,4,152,7.65,145,2019,3
2019-04-01,YYC-DT,IN_STORE,68,2548,127.41,2420,2019,4
2019-04-01,YYC-DT,ONLINE,7,271,13.55,257,2019,4
2019-04-01,YYC-NW,IN_STORE,45,1760,88.0,1672,2019,4
2019-04-01,YYC-NW,ONLINE,8,187,9.35,177,2019,4
2019-04-01,YYC-SE,IN_STORE,38,1415,70.75,1344,2019,4
2019-04-01,YYC-SE,ONLINE,6,149,7.45,141,2019,4
2019-04-02,YYC-DT,IN_STORE,72,2716,135.83,2580,2019,4
2019-04-02,YYC-DT,ONLINE,7,283,14.16,269,2019,4
2019-04-02,YYC-NW,IN_STORE,50,1827,91.4,1736,2019,4
2019-04-02,YYC-NW,ONLINE,5,150,7.5,142,2019,4
2019-04-02,YYC-SE,IN_STORE,53,1491,74.59,1417,2019,4
2019-04-02,YYC-SE,ONLINE,7,168,8.42,159,2019,4
2019-04-03,YYC-DT,IN_STORE,68,2475,123.76,2351,2019,4
2019-04-03,YYC-DT,ONLINE,8,233,11.65,221,2019,4
2019-04-03,YYC-NW,IN_STORE,42,1877,93.87,1783,2019,4
2019-04-03,YYC-NW,ONLINE,4,153,7.67,145,2019,4
2019-04-03,YYC-SE,IN_STORE,40,1424,71.23,1353,2019,4
2019-04-03,YYC-SE,ONLINE,4,117,5.89,111,2019,4
2019-04-04,YYC-DT,IN_STORE,98,2563,128.17,2435,2019,4
2019-04-04,YYC-DT,ONLINE,6,224,11.24,213,2019,4
2019-04-04,YYC-NW,IN_STORE,45,1678,83.93,1594,2019,4
2019-04-04,YYC-NW,ONLINE,5,205,10.26,194,2019,4
2019-04-04,YYC-SE,IN_STORE,49,1489,74.46,1414,2019,4
2019-04-04,YYC-SE,ONLINE,4,156,7.84,148,2019,4
2019-04-05,YYC-DT,IN_STORE,75,2512,125.61,2386,2019,4
2019-04-05,YYC-DT,ONLINE,7,257,12.88,244,2019,4
2019-04-05,YYC-NW,IN_STORE,51,1691,84.58,1606,2019,4
2019-04-05,YYC-NW,ONLINE,6,174,8.74,166,2019,4
2019-04-05,YYC-SE,IN_STORE,46,1467,73.38,1394,2019,4
2019-04-05,YYC-SE,ONLINE,5,196,9.81,186,2019,4
2019-04-06,YYC-DT,IN_STORE,89,2538,126.95,2412,2019,4
2019-04-06,YYC-DT,ONLINE,8,271,13.56,257,2019,4
2019-04-06,YYC-NW,IN_STORE,69,1838,91.91,1746,2019,4
2019-04-06,YYC-NW,ONLINE,8,192,9.62,182,2019,4
2019-04-06,YYC-SE,IN_STORE,39,1479,74.0,1405,2019,4
2019-04-06,YYC-SE,ONLINE,4,205,10.27,195,2019,4
2019-04-07,YYC-DT,IN_STORE,71,2873,143.66,2729,2019,4
2019-04-07,YYC-DT,ONLINE,9,276,13.85,263,2019,4
2019-04-07,YYC-NW,IN_STORE,55,2023,101.17,1922,2019,4
2019-04-07,YYC-NW,ONLINE,5,224,11.23,213,2019,4
2019-04-07,YYC-SE,IN_STORE,50,1681,84.08,1597,2019,4
2019-04-07,YYC-SE,ONLINE,4,142,7.13,135,2019,4
2019-04-08,YYC-DT,IN_STORE,98,2591,129.55,2461,2019,4
2019-04-08,YYC-DT,ONLINE,9,210,10.51,199,2019,4
2019-04-08,YYC-NW,IN_STORE,75,1872,93.65,1779,2019,4
2019-04-08,YYC-NW,ONLINE,4,173,8.67,164,2019,4
2019-04-08,YYC-SE,IN_STORE,38,1523,76.19,1447,2019,4
2019-04-08,YYC-SE,ONLINE,6,150,7.54,143,2019,4
2019-04-09,YYC-DT,IN_STORE,62,2392,119.65,2273,2019,4
2019-04-09,YYC-DT,ONLINE,9,259,12.99,246,2019,4
2019-04-09,YYC-NW,IN_STORE,51,1722,86.12,1636,2019,4
2019-04-09,YYC-NW,ONLINE,4,134,6.71,127,2019,4
2019-04-09,YYC-SE,IN_STORE,54,1547,77.39,1470,2019,4
2019-04-09,YYC-SE,ONLINE,5,168,8.45,160,2019,4
2019-04-10,YYC-DT,IN_STORE,60,2512,125.6,2386,2019,4
2019-04-10,YYC-DT,ONLINE,6,233,11.68,221,2019,4
2019-04-10,YYC-NW,IN_STORE,52,1738,86.91,1651,2019,4
2019-04-10,YYC-NW,ONLINE,5,173,8.69,165,2019,4
2019-04-10,YYC-SE,IN_STORE,48,1456,72.83,1383,2019,4
2019-04-10,YYC-SE,ONLINE,4,184,9.21,175,2019,4
2019-04-11,YYC-DT,IN_STORE,66,2364,118.22,2246,2019,4
2019-04-11,YYC-DT,ONLINE,8,223,11.19,212,2019,4
2019-04-11,YYC-NW,IN_STORE,45,1682,84.12,1598,2019,4
2019-04-11,YYC-NW,ONLINE,5,201,10.07,191,2019,4
2019-04-11,YYC-SE,IN_STORE,46,1395,69.79,1326,2019,4
2019-04-11,YYC-SE,ONLINE,5,158,7.9,150,2019,4
2019-04-12,YYC-DT,IN_STORE,65,2293,114.68,2178,2019,4
2019-04-12,YYC-DT,ONLINE,7,240,12.01,228,2019,4
2019-04-12,YYC-NW,IN_STORE,42,1745,87.3,1658,2019,4
2019-04-12,YYC-NW,ONLINE,7,199,9.99,189,2019,4
2019-04-12,YYC-SE,IN_STORE,37,1437,71.89,1365,2019,4
2019-04-12,YYC-SE,ONLINE,4,139,6.97,132,2019,4
2019-04-13,YYC-DT,IN_STORE,70,2781,139.08,2642,2019,4
2019-04-13,YYC-DT,ONLINE,8,262,13.11,249,2019,4
2019-04-13,YYC-NW,IN_STORE,66,2002,100.14,1902,2019,4
2019-04-13,YYC-NW,ONLINE,7,210,10.54,200,2019,4
2019-04-13,YYC-SE,IN_STORE,59,1714,85.75,1629,2019,4
2019-04-13,YYC-SE,ONLINE,5,146,7.33,139,2019,4
2019-04-14,YYC-DT,IN_STORE,99,2716,135.83,2580,2019,4
2019-04-14,YYC-DT,ONLINE,10,265,13.26,251,2019,4
2019-04-14,YYC-NW,IN_STORE,51,1922,96.12,1826,2019,4
2019-04-14,YYC-NW,ONLINE,8,224,11.22,213,2019,4
2019-04-14,YYC-SE,IN_STORE,39,1509,75.45,1433,2019,4
2019-04-14,YYC-SE,ONLINE,5,196,9.8,186,2019,4
2019-04-15,YYC-DT,IN_STORE,89,2560,128.02,2432,2019,4
2019-04-15,YYC-DT,ONLINE,9,247,12.39,235,2019,4
2019-04-15,YYC-NW,IN_STORE,43,1704,85.21,1619,2019,4
2019-04-15,YYC-NW,ONLINE,6,175,8.8,167,2019,4
2019-04-15,YYC-SE,IN_STORE,43,1545,77.26,1467,2019,4
2019-04-15,YYC-SE,ONLINE,4,150,7.54,143,2019,4
2019-04-16,YYC-DT,IN_STORE,73,2654,132.71,2521,2019,4
2019-04-16,YYC-DT,ONLINE,9,304,15.24,289,2019,4
2019-04-16,YYC-NW,IN_STORE,45,1951,97.58,1854,2019,4
2019-04-16,YYC-NW,ONLINE,7,159,7.99,151,2019,4
2019-04-16,YYC-SE,IN_STORE,62,1526,76.35,1450,2019,4
2019-04-16,YYC-SE,ONLINE,4,162,8.13,154,2019,4
2019-04-17,YYC-DT,IN_STORE,98,2625,131.27,2494,2019,4
2019-04-17,YYC-DT,ONLINE,8,263,13.18,250,2019,4
2019-04-17,YYC-NW,IN_STORE,65,1951,97.58,1854,2019,4
2019-04-17,YYC-NW,ONLINE,6,236,11.82,224,2019,4
2019-04-17,YYC-SE,IN_STORE,44,1675,83.78,1591,2019,4
2019-04-17,YYC-SE,ONLINE,4,138,6.92,131,2019,4
2019-04-18,YYC-DT,IN_STORE,83,2560,128.02,2432,2019,4
2019-04-18,YYC-DT,ONLINE,7,238,11.92,226,2019,4
2019-04-18,YYC-NW,IN_STORE,73,1795,89.77,1705,2019,4
2019-04-18,YYC-NW,ONLINE,7,171,8.56,162,2019,4
2019-04-18,YYC-SE,IN_STORE,49,1415,70.79,1345,2019,4
2019-04-18,YYC-SE,ONLINE,5,143,7.15,135,2019,4
2019-04-19,YYC-DT,IN_STORE,62,2579,128.97,2450,2019,4
2019-04-19,YYC-DT,ONLINE,6,197,9.85,187,2019,4
2019-04-19,YYC-NW,IN_STORE,56,1788,89.44,1699,2019,4
2019-04-19,YYC-NW,ONLINE,8,194,9.7,184,2019,4
2019-04-19,YYC-SE,IN_STORE,52,1439,71.97,1367,2019,4
2019-04-19,YYC-SE,ONLINE,5,133,6.68,126,2019,4
2019-04-20,YYC-DT,IN_STORE,70,2660,133.01,2527,2019,4
2019-04-20,YYC-DT,ONLINE,8,295,14.78,280,2019,4
2019-04-20,YYC-NW,IN_STORE,76,2032,101.63,1931,2019,4
2019-04-20,YYC-NW,ONLINE,8,209,10.48,199,2019,4
2019-04-20,YYC-SE,IN_STORE,42,1763,88.16,1675,2019,4
2019-04-20,YYC-SE,ONLINE,4,147,7.37,140,2019,4
2019-04-21,YYC-DT,IN_STORE,62,2436,121.81,2314,2019,4
2019-04-21,YYC-DT,ONLINE,6,223,11.18,212,2019,4
2019-04-21,YYC-NW,IN_STORE,63,1750,87.52,1662,2019,4
2019-04-21,YYC-NW,ONLINE,6,190,9.54,181,2019,4
2019-04-21,YYC-SE,IN_STORE,52,1505,75.26,1430,2019,4
2019-04-21,YYC-SE,ONLINE,4,135,6.79,129,2019,4
2019-04-22,YYC-DT,IN_STORE,75,2660,133.0,2527,2019,4
2019-04-22,YYC-DT,ONLINE,7,251,12.57,238,2019,4
2019-04-22,YYC-NW,IN_STORE,52,1802,90.1,1711,2019,4
2019-04-22,YYC-NW,ONLINE,6,178,8.91,169,2019,4
2019-04-22,YYC-SE,IN_STORE,38,1559,77.98,1481,2019,4
2019-04-22,YYC-SE,ONLINE,6,179,8.99,170,2019,4
2019-04-23,YYC-DT,IN_STORE,68,2391,119.6,2272,2019,4
2019-04-23,YYC-DT,ONLINE,7,263,13.16,250,2019,4
2019-04-23,YYC-NW,IN_STORE,54,1741,87.09,1654,2019,4
2019-04-23,YYC-NW,ONLINE,5,181,9.06,172,2019,4
2019-04-23,YYC-SE,IN_STORE,43,1594,79.71,1514,2019,4
2019-04-23,YYC-SE,ONLINE,5,129,6.45,122,2019,4
2019-04-24,YYC-DT,IN_STORE,107,2730,136.52,2593,2019,4
2019-04-24,YYC-DT,ONLINE,8,333,16.67,316,2019,4
2019-04-24,YYC-NW,IN_STORE,72,1944,97.24,1847,2019,4
2019-04-24,YYC-NW,ONLINE,6,289,14.49,275,2019,4
2019-04-24,YYC-SE,IN_STORE,56,1676,83.82,1592,2019,4
2019-04-24,YYC-SE,ONLINE,6,195,9.78,185,2019,4
2019-04-25,YYC-DT,IN_STORE,75,2656,132.8,2523,2019,4
2019-04-25,YYC-DT,ONLINE,9,302,15.14,287,2019,4
2019-04-25,YYC-NW,IN_STORE,44,1625,81.3,1544,2019,4
2019-04-25,YYC-NW,ONLINE,6,157,7.89,149,2019,4
2019-04-25,YYC-SE,IN_STORE,49,1443,72.15,1370,2019,4
2019-04-25,YYC-SE,ONLINE,4,124,6.22,118,2019,4
2019-04-26,YYC-DT,IN_STORE,74,2506,125.34,2381,2019,4
2019-04-26,YYC-DT,ONLINE,7,298,14.9,283,2019,4
2019-04-26,YYC-NW,IN_STORE,48,1743,87.2,1656,2019,4
2019-04-26,YYC-NW,ONLINE,5,190,9.5,180,2019,4
2019-04-26,YYC-SE,IN_STORE,52,1515,75.78,1439,2019,4
2019-04-26,YYC-SE,ONLINE,4,134,6.71,127,2019,4
2019-04-27,YYC-DT,IN_STORE,87,2822,141.12,2681,2019,4
2019-04-27,YYC-DT,ONLINE,7,284,14.2,269,2019,4
2019-04-27,YYC-NW,IN_STORE,51,1906,95.3,1810,2019,4
2019-04-27,YYC-NW,ONLINE,7,209,10.46,198,2019,4
2019-04-27,YYC-SE,IN_STORE,51,1750,87.51,1662,2019,4
2019-04-27,YYC-SE,ONLINE,4,150,7.54,143,2019,4
2019-04-28,YYC-DT,IN_STORE,94,2582,129.12,2453,2019,4
2019-04-28,YYC-DT,ONLINE,11,310,15.52,294,2019,4
2019-04-28,YYC-NW,IN_STORE,72,1876,93.82,1782,2019,4
2019-04-28,YYC-NW,ONLINE,8,189,9.49,180,2019,4
2019-04-28,YYC-SE,IN_STORE,42,1604,80.2,1523,2019,4
2019-04-28,YYC-SE,ONLINE,5,153,7.65,145,2019,4
2019-04-29,YYC-DT,IN_STORE,64,2651,132.58,2518,2019,4
2019-04-29,YYC-DT,ONLINE,11,278,13.92,264,2019,4
2019-04-29,YYC-NW,IN_STORE,63,2023,101.16,1921,2019,4
2019-04-29,YYC-NW,ONLINE,7,204,10.24,194,2019,4
2019-04-29,YYC-SE,IN_STORE,47,1555,77.8,1478,2019,4
2019-04-29,YYC-SE,ONLINE,5,161,8.07,153,2019,4
2019-04-30,YYC-DT,IN_STORE,65,2571,128.6,2443,2019,4
2019-04-30,YYC-DT,ONLINE,7,320,16.0,304,2019,4
2019-04-30,YYC-NW,IN_STORE,73,1895,94.78,1800,2019,4
2019-04-30,YYC-NW,ONLINE,6,177,8.88,168,2019,4
2019-04-30,YYC-SE,IN_STORE,50,1521,76.07,1445,2019,4
2019-04-30,YYC-SE,ONLINE,5,181,9.07,172,2019,4
2019-05-01,YYC-DT,IN_STORE,79,2690,134.55,2556,2019,5
2019-05-01,YYC-DT,ONLINE,11,300,15.01,285,2019,5
2019-05-01,YYC-NW,IN_STORE,73,1889,94.46,1794,2019,5
2019-05-01,YYC-NW,ONLINE,5,175,8.76,166,2019,5
2019-05-01,YYC-SE,IN_STORE,47,1577,78.89,1498,2019,5
2019-05-01,YYC-SE,ONLINE,5,202,10.13,192,2019,5
2019-05-02,YYC-DT,IN_STORE,59,2329,116.49,2213,2019,5
2019-05-02,YYC-DT,ONLINE,8,264,13.23,251,2019,5
2019-05-02,YYC-NW,IN_STORE,65,1567,78.36,1488,2019,5
2019-05-02,YYC-NW,ONLINE,7,205,10.27,195,2019,5
2019-05-02,YYC-SE,IN_STORE,39,1374,68.74,1306,2019,5
2019-05-02,YYC-SE,ONLINE,5,191,9.6,182,2019,5
2019-05-03,YYC-DT,IN_STORE,101,2716,135.82,2580,2019,5
2019-05-03,YYC-DT,ONLINE,7,243,12.17,231,2019,5
2019-05-03,YYC-NW,IN_STORE,49,2066,103.32,1963,2019,5
2019-05-03,YYC-NW,ONLINE,8,237,11.89,225,2019,5
2019-05-03,YYC-SE,IN_STORE,46,1671,83.59,1588,2019,5
2019-05-03,YYC-SE,ONLINE,6,153,7.68,145,2019,5
2019-05-04,YYC-DT,IN_STORE,74,2589,129.46,2459,2019,5
2019-05-04,YYC-DT,ONLINE,8,209,10.48,199,2019,5
2019-05-04,YYC-NW,IN_STORE,67,1939,96.99,1842,2019,5
2019-05-04,YYC-NW,ONLINE,7,199,9.98,189,2019,5
2019-05-04,YYC-SE,IN_STORE,40,1626,81.31,1544,2019,5
2019-05-04,YYC-SE,ONLINE,7,193,9.69,184,2019,5
2019-05-05,YYC-DT,IN_STORE,75,2866,143.3,2722,2019,5
2019-05-05,YYC-DT,ONLINE,8,289,14.48,275,2019,5
2019-05-05,YYC-NW,IN_STORE,85,2052,102.61,1949,2019,5
2019-05-05,YYC-NW,ONLINE,8,215,10.76,204,2019,5
2019-05-05,YYC-SE,IN_STORE,60,1764,88.24,1676,2019,5
2019-05-05,YYC-SE,ONLINE,5,156,7.84,149,2019,5
2019-05-06,YYC-DT,IN_STORE,106,2900,145.04,2755,2019,5
2019-05-06,YYC-DT,ONLINE,9,319,15.97,303,2019,5
2019-05-06,YYC-NW,IN_STORE,83,2037,101.88,1935,2019,5
2019-05-06,YYC-NW,ONLINE,5,225,11.28,214,2019,5
2019-05-06,YYC-SE,IN_STORE,42,1738,86.93,1651,2019,5
2019-05-06,YYC-SE,ONLINE,6,170,8.53,162,2019,5
2019-05-07,YYC-DT,IN_STORE,69,2448,122.45,2326,2019,5
2019-05-07,YYC-DT,ONLINE,7,217,10.85,206,2019,5
2019-05-07,YYC-NW,IN_STORE,51,1777,88.86,1688,2019,5
2019-05-07,YYC-NW,ONLINE,4,172,8.65,164,2019,5
2019-05-07,YYC-SE,IN_STORE,38,1442,72.13,1370,2019,5
2019-05-07,YYC-SE,ONLINE,4,138,6.94,131,2019,5
2019-05-08,YYC-DT,IN_STORE,97,2453,122.66,2330,2019,5
2019-05-08,YYC-DT,ONLINE,11,270,13.54,257,2019,5
2019-05-08,YYC-NW,IN_STORE,62,1822,91.13,1731,2019,5
2019-05-08,YYC-NW,ONLINE,6,187,9.36,177,2019,5
2019-05-08,YYC-SE,IN_STORE,52,1485,74.29,1411,2019,5
2019-05-08,YYC-SE,ONLINE,5,132,6.64,126,2019,5
2019-05-09,YYC-DT,IN_STORE,77,2630,131.51,2498,2019,5
2019-05-09,YYC-DT,ONLINE,8,296,14.81,281,2019,5
2019-05-09,YYC-NW,IN_STORE,62,1858,92.92,1765,2019,5
2019-05-09,YYC-NW,ONLINE,6,171,8.56,162,2019,5
2019-05-09,YYC-SE,IN_STORE,53,1469,73.46,1395,2019,5
2019-05-09,YYC-SE,ONLINE,4,166,8.35,158,2019,5
2019-05-10,YYC-DT,IN_STORE,82,2532,126.64,2406,2019,5
2019-05-10,YYC-DT,ONLINE,6,247,12.35,234,2019,5
2019-05-10,YYC-NW,IN_STORE,46,1708,85.4,1622,2019,5
2019-05-10,YYC-NW,ONLINE,5,177,8.85,168,2019,5
2019-05-10,YYC-SE,IN_STORE,41,1551,77.58,1474,2019,5
2019-05-10,YYC-SE,ONLINE,5,161,8.09,153,2019,5
2019-05-11,YYC-DT,IN_STORE,68,2575,128.8,2447,2019,5
2019-05-11,YYC-DT,ONLINE,10,275,13.78,261,2019,5
2019-05-11,YYC-NW,IN_STORE,53,1858,92.92,1765,2019,5
2019-05-11,YYC-NW,ONLINE,5,186,9.32,177,2019,5
2019-05-11,YYC-SE,IN_STORE,56,1456,72.82,1383,2019,5
2019-05-11,YYC-SE,ONLINE,5,168,8.43,160,2019,5
2019-05-12,YYC-DT,IN_STORE,85,2743,137.18,2606,2019,5
2019-05-12,YYC-DT,ONLINE,11,276,13.85,263,2019,5
2019-05-12,YYC-NW,IN_STORE,70,2072,103.63,1969,2019,5
2019-05-12,YYC-NW,ONLINE,5,176,8.83,167,2019,5
2019-05-12,YYC-SE,IN_STORE,43,1720,86.0,1634,2019,5
2019-05-12,YYC-SE,ONLINE,5,173,8.67,164,2019,5
2019-05-13,YYC-DT,IN_STORE,87,2427,121.35,2305,2019,5
2019-05-13,YYC-DT,ONLINE,10,234,11.72,222,2019,5
2019-05-13,YYC-NW,IN_STORE,58,1800,90.03,1710,2019,5
2019-05-13,YYC-NW,ONLINE,5,181,9.05,171,2019,5
2019-05-13,YYC-SE,IN_STORE,49,1423,71.16,1352,2019,5
2019-05-13,YYC-SE,ONLINE,4,132,6.64,126,2019,5
2019-05-14,YYC-DT,IN_STORE,82,2770,138.53,2632,2019,5
2019-05-14,YYC-DT,ONLINE,7,278,13.94,264,2019,5
2019-05-14,YYC-NW,IN_STORE,47,1738,86.91,1651,2019,5
2019-05-14,YYC-NW,ONLINE,6,199,9.99,189,2019,5
2019-05-14,YYC-SE,IN_STORE,40,1539,76.98,1462,2019,5
2019-05-14,YYC-SE,ONLINE,5,177,8.86,168,2019,5
2019-05-15,YYC-DT,IN_STORE,70,2495,124.77,2370,2019,5
2019-05-15,YYC-DT,ONLINE,6,296,14.84,282,2019,5
2019-05-15,YYC-NW,IN_STORE,44,1794,89.74,1704,2019,5
2019-05-15,YYC-NW,ONLINE,6,183,9.16,174,2019,5
2019-05-15,YYC-SE,IN_STORE,35,1562,78.12,1484,2019,5
2019-05-15,YYC-SE,ONLINE,6,154,7.73,146,2019,5
2019-05-16,YYC-DT,IN_STORE,109,2796,139.82,2656,2019,5
2019-05-16,YYC-DT,ONLINE,7,266,13.34,253,2019,5
2019-05-16,YYC-NW,IN_STORE,53,1973,98.68,1874,2019,5
2019-05-16,YYC-NW,ONLINE,6,265,13.26,251,2019,5
2019-05-16,YYC-SE,IN_STORE,53,1644,82.22,1562,2019,5
2019-05-16,YYC-SE,ONLINE,4,181,9.1,172,2019,5
2019-05-17,YYC-DT,IN_STORE,66,2421,121.07,2300,2019,5
2019-05-17,YYC-DT,ONLINE,8,266,13.32,253,2019,5
2019-05-17,YYC-NW,IN_STORE,58,1680,84.02,1596,2019,5
2019-05-17,YYC-NW,ONLINE,4,124,6.23,118,2019,5
2019-05-17,YYC-SE,IN_STORE,41,1506,75.34,1431,2019,5
2019-05-17,YYC-SE,ONLINE,4,168,8.42,160,2019,5
2019-05-18,YYC-DT,IN_STORE,90,2709,135.49,2574,2019,5
2019-05-18,YYC-DT,ONLINE,10,281,14.08,267,2019,5
2019-05-18,YYC-NW,IN_STORE,73,1992,99.65,1893,2019,5
2019-05-18,YYC-NW,ONLINE,6,236,11.81,224,2019,5
2019-05-18,YYC-SE,IN_STORE,49,1604,80.24,1524,2019,5
2019-05-18,YYC-SE,ONLINE,5,180,9.03,171,2019,5
2019-05-19,YYC-DT,IN_STORE,114,2976,148.84,2827,2019,5
2019-05-19,YYC-DT,ONLINE,9,278,13.94,264,2019,5
2019-05-19,YYC-NW,IN_STORE,86,2007,100.38,1907,2019,5
2019-05-19,YYC-NW,ONLINE,8,200,10.03,190,2019,5
2019-05-19,YYC-SE,IN_STORE,54,1781,89.07,1692,2019,5
2019-05-19,YYC-SE,ONLINE,5,165,8.27,157,2019,5
2019-05-20,YYC-DT,IN_STORE,57,2276,113.83,2162,2019,5
2019-05-20,YYC-DT,ONLINE,7,224,11.2,212,2019,5
2019-05-20,YYC-NW,IN_STORE,70,1701,85.1,1616,2019,5
2019-05-20,YYC-NW,ONLINE,7,170,8.54,162,2019,5
2019-05-20,YYC-SE,IN_STORE,51,1392,69.62,1322,2019,5
2019-05-20,YYC-SE,ONLINE,4,129,6.48,123,2019,5
2019-05-21,YYC-DT,IN_STORE,62,2564,128.21,2435,2019,5
2019-05-21,YYC-DT,ONLINE,10,301,15.06,286,2019,5
2019-05-21,YYC-NW,IN_STORE,45,1822,91.12,1731,2019,5
2019-05-21,YYC-NW,ONLINE,5,193,9.65,183,2019,5
2019-05-21,YYC-SE,IN_STORE,58,1632,81.63,1550,2019,5
2019-05-21,YYC-SE,ONLINE,4,188,9.4,178,2019,5
2019-05-22,YYC-DT,IN_STORE,87,2832,141.6,2690,2019,5
2019-05-22,YYC-DT,ONLINE,10,303,15.16,288,2019,5
2019-05-22,YYC-NW,IN_STORE,62,2019,100.97,1918,2019,5
2019-05-22,YYC-NW,ONLINE,8,217,10.85,206,2019,5
2019-05-22,YYC-SE,IN_STORE,40,1676,83.8,1592,2019,5
2019-05-22,YYC-SE,ONLINE,4,119,6.0,113,2019,5
2019-05-23,YYC-DT,IN_STORE,65,2467,123.37,2344,2019,5
2019-05-23,YYC-DT,ONLINE,9,261,13.07,248,2019,5
2019-05-23,YYC-NW,IN_STORE,43,1651,82.59,1569,2019,5
2019-05-23,YYC-NW,ONLINE,7,148,7.4,140,2019,5
2019-05-23,YYC-SE,IN_STORE,52,1453,72.67,1380,2019,5
2019-05-23,YYC-SE,ONLINE,4,177,8.87,168,2019,5
2019-05-24,YYC-DT,IN_STORE,98,2533,126.65,2406,2019,5
2019-05-24,YYC-DT,ONLINE,10,274,13.74,261,2019,5
2019-05-24,YYC-NW,IN_STORE,53,1875,93.77,1781,2019,5
2019-05-24,YYC-NW,ONLINE,5,206,10.31,195,2019,5
2019-05-24,YYC-SE,IN_STORE,42,1531,76.57,1454,2019,5
2019-05-24,YYC-SE,ONLINE,5,107,5.37,101,2019,5
2019-05-25,YYC-DT,IN_STORE,72,2730,136.55,2594,2019,5
2019-05-25,YYC-DT,ONLINE,8,330,16.52,313,2019,5
2019-05-25,YYC-NW,IN_STORE,82,2018,100.95,1918,2019,5
2019-05-25,YYC-NW,ONLINE,5,195,9.79,186,2019,5
2019-05-25,YYC-SE,IN_STORE,55,1649,82.48,1567,2019,5
2019-05-25,YYC-SE,ONLINE,7,171,8.6,163,2019,5
2019-05-26,YYC-DT,IN_STORE,86,3052,152.63,2900,2019,5
2019-05-26,YYC-DT,ONLINE,9,332,16.63,315,2019,5
2019-05-26,YYC-NW,IN_STORE,50,2100,105.0,1995,2019,5
2019-05-26,YYC-NW,ONLINE,5,192,9.63,182,2019,5
2019-05-26,YYC-SE,IN_STORE,43,1787,89.37,1697,2019,5
2019-05-26,YYC-SE,ONLINE,5,177,8.88,168,2019,5
2019-05-27,YYC-DT,IN_STORE,58,2382,119.11,2263,2019,5
2019-05-27,YYC-DT,ONLINE,11,284,14.22,270,2019,5
2019-05-27,YYC-NW,IN_STORE,69,1792,89.64,1703,2019,5
2019-05-27,YYC-NW,ONLINE,6,163,8.15,154,2019,5
2019-05-27,YYC-SE,IN_STORE,43,1440,72.01,1368,2019,5
2019-05-27,YYC-SE,ONLINE,6,159,8.0,151,2019,5
2019-05-28,YYC-DT,IN_STORE,75,2447,122.39,2325,2019,5
2019-05-28,YYC-DT,ONLINE,9,256,12.81,243,2019,5
2019-05-28,YYC-NW,IN_STORE,44,1623,81.19,1542,2019,5
2019-05-28,YYC-NW,ONLINE,6,159,8.0,151,2019,5
2019-05-28,YYC-SE,IN_STORE,42,1459,72.96,1386,2019,5
2019-05-28,YYC-SE,ONLINE,4,173,8.7,165,2019,5
2019-05-29,YYC-DT,IN_STORE,86,2662,133.12,2529,2019,5
2019-05-29,YYC-DT,ONLINE,9,289,14.48,275,2019,5
2019-05-29,YYC-NW,IN_STORE,45,1822,91.13,1731,2019,5
2019-05-29,YYC-NW,ONLINE,7,215,10.77,204,2019,5
2019-05-29,YYC-SE,IN_STORE,57,1591,79.58,1511,2019,5
2019-05-29,YYC-SE,ONLINE,4,175,8.75,166,2019,5
2019-05-30,YYC-DT,IN_STORE,63,2640,132.05,2508,2019,5
2019-05-30,YYC-DT,ONLINE,6,278,13.9,264,2019,5
2019-05-30,YYC-NW,IN_STORE,68,1799,89.98,1709,2019,5
2019-05-30,YYC-NW,ONLINE,7,194,9.71,184,2019,5
2019-05-30,YYC-SE,IN_STORE,58,1550,77.5,1472,2019,5
2019-05-30,YYC-SE,ONLINE,5,183,9.15,173,2019,5
2019-05-31,YYC-DT,IN_STORE,76,2473,123.67,2349,2019,5
2019-05-31,YYC-DT,ONLINE,10,291,14.59,277,2019,5
2019-05-31,YYC-NW,IN_STORE,55,1887,94.39,1793,2019,5
2019-05-31,YYC-NW,ONLINE,8,177,8.88,168,2019,5
2019-05-31,YYC-SE,IN_STORE,55,1639,81.99,1557,2019,5
2019-05-31,YYC-SE,ONLINE,4,130,6.54,124,2019,5
2019-06-01,YYC-DT,IN_STORE,82,2879,143.99,2735,2019,6
2019-06-01,YYC-DT,ONLINE,7,283,14.19,269,2019,6
2019-06-01,YYC-NW,IN_STORE,51,2104,105.22,1999,2019,6
2019-06-01,YYC-NW,ONLINE,6,238,11.91,226,2019,6
2019-06-01,YYC-SE,IN_STORE,54,1781,89.06,1692,2019,6
2019-06-01,YYC-SE,ONLINE,4,160,8.04,152,2019,6
2019-06-02,YYC-DT,IN_STORE,75,2781,139.05,2641,2019,6
2019-06-02,YYC-DT,ONLINE,9,257,12.88,244,2019,6
2019-06-02,YYC-NW,IN_STORE,72,1965,98.27,1867,2019,6
2019-06-02,YYC-NW,ONLINE,6,193,9.67,183,2019,6
2019-06-02,YYC-SE,IN_STORE,62,1657,82.85,1574,2019,6
2019-06-02,YYC-SE,ONLINE,5,150,7.54,143,2019,6
2019-06-03,YYC-DT,IN_STORE,81,2761,138.09,2623,2019,6
2019-06-03,YYC-DT,ONLINE,12,251,12.57,238,2019,6
2019-06-03,YYC-NW,IN_STORE,46,1859,92.99,1766,2019,6
2019-06-03,YYC-NW,ONLINE,5,182,9.15,173,2019,6
2019-06-03,YYC-SE,IN_STORE,57,1673,83.69,1590,2019,6
2019-06-03,YYC-SE,ONLINE,4,187,9.39,178,2019,6
2019-06-04,YYC-DT,IN_STORE,82,2506,125.32,2380,2019,6
2019-06-04,YYC-DT,ONLINE,7,219,10.98,208,2019,6
2019-06-04,YYC-NW,IN_STORE,58,1796,89.84,1707,2019,6
2019-06-04,YYC-NW,ONLINE,5,215,10.77,204,2019,6
2019-06-04,YYC-SE,IN_STORE,38,1513,75.67,1437,2019,6
2019-06-04,YYC-SE,ONLINE,5,225,11.29,214,2019,6
2019-06-05,YYC-DT,IN_STORE,85,2516,125.83,2390,2019,6
2019-06-05,YYC-DT,ONLINE,8,282,14.15,268,2019,6
2019-06-05,YYC-NW,IN_STORE,48,1709,85.46,1623,2019,6
2019-06-05,YYC-NW,ONLINE,4,155,7.77,147,2019,6
2019-06-05,YYC-SE,IN_STORE,39,1562,78.12,1484,2019,6
2019-06-05,YYC-SE,ONLINE,6,151,7.57,143,2019,6
2019-06-06,YYC-DT,IN_STORE,85,2939,146.95,2792,2019,6
2019-06-06,YYC-DT,ONLINE,8,292,14.6,277,2019,6
2019-06-06,YYC-NW,IN_STORE,69,1978,98.91,1879,2019,6
2019-06-06,YYC-NW,ONLINE,7,222,11.14,211,2019,6
2019-06-06,YYC-SE,IN_STORE,42,1792,89.61,1702,2019,6
2019-06-06,YYC-SE,ONLINE,5,130,6.54,124,2019,6
2019-06-07,YYC-DT,IN_STORE,66,2816,140.82,2675,2019,6
2019-06-07,YYC-DT,ONLINE,8,223,11.18,212,2019,6
2019-06-07,YYC-NW,IN_STORE,65,1983,99.18,1884,2019,6
2019-06-07,YYC-NW,ONLINE,5,239,11.95,227,2019,6
2019-06-07,YYC-SE,IN_STORE,66,1682,84.12,1598,2019,6
2019-06-07,YYC-SE,ONLINE,6,199,9.99,189,2019,6
2019-06-08,YYC-DT,IN_STORE,109,2718,135.93,2582,2019,6
2019-06-08,YYC-DT,ONLINE,12,308,15.44,293,2019,6
2019-06-08,YYC-NW,IN_STORE,56,1805,90.28,1715,2019,6
2019-06-08,YYC-NW,ONLINE,5,184,9.21,175,2019,6
2019-06-08,YYC-SE,IN_STORE,59,1704,85.24,1619,2019,6
2019-06-08,YYC-SE,ONLINE,5,197,9.88,187,2019,6
2019-06-09,YYC-DT,IN_STORE,86,3126,156.33,2970,2019,6
2019-06-09,YYC-DT,ONLINE,8,355,17.79,337,2019,6
2019-06-09,YYC-NW,IN_STORE,86,2128,106.42,2022,2019,6
2019-06-09,YYC-NW,ONLINE,9,233,11.67,221,2019,6
2019-06-09,YYC-SE,IN_STORE,71,1852,92.64,1760,2019,6
2019-06-09,YYC-SE,ONLINE,7,171,8.57,162,2019,6
2019-06-10,YYC-DT,IN_STORE,62,2723,136.2,2587,2019,6
2019-06-10,YYC-DT,ONLINE,9,301,15.09,286,2019,6
2019-06-10,YYC-NW,IN_STORE,66,1796,89.81,1706,2019,6
2019-06-10,YYC-NW,ONLINE,7,190,9.52,180,2019,6
2019-06-10,YYC-SE,IN_STORE,47,1501,75.07,1426,2019,6
2019-06-10,YYC-SE,ONLINE,5,145,7.25,137,2019,6
2019-06-11,YYC-DT,IN_STORE,88,2766,138.31,2627,2019,6
2019-06-11,YYC-DT,ONLINE,8,278,13.92,264,2019,6
2019-06-11,YYC-NW,IN_STORE,47,1985,99.27,1886,2019,6
2019-06-11,YYC-NW,ONLINE,7,181,9.1,172,2019,6
2019-06-11,YYC-SE,IN_STORE,66,1734,86.73,1647,2019,6
2019-06-11,YYC-SE,ONLINE,5,176,8.83,167,2019,6
2019-06-12,YYC-DT,IN_STORE,88,2799,139.98,2659,2019,6
2019-06-12,YYC-DT,ONLINE,8,319,15.97,303,2019,6
2019-06-12,YYC-NW,IN_STORE,61,1927,96.39,1831,2019,6
2019-06-12,YYC-NW,ONLINE,8,208,10.45,198,2019,6
2019-06-12,YYC-SE,IN_STORE,52,1685,84.28,1601,2019,6
2019-06-12,YYC-SE,ONLINE,6,159,7.98,151,2019,6
2019-06-13,YYC-DT,IN_STORE,91,2495,124.79,2371,2019,6
2019-06-13,YYC-DT,ONLINE,7,281,14.05,266,2019,6
2019-06-13,YYC-NW,IN_STORE,44,1728,86.43,1642,2019,6
2019-06-13,YYC-NW,ONLINE,5,169,8.5,161,2019,6
2019-06-13,YYC-SE,IN_STORE,37,1549,77.47,1471,2019,6
2019-06-13,YYC-SE,ONLINE,6,161,8.07,153,2019,6
2019-06-14,YYC-DT,IN_STORE,67,2783,139.16,2644,2019,6
2019-06-14,YYC-DT,ONLINE,8,277,13.88,263,2019,6
2019-06-14,YYC-NW,IN_STORE,57,1904,95.23,1809,2019,6
2019-06-14,YYC-NW,ONLINE,5,176,8.83,167,2019,6
2019-06-14,YYC-SE,IN_STORE,46,1622,81.12,1541,2019,6
2019-06-14,YYC-SE,ONLINE,5,162,8.11,154,2019,6
2019-06-15,YYC-DT,IN_STORE,103,2908,145.42,2762,2019,6
2019-06-15,YYC-DT,ONLINE,8,362,18.12,344,2019,6
2019-06-15,YYC-NW,IN_STORE,56,2085,104.27,1981,2019,6
2019-06-15,YYC-NW,ONLINE,5,161,8.09,153,2019,6
2019-06-15,YYC-SE,IN_STORE,59,1666,83.34,1583,2019,6
2019-06-15,YYC-SE,ONLINE,6,156,7.81,148,2019,6
2019-06-16,YYC-DT,IN_STORE,122,2993,149.69,2844,2019,6
2019-06-16,YYC-DT,ONLINE,8,329,16.48,313,2019,6
2019-06-16,YYC-NW,IN_STORE,84,2154,107.72,2046,2019,6
2019-06-16,YYC-NW,ONLINE,7,231,11.57,219,2019,6
2019-06-16,YYC-SE,IN_STORE,46,1786,89.34,1697,2019,6
2019-06-16,YYC-SE,ONLINE,7,207,10.37,196,2019,6
2019-06-17,YYC-DT,IN_STORE,86,2914,145.73,2768,2019,6
2019-06-17,YYC-DT,ONLINE,8,313,15.66,297,2019,6
2019-06-17,YYC-NW,IN_STORE,55,1939,96.95,1842,2019,6
2019-06-17,YYC-NW,ONLINE,6,245,12.29,233,2019,6
2019-06-17,YYC-SE,IN_STORE,42,1659,83.0,1576,2019,6
2019-06-17,YYC-SE,ONLINE,6,171,8.57,162,2019,6
2019-06-18,YYC-DT,IN_STORE,70,2629,131.45,2497,2019,6
2019-06-18,YYC-DT,ONLINE,9,294,14.72,279,2019,6
2019-06-18,YYC-NW,IN_STORE,58,1838,91.95,1747,2019,6
2019-06-18,YYC-NW,ONLINE,6,175,8.77,166,2019,6
2019-06-18,YYC-SE,IN_STORE,61,1556,77.85,1479,2019,6
2019-06-18,YYC-SE,ONLINE,4,138,6.95,131,2019,6
2019-06-19,YYC-DT,IN_STORE,69,2528,126.43,2402,2019,6
2019-06-19,YYC-DT,ONLINE,9,278,13.91,264,2019,6
2019-06-19,YYC-NW,IN_STORE,56,1771,88.56,1682,2019,6
2019-06-19,YYC-NW,ONLINE,7,195,9.78,185,2019,6
2019-06-19,YYC-SE,IN_STORE,57,1567,78.38,1489,2019,6
2019-06-19,YYC-SE,ONLINE,4,140,7.05,133,2019,6
2019-06-20,YYC-DT,IN_STORE,61,2412,120.62,2291,2019,6
2019-06-20,YYC-DT,ONLINE,10,267,13.39,254,2019,6
2019-06-20,YYC-NW,IN_STORE,67,1787,89.36,1697,2019,6
2019-06-20,YYC-NW,ONLINE,4,195,9.75,185,2019,6
2019-06-20,YYC-SE,IN_STORE,47,1517,75.85,1441,2019,6
2019-06-20,YYC-SE,ONLINE,4,141,7.08,134,2019,6
2019-06-21,YYC-DT,IN_STORE,70,2572,128.63,2443,2019,6
2019-06-21,YYC-DT,ONLINE,6,242,12.12,230,2019,6
2019-06-21,YYC-NW,IN_STORE,52,1822,91.1,1731,2019,6
2019-06-21,YYC-NW,ONLINE,7,177,8.85,168,2019,6
2019-06-21,YYC-SE,IN_STORE,61,1526,76.34,1450,2019,6
2019-06-21,YYC-SE,ONLINE,6,178,8.92,169,2019,6
2019-06-22,YYC-DT,IN_STORE,101,2984,149.24,2835,2019,6
2019-06-22,YYC-DT,ONLINE,8,352,17.61,334,2019,6
2019-06-22,YYC-NW,IN_STORE,61,2066,103.33,1963,2019,6
2019-06-22,YYC-NW,ONLINE,8,229,11.49,218,2019,6
2019-06-22,YYC-SE,IN_STORE,64,1835,91.76,1743,2019,6
2019-06-22,YYC-SE,ONLINE,4,173,8.67,164,2019,6
2019-06-23,YYC-DT,IN_STORE,72,2936,146.81,2789,2019,6
2019-06-23,YYC-DT,ONLINE,8,309,15.45,293,2019,6
2019-06-23,YYC-NW,IN_STORE,59,2114,105.7,2008,2019,6
2019-06-23,YYC-NW,ONLINE,6,227,11.37,216,2019,6
2019-06-23,YYC-SE,IN_STORE,43,1665,83.28,1582,2019,6
2019-06-23,YYC-SE,ONLINE,8,176,8.8,167,2019,6
2019-06-24,YYC-DT,IN_STORE,90,2572,128.64,2444,2019,6
2019-06-24,YYC-DT,ONLINE,10,296,14.82,281,2019,6
2019-06-24,YYC-NW,IN_STORE,73,1912,95.61,1816,2019,6
2019-06-24,YYC-NW,ONLINE,7,165,8.29,157,2019,6
2019-06-24,YYC-SE,IN_STORE,39,1632,81.62,1550,2019,6
2019-06-24,YYC-SE,ONLINE,7,160,8.04,152,2019,6
2019-06-25,YYC-DT,IN_STORE,94,2654,132.73,2521,2019,6
2019-06-25,YYC-DT,ONLINE,11,319,15.98,303,2019,6
2019-06-25,YYC-NW,IN_STORE,67,1970,98.51,1871,2019,6
2019-06-25,YYC-NW,ONLINE,7,215,10.78,204,2019,6
2019-06-25,YYC-SE,IN_STORE,57,1715,85.79,1630,2019,6
2019-06-25,YYC-SE,ONLINE,4,129,6.48,123,2019,6
2019-06-26,YYC-DT,IN_STORE,66,2677,133.87,2543,2019,6
2019-06-26,YYC-DT,ONLINE,9,258,12.92,245,2019,6
2019-06-26,YYC-NW,IN_STORE,62,1912,95.61,1816,2019,6
2019-06-26,YYC-NW,ONLINE,8,208,10.43,198,2019,6
2019-06-26,YYC-SE,IN_STORE,39,1530,76.5,1453,2019,6
2019-06-26,YYC-SE,ONLINE,6,182,9.12,173,2019,6
2019-06-27,YYC-DT,IN_STORE,75,2712,135.64,2577,2019,6
2019-06-27,YYC-DT,ONLINE,10,321,16.1,305,2019,6
2019-06-27,YYC-NW,IN_STORE,70,2043,102.17,1941,2019,6
2019-06-27,YYC-NW,ONLINE,6,218,10.92,207,2019,6
2019-06-27,YYC-SE,IN_STORE,63,1740,87.04,1653,2019,6
2019-06-27,YYC-SE,ONLINE,5,148,7.44,141,2019,6
2019-06-28,YYC-DT,IN_STORE,95,2674,133.73,2540,2019,6
2019-06-28,YYC-DT,ONLINE,7,342,17.1,324,2019,6
2019-06-28,YYC-NW,IN_STORE,66,1883,94.19,1789,2019,6
2019-06-28,YYC-NW,ONLINE,8,172,8.63,163,2019,6
2019-06-28,YYC-SE,IN_STORE,39,1519,75.99,1443,2019,6
2019-06-28,YYC-SE,ONLINE,5,146,7.31,138,2019,6
2019-06-29,YYC-DT,IN_STORE,81,3276,163.83,3112,2019,6
2019-06-29,YYC-DT,ONLINE,13,359,17.99,341,2019,6
2019-06-29,YYC-NW,IN_STORE,80,2385,119.29,2266,2019,6
2019-06-29,YYC-NW,ONLINE,6,243,12.19,231,2019,6
2019-06-29,YYC-SE,IN_STORE,72,1981,99.1,1882,2019,6
2019-06-29,YYC-SE,ONLINE,6,221,11.06,210,2019,6
2019-06-30,YYC-DT,IN_STORE,123,2881,144.08,2737,2019,6
2019-06-30,YYC-DT,ONLINE,11,340,17.03,323,2019,6
2019-06-30,YYC-NW,IN_STORE,53,2063,103.18,1960,2019,6
2019-06-30,YYC-NW,ONLINE,9,209,10.45,198,2019,6
2019-06-30,YYC-SE,IN_STORE,55,1795,89.75,1705,2019,6
2019-06-30,YYC-SE,ONLINE,6,174,8.72,165,2019,6
2019-07-01,YYC-DT,IN_STORE,84,2396,119.8,2276,2019,7
2019-07-01,YYC-DT,ONLINE,9,235,11.78,223,2019,7
2019-07-01,YYC-NW,IN_STORE,62,1602,80.14,1522,2019,7
2019-07-01,YYC-NW,ONLINE,4,178,8.94,169,2019,7
2019-07-01,YYC-SE,IN_STORE,36,1452,72.64,1380,2019,7
2019-07-01,YYC-SE,ONLINE,6,114,5.7,108,2019,7
2019-07-02,YYC-DT,IN_STORE,63,2465,123.26,2341,2019,7
2019-07-02,YYC-DT,ONLINE,10,263,13.19,250,2019,7
2019-07-02,YYC-NW,IN_STORE,70,1817,90.9,1727,2019,7
2019-07-02,YYC-NW,ONLINE,4,169,8.46,160,2019,7
2019-07-02,YYC-SE,IN_STORE,40,1482,74.15,1408,2019,7
2019-07-02,YYC-SE,ONLINE,5,159,7.98,151,2019,7
2019-07-03,YYC-DT,IN_STORE,110,2539,126.97,2412,2019,7
2019-07-03,YYC-DT,ONLINE,9,234,11.71,222,2019,7
2019-07-03,YYC-NW,IN_STORE,70,1851,92.55,1758,2019,7
2019-07-03,YYC-NW,ONLINE,5,191,9.59,182,2019,7
2019-07-03,YYC-SE,IN_STORE,45,1647,82.37,1565,2019,7
2019-07-03,YYC-SE,ONLINE,5,159,7.98,151,2019,7
2019-07-04,YYC-DT,IN_STORE,106,2536,126.81,2409,2019,7
2019-07-04,YYC-DT,ONLINE,8,262,13.13,249,2019,7
2019-07-04,YYC-NW,IN_STORE,55,1896,94.85,1802,2019,7
2019-07-04,YYC-NW,ONLINE,6,192,9.64,183,2019,7
2019-07-04,YYC-SE,IN_STORE,64,1521,76.06,1445,2019,7
2019-07-04,YYC-SE,ONLINE,7,207,10.38,197,2019,7
2019-07-05,YYC-DT,IN_STORE,96,2678,133.93,2544,2019,7
2019-07-05,YYC-DT,ONLINE,8,338,16.92,321,2019,7
2019-07-05,YYC-NW,IN_STORE,63,1985,99.29,1886,2019,7
2019-07-05,YYC-NW,ONLINE,8,222,11.11,211,2019,7
2019-07-05,YYC-SE,IN_STORE,39,1573,78.67,1494,2019,7
2019-07-05,YYC-SE,ONLINE,6,184,9.21,175,2019,7
2019-07-06,YYC-DT,IN_STORE,79,2826,141.31,2684,2019,7
2019-07-06,YYC-DT,ONLINE,8,269,13.46,255,2019,7
2019-07-06,YYC-NW,IN_STORE,51,2104,105.25,1999,2019,7
2019-07-06,YYC-NW,ONLINE,7,207,10.4,197,2019,7
2019-07-06,YYC-SE,IN_STORE,43,1738,86.94,1651,2019,7
2019-07-06,YYC-SE,ONLINE,4,194,9.72,184,2019,7
2019-07-07,YYC-DT,IN_STORE,92,2795,139.78,2655,2019,7
2019-07-07,YYC-DT,ONLINE,10,322,16.11,306,2019,7
2019-07-07,YYC-NW,IN_STORE,66,2066,103.31,1962,2019,7
2019-07-07,YYC-NW,ONLINE,7,193,9.68,183,2019,7
2019-07-07,YYC-SE,IN_STORE,47,1584,79.2,1504,2019,7
2019-07-07,YYC-SE,ONLINE,5,192,9.6,182,2019,7
2019-07-08,YYC-DT,IN_STORE,65,2469,123.47,2345,2019,7
2019-07-08,YYC-DT,ONLINE,7,254,12.74,242,2019,7
2019-07-08,YYC-NW,IN_STORE,51,1710,85.52,1624,2019,7
2019-07-08,YYC-NW,ONLINE,7,177,8.9,169,2019,7
2019-07-08,YYC-SE,IN_STORE,50,1429,71.46,1357,2019,7
2019-07-08,YYC-SE,ONLINE,4,144,7.25,137,2019,7
2019-07-09,YYC-DT,IN_STORE,70,2429,121.48,2308,2019,7
2019-07-09,YYC-DT,ONLINE,9,258,12.94,245,2019,7
2019-07-09,YYC-NW,IN_STORE,42,1767,88.35,1678,2019,7
2019-07-09,YYC-NW,ONLINE,7,159,7.99,151,2019,7
2019-07-09,YYC-SE,IN_STORE,42,1529,76.47,1453,2019,7
2019-07-09,YYC-SE,ONLINE,4,171,8.55,162,2019,7
2019-07-10,YYC-DT,IN_STORE,70,2646,132.31,2513,2019,7
2019-07-10,YYC-DT,ONLINE,8,310,15.52,294,2019,7
2019-07-10,YYC-NW,IN_STORE,69,1740,87.01,1653,2019,7
2019-07-10,YYC-NW,ONLINE,4,200,10.03,190,2019,7
2019-07-10,YYC-SE,IN_STORE,41,1612,80.64,1532,2019,7
2019-07-10,YYC-SE,ONLINE,4,140,7.0,133,2019,7
2019-07-11,YYC-DT,IN_STORE,65,2624,131.21,2492,2019,7
2019-07-11,YYC-DT,ONLINE,8,279,13.99,265,2019,7
2019-07-11,YYC-NW,IN_STORE,50,2064,103.2,1960,2019,7
2019-07-11,YYC-NW,ONLINE,5,191,9.59,182,2019,7
2019-07-11,YYC-SE,IN_STORE,68,1592,79.62,1512,2019,7
2019-07-11,YYC-SE,ONLINE,4,164,8.23,156,2019,7
2019-07-12,YYC-DT,IN_STORE,65,2558,127.94,2430,2019,7
2019-07-12,YYC-DT,ONLINE,7,237,11.88,225,2019,7
2019-07-12,YYC-NW,IN_STORE,63,1889,94.47,1794,2019,7
2019-07-12,YYC-NW,ONLINE,6,176,8.81,167,2019,7
2019-07-12,YYC-SE,IN_STORE,39,1483,74.2,1409,2019,7
2019-07-12,YYC-SE,ONLINE,5,159,7.97,151,2019,7
2019-07-13,YYC-DT,IN_STORE,74,2807,140.38,2667,2019,7
2019-07-13,YYC-DT,ONLINE,8,289,14.48,275,2019,7
2019-07-13,YYC-NW,IN_STORE,56,1992,99.64,1893,2019,7
2019-07-13,YYC-NW,ONLINE,5,214,10.75,204,2019,7
2019-07-13,YYC-SE,IN_STORE,41,1541,77.06,1464,2019,7
2019-07-13,YYC-SE,ONLINE,7,195,9.79,186,2019,7
2019-07-14,YYC-DT,IN_STORE,92,2951,147.6,2804,2019,7
2019-07-14,YYC-DT,ONLINE,9,310,15.51,294,2019,7
2019-07-14,YYC-NW,IN_STORE,61,1999,99.98,1899,2019,7
2019-07-14,YYC-NW,ONLINE,5,170,8.55,162,2019,7
2019-07-14,YYC-SE,IN_STORE,47,1637,81.86,1555,2019,7
2019-07-14,YYC-SE,ONLINE,4,159,7.96,151,2019,7
2019-07-15,YYC-DT,IN_STORE,66,2671,133.57,2537,2019,7
2019-07-15,YYC-DT,ONLINE,7,297,14.86,282,2019,7
2019-07-15,YYC-NW,IN_STORE,67,1917,95.89,1821,2019,7
2019-07-15,YYC-NW,ONLINE,8,192,9.62,182,2019,7
2019-07-15,YYC-SE,IN_STORE,40,1474,73.71,1400,2019,7
2019-07-15,YYC-SE,ONLINE,4,119,5.97,113,2019,7
2019-07-16,YYC-DT,IN_STORE,67,2453,122.67,2330,2019,7
2019-07-16,YYC-DT,ONLINE,9,306,15.32,291,2019,7
2019-07-16,YYC-NW,IN_STORE,45,1646,82.32,1564,2019,7
2019-07-16,YYC-NW,ONLINE,6,201,10.09,191,2019,7
2019-07-16,YYC-SE,IN_STORE,53,1519,75.98,1443,2019,7
2019-07-16,YYC-SE,ONLINE,4,138,6.93,131,2019,7
2019-07-17,YYC-DT,IN_STORE,62,2577,128.87,2448,2019,7
2019-07-17,YYC-DT,ONLINE,8,225,11.27,214,2019,7
2019-07-17,YYC-NW,IN_STORE,53,1858,92.92,1765,2019,7
2019-07-17,YYC-NW,ONLINE,5,183,9.17,174,2019,7
2019-07-17,YYC-SE,IN_STORE,39,1570,78.53,1492,2019,7
2019-07-17,YYC-SE,ONLINE,7,155,7.77,147,2019,7
2019-07-18,YYC-DT,IN_STORE,85,2607,130.35,2476,2019,7
2019-07-18,YYC-DT,ONLINE,8,264,13.21,251,2019,7
2019-07-18,YYC-NW,IN_STORE,63,1837,91.87,1745,2019,7
2019-07-18,YYC-NW,ONLINE,7,217,10.88,206,2019,7
2019-07-18,YYC-SE,IN_STORE,40,1545,77.29,1468,2019,7
2019-07-18,YYC-SE,ONLINE,5,159,7.97,151,2019,7
2019-07-19,YYC-DT,IN_STORE,77,2483,124.19,2359,2019,7
2019-07-19,YYC-DT,ONLINE,8,316,15.8,300,2019,7
2019-07-19,YYC-NW,IN_STORE,56,1770,88.51,1681,2019,7
2019-07-19,YYC-NW,ONLINE,6,187,9.37,177,2019,7
2019-07-19,YYC-SE,IN_STORE,36,1467,73.4,1394,2019,7
2019-07-19,YYC-SE,ONLINE,4,157,7.87,149,2019,7
2019-07-20,YYC-DT,IN_STORE,72,2800,140.03,2660,2019,7
2019-07-20,YYC-DT,ONLINE,8,271,13.59,258,2019,7
2019-07-20,YYC-NW,IN_STORE,49,2048,102.44,1946,2019,7
2019-07-20,YYC-NW,ONLINE,8,242,12.11,230,2019,7
2019-07-20,YYC-SE,IN_STORE,48,1686,84.35,1602,2019,7
2019-07-20,YYC-SE,ONLINE,6,201,10.06,191,2019,7
2019-07-21,YYC-DT,IN_STORE,85,2969,148.48,2821,2019,7
2019-07-21,YYC-DT,ONLINE,7,337,16.87,320,2019,7
2019-07-21,YYC-NW,IN_STORE,62,2057,102.89,1954,2019,7
2019-07-21,YYC-NW,ONLINE,5,227,11.4,216,2019,7
2019-07-21,YYC-SE,IN_STORE,42,1750,87.51,1662,2019,7
2019-07-21,YYC-SE,ONLINE,5,207,10.37,197,2019,7
2019-07-22,YYC-DT,IN_STORE,68,2717,135.9,2582,2019,7
2019-07-22,YYC-DT,ONLINE,8,305,15.27,290,2019,7
2019-07-22,YYC-NW,IN_STORE,51,1825,91.3,1734,2019,7
2019-07-22,YYC-NW,ONLINE,6,228,11.4,216,2019,7
2019-07-22,YYC-SE,IN_STORE,41,1682,84.11,1598,2019,7
2019-07-22,YYC-SE,ONLINE,4,168,8.43,160,2019,7
2019-07-23,YYC-DT,IN_STORE,85,2717,135.88,2581,2019,7
2019-07-23,YYC-DT,ONLINE,8,300,15.03,285,2019,7
2019-07-23,YYC-NW,IN_STORE,46,1992,99.63,1892,2019,7
2019-07-23,YYC-NW,ONLINE,5,202,10.14,192,2019,7
2019-07-23,YYC-SE,IN_STORE,55,1621,81.08,1540,2019,7
2019-07-23,YYC-SE,ONLINE,7,131,6.59,125,2019,7
2019-07-24,YYC-DT,IN_STORE,62,2548,127.41,2420,2019,7
2019-07-24,YYC-DT,ONLINE,7,243,12.18,231,2019,7
2019-07-24,YYC-NW,IN_STORE,61,1632,81.64,1551,2019,7
2019-07-24,YYC-NW,ONLINE,7,184,9.21,175,2019,7
2019-07-24,YYC-SE,IN_STORE,49,1481,74.08,1407,2019,7
2019-07-24,YYC-SE,ONLINE,4,135,6.75,128,2019,7
2019-07-25,YYC-DT,IN_STORE,60,2484,124.22,2360,2019,7
2019-07-25,YYC-DT,ONLINE,7,259,12.97,246,2019,7
2019-07-25,YYC-NW,IN_STORE,43,1702,85.12,1617,2019,7
2019-07-25,YYC-NW,ONLINE,7,155,7.78,147,2019,7
2019-07-25,YYC-SE,IN_STORE,46,1567,78.39,1489,2019,7
2019-07-25,YYC-SE,ONLINE,4,146,7.35,139,2019,7
2019-07-26,YYC-DT,IN_STORE,97,2689,134.49,2555,2019,7
2019-07-26,YYC-DT,ONLINE,8,304,15.23,289,2019,7
2019-07-26,YYC-NW,IN_STORE,67,1915,95.79,1820,2019,7
2019-07-26,YYC-NW,ONLINE,8,207,10.37,197,2019,7
2019-07-26,YYC-SE,IN_STORE,41,1596,79.84,1516,2019,7
2019-07-26,YYC-SE,ONLINE,6,176,8.82,167,2019,7
2019-07-27,YYC-DT,IN_STORE,89,2964,148.23,2816,2019,7
2019-07-27,YYC-DT,ONLINE,8,261,13.06,248,2019,7
2019-07-27,YYC-NW,IN_STORE,78,2026,101.34,1925,2019,7
2019-07-27,YYC-NW,ONLINE,6,245,12.29,233,2019,7
2019-07-27,YYC-SE,IN_STORE,57,1727,86.36,1640,2019,7
2019-07-27,YYC-SE,ONLINE,4,168,8.43,160,2019,7
2019-07-28,YYC-DT,IN_STORE,75,2969,148.49,2821,2019,7
2019-07-28,YYC-DT,ONLINE,9,325,16.29,309,2019,7
2019-07-28,YYC-NW,IN_STORE,53,2049,102.49,1947,2019,7
2019-07-28,YYC-NW,ONLINE,8,222,11.15,211,2019,7
2019-07-28,YYC-SE,IN_STORE,49,1844,92.25,1752,2019,7
2019-07-28,YYC-SE,ONLINE,5,178,8.94,169,2019,7
2019-07-29,YYC-DT,IN_STORE,121,3103,155.17,2948,2019,7
2019-07-29,YYC-DT,ONLINE,10,302,15.14,287,2019,7
2019-07-29,YYC-NW,IN_STORE,53,2251,112.6,2139,2019,7
2019-07-29,YYC-NW,ONLINE,5,226,11.33,215,2019,7
2019-07-29,YYC-SE,IN_STORE,58,1844,92.23,1752,2019,7
2019-07-29,YYC-SE,ONLINE,6,181,9.06,172,2019,7
2019-07-30,YYC-DT,IN_STORE,82,2617,130.89,2486,2019,7
2019-07-30,YYC-DT,ONLINE,8,313,15.67,297,2019,7
2019-07-30,YYC-NW,IN_STORE,68,1952,97.64,1855,2019,7
2019-07-30,YYC-NW,ONLINE,5,220,11.02,209,2019,7
2019-07-30,YYC-SE,IN_STORE,49,1682,84.12,1598,2019,7
2019-07-30,YYC-SE,ONLINE,4,139,6.97,132,2019,7
2019-07-31,YYC-DT,IN_STORE,101,2608,130.44,2478,2019,7
2019-07-31,YYC-DT,ONLINE,9,302,15.14,287,2019,7
2019-07-31,YYC-NW,IN_STORE,77,1981,99.06,1882,2019,7
2019-07-31,YYC-NW,ONLINE,7,224,11.2,212,2019,7
2019-07-31,YYC-SE,IN_STORE,57,1639,81.99,1557,2019,7
2019-07-31,YYC-SE,ONLINE,7,190,9.54,181,2019,7
2019-08-01,YYC-DT,IN_STORE,83,2754,137.73,2616,2019,8
2019-08-01,YYC-DT,ONLINE,9,242,12.11,230,2019,8
2019-08-01,YYC-NW,IN_STORE,62,1879,93.96,1785,2019,8
2019-08-01,YYC-NW,ONLINE,8,213,10.7,203,2019,8
2019-08-01,YYC-SE,IN_STORE,44,1613,80.68,1533,2019,8
2019-08-01,YYC-SE,ONLINE,4,162,8.12,154,2019,8
2019-08-02,YYC-DT,IN_STORE,102,2814,140.71,2673,2019,8
2019-08-02,YYC-DT,ONLINE,7,273,13.67,259,2019,8
2019-08-02,YYC-NW,IN_STORE,58,1897,94.87,1802,2019,8
2019-08-02,YYC-NW,ONLINE,5,193,9.67,183,2019,8
2019-08-02,YYC-SE,IN_STORE,55,1505,75.27,1430,2019,8
2019-08-02,YYC-SE,ONLINE,6,145,7.3,138,2019,8
2019-08-03,YYC-DT,IN_STORE,92,2747,137.4,2610,2019,8
2019-08-03,YYC-DT,ONLINE,8,309,15.46,293,2019,8
2019-08-03,YYC-NW,IN_STORE,68,1908,95.41,1812,2019,8
2019-08-03,YYC-NW,ONLINE,6,190,9.52,180,2019,8
2019-08-03,YYC-SE,IN_STORE,48,1629,81.46,1547,2019,8
2019-08-03,YYC-SE,ONLINE,5,175,8.77,166,2019,8
2019-08-04,YYC-DT,IN_STORE,112,3000,150.03,2850,2019,8
2019-08-04,YYC-DT,ONLINE,8,306,15.33,291,2019,8
2019-08-04,YYC-NW,IN_STORE,59,2092,104.64,1988,2019,8
2019-08-04,YYC-NW,ONLINE,6,183,9.18,174,2019,8
2019-08-04,YYC-SE,IN_STORE,53,1797,89.85,1707,2019,8
2019-08-04,YYC-SE,ONLINE,6,170,8.54,162,2019,8
2019-08-05,YYC-DT,IN_STORE,102,2493,124.67,2368,2019,8
2019-08-05,YYC-DT,ONLINE,7,267,13.38,254,2019,8
2019-08-05,YYC-NW,IN_STORE,43,1691,84.56,1606,2019,8
2019-08-05,YYC-NW,ONLINE,6,176,8.8,167,2019,8
2019-08-05,YYC-SE,IN_STORE,53,1448,72.42,1376,2019,8
2019-08-05,YYC-SE,ONLINE,4,124,6.21,118,2019,8
2019-08-06,YYC-DT,IN_STORE,63,2601,130.06,2471,2019,8
2019-08-06,YYC-DT,ONLINE,10,270,13.55,257,2019,8
2019-08-06,YYC-NW,IN_STORE,64,1878,93.94,1784,2019,8
2019-08-06,YYC-NW,ONLINE,5,237,11.85,225,2019,8
2019-08-06,YYC-SE,IN_STORE,49,1484,74.22,1410,2019,8
2019-08-06,YYC-SE,ONLINE,6,184,9.23,175,2019,8
2019-08-07,YYC-DT,IN_STORE,99,2480,124.04,2356,2019,8
2019-08-07,YYC-DT,ONLINE,9,275,13.77,261,2019,8
2019-08-07,YYC-NW,IN_STORE,46,1807,90.37,1717,2019,8
2019-08-07,YYC-NW,ONLINE,5,154,7.72,146,2019,8
2019-08-07,YYC-SE,IN_STORE,58,1538,76.91,1461,2019,8
2019-08-07,YYC-SE,ONLINE,6,143,7.16,136,2019,8
2019-08-08,YYC-DT,IN_STORE,64,2445,122.27,2323,2019,8
2019-08-08,YYC-DT,ONLINE,7,271,13.58,257,2019,8
2019-08-08,YYC-NW,IN_STORE,70,1849,92.5,1757,2019,8
2019-08-08,YYC-NW,ONLINE,6,198,9.94,188,2019,8
2019-08-08,YYC-SE,IN_STORE,44,1590,79.51,1510,2019,8
2019-08-08,YYC-SE,ONLINE,4,131,6.57,124,2019,8
2019-08-09,YYC-DT,IN_STORE,83,2902,145.15,2757,2019,8
2019-08-09,YYC-DT,ONLINE,10,331,16.58,314,2019,8
2019-08-09,YYC-NW,IN_STORE,53,2031,101.6,1930,2019,8
2019-08-09,YYC-NW,ONLINE,7,187,9.36,177,2019,8
2019-08-09,YYC-SE,IN_STORE,41,1663,83.18,1580,2019,8
2019-08-09,YYC-SE,ONLINE,5,189,9.5,180,2019,8
2019-08-10,YYC-DT,IN_STORE,98,2492,124.62,2367,2019,8
2019-08-10,YYC-DT,ONLINE,7,296,14.83,281,2019,8
2019-08-10,YYC-NW,IN_STORE,74,1911,95.56,1815,2019,8
2019-08-10,YYC-NW,ONLINE,5,189,9.49,180,2019,8
2019-08-10,YYC-SE,IN_STORE,38,1588,79.44,1509,2019,8
2019-08-10,YYC-SE,ONLINE,4,101,5.07,96,2019,8
2019-08-11,YYC-DT,IN_STORE,82,2914,145.71,2768,2019,8
2019-08-11,YYC-DT,ONLINE,10,319,15.98,303,2019,8
2019-08-11,YYC-NW,IN_STORE,66,2078,103.93,1974,2019,8
2019-08-11,YYC-NW,ONLINE,9,211,10.6,201,2019,8
2019-08-11,YYC-SE,IN_STORE,48,1797,89.9,1708,2019,8
2019-08-11,YYC-SE,ONLINE,7,181,9.07,172,2019,8
2019-08-12,YYC-DT,IN_STORE,59,2413,120.67,2292,2019,8
2019-08-12,YYC-DT,ONLINE,6,240,12.03,228,2019,8
2019-08-12,YYC-NW,IN_STORE,43,1638,81.92,1556,2019,8
2019-08-12,YYC-NW,ONLINE,4,213,10.69,203,2019,8
2019-08-12,YYC-SE,IN_STORE,49,1412,70.62,1341,2019,8
2019-08-12,YYC-SE,ONLINE,4,184,9.24,175,2019,8
2019-08-13,YYC-DT,IN_STORE,69,2473,123.66,2349,2019,8
2019-08-13,YYC-DT,ONLINE,7,234,11.75,223,2019,8
2019-08-13,YYC-NW,IN_STORE,72,1767,88.36,1678,2019,8
2019-08-13,YYC-NW,ONLINE,7,152,7.63,144,2019,8
2019-08-13,YYC-SE,IN_STORE,57,1426,71.35,1355,2019,8
2019-08-13,YYC-SE,ONLINE,5,126,6.32,120,2019,8
2019-08-14,YYC-DT,IN_STORE,106,2580,129.01,2451,2019,8
2019-08-14,YYC-DT,ONLINE,9,293,14.67,278,2019,8
2019-08-14,YYC-NW,IN_STORE,58,1856,92.82,1763,2019,8
2019-08-14,YYC-NW,ONLINE,6,195,9.78,185,2019,8
2019-08-14,YYC-SE,IN_STORE,42,1575,78.75,1496,2019,8
2019-08-14,YYC-SE,ONLINE,5,179,8.97,170,2019,8
2019-08-15,YYC-DT,IN_STORE,81,2483,124.17,2359,2019,8
2019-08-15,YYC-DT,ONLINE,11,269,13.47,256,2019,8
2019-08-15,YYC-NW,IN_STORE,75,1783,89.15,1693,2019,8
2019-08-15,YYC-NW,ONLINE,7,206,10.34,196,2019,8
2019-08-15,YYC-SE,IN_STORE,38,1585,79.27,1506,2019,8
2019-08-15,YYC-SE,ONLINE,6,133,6.68,126,2019,8
2019-08-16,YYC-DT,IN_STORE,63,2356,117.83,2238,2019,8
2019-08-16,YYC-DT,ONLINE,10,187,9.36,177,2019,8
2019-08-16,YYC-NW,IN_STORE,50,1798,89.95,1709,2019,8
2019-08-16,YYC-NW,ONLINE,5,171,8.58,162,2019,8
2019-08-16,YYC-SE,IN_STORE,40,1505,75.27,1430,2019,8
2019-08-16,YYC-SE,ONLINE,4,124,6.21,118,2019,8
2019-08-17,YYC-DT,IN_STORE,67,2728,136.44,2592,2019,8
2019-08-17,YYC-DT,ONLINE,9,249,12.49,237,2019,8
2019-08-17,YYC-NW,IN_STORE,61,1728,86.42,1642,2019,8
2019-08-17,YYC-NW,ONLINE,5,235,11.77,223,2019,8
2019-08-17,YYC-SE,IN_STORE,50,1554,77.73,1476,2019,8
2019-08-17,YYC-SE,ONLINE,6,190,9.54,181,2019,8
2019-08-18,YYC-DT,IN_STORE,78,2881,144.06,2737,2019,8
2019-08-18,YYC-DT,ONLINE,8,319,15.96,303,2019,8
2019-08-18,YYC-NW,IN_STORE,51,2110,105.55,2005,2019,8
2019-08-18,YYC-NW,ONLINE,6,211,10.57,200,2019,8
2019-08-18,YYC-SE,IN_STORE,50,1760,88.03,1672,2019,8
2019-08-18,YYC-SE,ONLINE,5,209,10.48,199,2019,8
2019-08-19,YYC-DT,IN_STORE,85,2363,118.17,2245,2019,8
2019-08-19,YYC-DT,ONLINE,11,279,13.99,265,2019,8
2019-08-19,YYC-NW,IN_STORE,68,1631,81.59,1550,2019,8
2019-08-19,YYC-NW,ONLINE,6,194,9.72,184,2019,8
2019-08-19,YYC-SE,IN_STORE,55,1480,74.04,1406,2019,8
2019-08-19,YYC-SE,ONLINE,5,172,8.61,163,2019,8
2019-08-20,YYC-DT,IN_STORE,87,2509,125.45,2383,2019,8
2019-08-20,YYC-DT,ONLINE,7,264,13.22,251,2019,8
2019-08-20,YYC-NW,IN_STORE,49,1878,93.95,1785,2019,8
2019-08-20,YYC-NW,ONLINE,4,209,10.49,199,2019,8
2019-08-20,YYC-SE,IN_STORE,53,1644,82.23,1562,2019,8
2019-08-20,YYC-SE,ONLINE,4,140,7.02,133,2019,8
2019-08-21,YYC-DT,IN_STORE,83,2560,128.02,2432,2019,8
2019-08-21,YYC-DT,ONLINE,7,288,14.41,273,2019,8
2019-08-21,YYC-NW,IN_STORE,57,1807,90.39,1717,2019,8
2019-08-21,YYC-NW,ONLINE,8,211,10.59,201,2019,8
2019-08-21,YYC-SE,IN_STORE,45,1597,79.85,1517,2019,8
2019-08-21,YYC-SE,ONLINE,5,137,6.88,130,2019,8
2019-08-22,YYC-DT,IN_STORE,84,2415,120.77,2294,2019,8
2019-08-22,YYC-DT,ONLINE,10,231,11.55,219,2019,8
2019-08-22,YYC-NW,IN_STORE,47,1843,92.19,1751,2019,8
2019-08-22,YYC-NW,ONLINE,5,192,9.61,182,2019,8
2019-08-22,YYC-SE,IN_STORE,47,1538,76.93,1461,2019,8
2019-08-22,YYC-SE,ONLINE,6,159,7.99,151,2019,8
2019-08-23,YYC-DT,IN_STORE,86,2939,146.98,2792,2019,8
2019-08-23,YYC-DT,ONLINE,9,371,18.56,352,2019,8
2019-08-23,YYC-NW,IN_STORE,51,2004,100.25,1904,2019,8
2019-08-23,YYC-NW,ONLINE,8,206,10.3,195,2019,8
2019-08-23,YYC-SE,IN_STORE,46,1687,84.38,1603,2019,8
2019-08-23,YYC-SE,ONLINE,5,159,7.99,151,2019,8
2019-08-24,YYC-DT,IN_STORE,96,3080,154.02,2926,2019,8
2019-08-24,YYC-DT,ONLINE,8,310,15.5,294,2019,8
2019-08-24,YYC-NW,IN_STORE,51,2114,105.7,2008,2019,8
2019-08-24,YYC-NW,ONLINE,5,203,10.17,193,2019,8
2019-08-24,YYC-SE,IN_STORE,43,1689,84.46,1604,2019,8
2019-08-24,YYC-SE,ONLINE,4,170,8.53,162,2019,8
2019-08-25,YYC-DT,IN_STORE,90,2497,124.87,2372,2019,8
2019-08-25,YYC-DT,ONLINE,10,309,15.49,294,2019,8
2019-08-25,YYC-NW,IN_STORE,59,1827,91.38,1736,2019,8
2019-08-25,YYC-NW,ONLINE,5,206,10.31,195,2019,8
2019-08-25,YYC-SE,IN_STORE,59,1489,74.47,1414,2019,8
2019-08-25,YYC-SE,ONLINE,4,148,7.42,140,2019,8
2019-08-26,YYC-DT,IN_STORE,80,2565,128.26,2436,2019,8
2019-08-26,YYC-DT,ONLINE,7,270,13.51,256,2019,8
2019-08-26,YYC-NW,IN_STORE,50,1790,89.54,1701,2019,8
2019-08-26,YYC-NW,ONLINE,4,166,8.3,157,2019,8
2019-08-26,YYC-SE,IN_STORE,63,1565,78.26,1486,2019,8
2019-08-26,YYC-SE,ONLINE,6,154,7.7,146,2019,8
2019-08-27,YYC-DT,IN_STORE,79,2470,123.54,2347,2019,8
2019-08-27,YYC-DT,ONLINE,8,243,12.18,231,2019,8
2019-08-27,YYC-NW,IN_STORE,46,1709,85.49,1624,2019,8
2019-08-27,YYC-NW,ONLINE,6,210,10.52,199,2019,8
2019-08-27,YYC-SE,IN_STORE,46,1548,77.42,1470,2019,8
2019-08-27,YYC-SE,ONLINE,5,141,7.08,134,2019,8
2019-08-28,YYC-DT,IN_STORE,90,2617,130.88,2486,2019,8
2019-08-28,YYC-DT,ONLINE,9,265,13.29,252,2019,8
2019-08-28,YYC-NW,IN_STORE,57,1891,94.59,1797,2019,8
2019-08-28,YYC-NW,ONLINE,6,211,10.58,201,2019,8
2019-08-28,YYC-SE,IN_STORE,45,1540,77.02,1463,2019,8
2019-08-28,YYC-SE,ONLINE,7,176,8.84,168,2019,8
2019-08-29,YYC-DT,IN_STORE,76,2452,122.63,2330,2019,8
2019-08-29,YYC-DT,ONLINE,11,276,13.8,262,2019,8
2019-08-29,YYC-NW,IN_STORE,54,1693,84.66,1608,2019,8
2019-08-29,YYC-NW,ONLINE,5,167,8.36,158,2019,8
2019-08-29,YYC-SE,IN_STORE,48,1533,76.68,1456,2019,8
2019-08-29,YYC-SE,ONLINE,6,161,8.08,153,2019,8
2019-08-30,YYC-DT,IN_STORE,64,2505,125.3,2380,2019,8
2019-08-30,YYC-DT,ONLINE,9,258,12.91,245,2019,8
2019-08-30,YYC-NW,IN_STORE,65,1782,89.13,1693,2019,8
2019-08-30,YYC-NW,ONLINE,5,184,9.21,174,2019,8
2019-08-30,YYC-SE,IN_STORE,45,1568,78.4,1489,2019,8
2019-08-30,YYC-SE,ONLINE,4,179,8.95,170,2019,8
2019-08-31,YYC-DT,IN_STORE,74,2948,147.42,2800,2019,8
2019-08-31,YYC-DT,ONLINE,7,299,14.99,284,2019,8
2019-08-31,YYC-NW,IN_STORE,81,2144,107.22,2037,2019,8
2019-08-31,YYC-NW,ONLINE,8,238,11.92,226,2019,8
2019-08-31,YYC-SE,IN_STORE,43,1654,82.74,1572,2019,8
2019-08-31,YYC-SE,ONLINE,5,199,10.0,189,2019,8
2019-09-01,YYC-DT,IN_STORE,77,2926,146.33,2780,2019,9
2019-09-01,YYC-DT,ONLINE,11,314,15.75,299,2019,9
2019-09-01,YYC-NW,IN_STORE,62,2053,102.69,1951,2019,9
2019-09-01,YYC-NW,ONLINE,5,176,8.81,167,2019,9
2019-09-01,YYC-SE,IN_STORE,45,1681,84.07,1597,2019,9
2019-09-01,YYC-SE,ONLINE,5,185,9.3,176,2019,9
2019-09-02,YYC-DT,IN_STORE,57,2378,118.91,2259,2019,9
2019-09-02,YYC-DT,ONLINE,6,241,12.08,229,2019,9
2019-09-02,YYC-NW,IN_STORE,48,1675,83.77,1591,2019,9
2019-09-02,YYC-NW,ONLINE,7,165,8.27,157,2019,9
2019-09-02,YYC-SE,IN_STORE,34,1411,70.55,1340,2019,9
2019-09-02,YYC-SE,ONLINE,4,132,6.64,126,2019,9
2019-09-03,YYC-DT,IN_STORE,67,2457,122.86,2334,2019,9
2019-09-03,YYC-DT,ONLINE,11,274,13.71,260,2019,9
2019-09-03,YYC-NW,IN_STORE,68,1810,90.52,1719,2019,9
2019-09-03,YYC-NW,ONLINE,8,202,10.14,192,2019,9
2019-09-03,YYC-SE,IN_STORE,59,1477,73.87,1403,2019,9
2019-09-03,YYC-SE,ONLINE,4,149,7.47,141,2019,9
2019-09-04,YYC-DT,IN_STORE,79,2513,125.67,2387,2019,9
2019-09-04,YYC-DT,ONLINE,9,246,12.33,234,2019,9
2019-09-04,YYC-NW,IN_STORE,41,1766,88.35,1678,2019,9
2019-09-04,YYC-NW,ONLINE,4,194,9.71,184,2019,9
2019-09-04,YYC-SE,IN_STORE,54,1435,71.78,1363,2019,9
2019-09-04,YYC-SE,ONLINE,4,146,7.31,138,2019,9
2019-09-05,YYC-DT,IN_STORE,81,2458,122.9,2335,2019,9
2019-09-05,YYC-DT,ONLINE,7,235,11.75,223,2019,9
2019-09-05,YYC-NW,IN_STORE,47,1681,84.09,1597,2019,9
2019-09-05,YYC-NW,ONLINE,5,160,8.01,152,2019,9
2019-09-05,YYC-SE,IN_STORE,46,1461,73.09,1388,2019,9
2019-09-05,YYC-SE,ONLINE,5,141,7.07,134,2019,9
2019-09-06,YYC-DT,IN_STORE,100,2780,139.01,2641,2019,9
2019-09-06,YYC-DT,ONLINE,10,303,15.15,287,2019,9
2019-09-06,YYC-NW,IN_STORE,70,1960,98.01,1862,2019,9
2019-09-06,YYC-NW,ONLINE,6,207,10.37,197,2019,9
2019-09-06,YYC-SE,IN_STORE,42,1694,84.73,1609,2019,9
2019-09-06,YYC-SE,ONLINE,4,139,6.98,132,2019,9
2019-09-07,YYC-DT,IN_STORE,96,2862,143.12,2719,2019,9
2019-09-07,YYC-DT,ONLINE,13,297,14.9,283,2019,9
2019-09-07,YYC-NW,IN_STORE,58,2033,101.69,1932,2019,9
2019-09-07,YYC-NW,ONLINE,7,213,10.68,203,2019,9
2019-09-07,YYC-SE,IN_STORE,54,1733,86.7,1647,2019,9
2019-09-07,YYC-SE,ONLINE,4,185,9.3,176,2019,9
2019-09-08,YYC-DT,IN_STORE,72,2493,124.66,2368,2019,9
2019-09-08,YYC-DT,ONLINE,8,239,11.96,227,2019,9
2019-09-08,YYC-NW,IN_STORE,52,1765,88.26,1676,2019,9
2019-09-08,YYC-NW,ONLINE,6,182,9.12,173,2019,9
2019-09-08,YYC-SE,IN_STORE,44,1501,75.1,1426,2019,9
2019-09-08,YYC-SE,ONLINE,4,181,9.06,172,2019,9
2019-09-09,YYC-DT,IN_STORE,73,2667,133.36,2533,2019,9
2019-09-09,YYC-DT,ONLINE,8,261,13.08,248,2019,9
2019-09-09,YYC-NW,IN_STORE,65,1765,88.25,1676,2019,9
2019-09-09,YYC-NW,ONLINE,7,228,11.41,216,2019,9
2019-09-09,YYC-SE,IN_STORE,49,1654,82.72,1571,2019,9
2019-09-09,YYC-SE,ONLINE,7,162,8.11,154,2019,9
2019-09-10,YYC-DT,IN_STORE,87,2721,136.09,2585,2019,9
2019-09-10,YYC-DT,ONLINE,10,299,14.98,284,2019,9
2019-09-10,YYC-NW,IN_STORE,69,1946,97.31,1848,2019,9
2019-09-10,YYC-NW,ONLINE,5,189,9.47,180,2019,9
2019-09-10,YYC-SE,IN_STORE,42,1655,82.75,1572,2019,9
2019-09-10,YYC-SE,ONLINE,5,155,7.77,147,2019,9
2019-09-11,YYC-DT,IN_STORE,75,2437,121.86,2315,2019,9
2019-09-11,YYC-DT,ONLINE,7,231,11.58,220,2019,9
2019-09-11,YYC-NW,IN_STORE,59,1870,93.53,1777,2019,9
2019-09-11,YYC-NW,ONLINE,6,188,9.43,179,2019,9
2019-09-11,YYC-SE,IN_STORE,57,1705,85.28,1620,2019,9
2019-09-11,YYC-SE,ONLINE,4,202,10.12,192,2019,9
2019-09-12,YYC-DT,IN_STORE,59,2308,115.44,2193,2019,9
2019-09-12,YYC-DT,ONLINE,8,246,12.32,233,2019,9
2019-09-12,YYC-NW,IN_STORE,52,1664,83.24,1581,2019,9
2019-09-12,YYC-NW,ONLINE,5,180,9.01,171,2019,9
2019-09-12,YYC-SE,IN_STORE,34,1393,69.69,1324,2019,9
2019-09-12,YYC-SE,ONLINE,5,143,7.17,136,2019,9
2019-09-13,YYC-DT,IN_STORE,63,2493,124.66,2368,2019,9
2019-09-13,YYC-DT,ONLINE,8,269,13.46,255,2019,9
2019-09-13,YYC-NW,IN_STORE,49,1755,87.77,1667,2019,9
2019-09-13,YYC-NW,ONLINE,6,157,7.88,149,2019,9
2019-09-13,YYC-SE,IN_STORE,55,1469,73.49,1396,2019,9
2019-09-13,YYC-SE,ONLINE,4,141,7.06,134,2019,9
2019-09-14,YYC-DT,IN_STORE,73,2777,138.85,2638,2019,9
2019-09-14,YYC-DT,ONLINE,12,323,16.19,307,2019,9
2019-09-14,YYC-NW,IN_STORE,70,2004,100.24,1904,2019,9
2019-09-14,YYC-NW,ONLINE,6,197,9.86,187,2019,9
2019-09-14,YYC-SE,IN_STORE,54,1853,92.69,1761,2019,9
2019-09-14,YYC-SE,ONLINE,5,166,8.3,157,2019,9
2019-09-15,YYC-DT,IN_STORE,75,2747,137.38,2610,2019,9
2019-09-15,YYC-DT,ONLINE,11,291,14.58,277,2019,9
2019-09-15,YYC-NW,IN_STORE,45,1835,91.78,1743,2019,9
2019-09-15,YYC-NW,ONLINE,6,177,8.88,168,2019,9
2019-09-15,YYC-SE,IN_STORE,40,1602,80.13,1522,2019,9
2019-09-15,YYC-SE,ONLINE,4,138,6.94,131,2019,9
2019-09-16,YYC-DT,IN_STORE,78,2651,132.58,2518,2019,9
2019-09-16,YYC-DT,ONLINE,10,250,12.51,237,2019,9
2019-09-16,YYC-NW,IN_STORE,51,1918,95.92,1822,2019,9
2019-09-16,YYC-NW,ONLINE,7,216,10.84,205,2019,9
2019-09-16,YYC-SE,IN_STORE,41,1524,76.25,1448,2019,9
2019-09-16,YYC-SE,ONLINE,6,129,6.46,122,2019,9
2019-09-17,YYC-DT,IN_STORE,105,2703,135.17,2568,2019,9
2019-09-17,YYC-DT,ONLINE,7,292,14.65,278,2019,9
2019-09-17,YYC-NW,IN_STORE,45,1772,88.6,1683,2019,9
2019-09-17,YYC-NW,ONLINE,5,178,8.91,169,2019,9
2019-09-17,YYC-SE,IN_STORE,46,1539,76.96,1462,2019,9
2019-09-17,YYC-SE,ONLINE,4,193,9.7,184,2019,9
2019-09-18,YYC-DT,IN_STORE,58,2482,124.15,2358,2019,9
2019-09-18,YYC-DT,ONLINE,7,290,14.51,275,2019,9
2019-09-18,YYC-NW,IN_STORE,43,1784,89.2,1694,2019,9
2019-09-18,YYC-NW,ONLINE,7,171,8.57,162,2019,9
2019-09-18,YYC-SE,IN_STORE,37,1512,75.64,1437,2019,9
2019-09-18,YYC-SE,ONLINE,5,112,5.64,107,2019,9
2019-09-19,YYC-DT,IN_STORE,64,2597,129.89,2467,2019,9
2019-09-19,YYC-DT,ONLINE,7,250,12.51,237,2019,9
2019-09-19,YYC-NW,IN_STORE,46,1938,96.9,1841,2019,9
2019-09-19,YYC-NW,ONLINE,5,151,7.55,143,2019,9
2019-09-19,YYC-SE,IN_STORE,38,1457,72.87,1384,2019,9
2019-09-19,YYC-SE,ONLINE,6,198,9.9,188,2019,9
2019-09-20,YYC-DT,IN_STORE,74,2208,110.41,2097,2019,9
2019-09-20,YYC-DT,ONLINE,9,235,11.77,223,2019,9
2019-09-20,YYC-NW,IN_STORE,53,1561,78.06,1483,2019,9
2019-09-20,YYC-NW,ONLINE,6,182,9.12,173,2019,9
2019-09-20,YYC-SE,IN_STORE,37,1194,59.71,1134,2019,9
2019-09-20,YYC-SE,ONLINE,5,124,6.23,118,2019,9
2019-09-21,YYC-DT,IN_STORE,105,2561,128.07,2433,2019,9
2019-09-21,YYC-DT,ONLINE,11,268,13.43,255,2019,9
2019-09-21,YYC-NW,IN_STORE,59,1782,89.14,1693,2019,9
2019-09-21,YYC-NW,ONLINE,5,143,7.18,136,2019,9
2019-09-21,YYC-SE,IN_STORE,48,1569,78.49,1491,2019,9
2019-09-21,YYC-SE,ONLINE,5,127,6.36,120,2019,9
2019-09-22,YYC-DT,IN_STORE,71,2660,133.01,2527,2019,9
2019-09-22,YYC-DT,ONLINE,7,249,12.49,237,2019,9
2019-09-22,YYC-NW,IN_STORE,57,1978,98.9,1879,2019,9
2019-09-22,YYC-NW,ONLINE,6,186,9.34,177,2019,9
2019-09-22,YYC-SE,IN_STORE,62,1568,78.42,1490,2019,9
2019-09-22,YYC-SE,ONLINE,5,204,10.24,194,2019,9
2019-09-23,YYC-DT,IN_STORE,82,2432,121.62,2310,2019,9
2019-09-23,YYC-DT,ONLINE,6,254,12.74,242,2019,9
2019-09-23,YYC-NW,IN_STORE,60,1749,87.48,1662,2019,9
2019-09-23,YYC-NW,ONLINE,6,178,8.92,169,2019,9
2019-09-23,YYC-SE,IN_STORE,35,1415,70.79,1345,2019,9
2019-09-23,YYC-SE,ONLINE,5,103,5.16,98,2019,9
2019-09-24,YYC-DT,IN_STORE,76,2548,127.43,2421,2019,9
2019-09-24,YYC-DT,ONLINE,10,269,13.46,255,2019,9
2019-09-24,YYC-NW,IN_STORE,70,1871,93.56,1777,2019,9
2019-09-24,YYC-NW,ONLINE,7,213,10.65,202,2019,9
2019-09-24,YYC-SE,IN_STORE,58,1662,83.12,1579,2019,9
2019-09-24,YYC-SE,ONLINE,6,189,9.49,180,2019,9
2019-09-25,YYC-DT,IN_STORE,55,2438,121.93,2316,2019,9
2019-09-25,YYC-DT,ONLINE,8,219,11.0,208,2019,9
2019-09-25,YYC-NW,IN_STORE,41,1530,76.52,1453,2019,9
2019-09-25,YYC-NW,ONLINE,4,166,8.32,158,2019,9
2019-09-25,YYC-SE,IN_STORE,44,1372,68.64,1304,2019,9
2019-09-25,YYC-SE,ONLINE,4,135,6.77,128,2019,9
2019-09-26,YYC-DT,IN_STORE,101,2412,120.63,2292,2019,9
2019-09-26,YYC-DT,ONLINE,10,255,12.79,243,2019,9
2019-09-26,YYC-NW,IN_STORE,54,1797,89.88,1707,2019,9
2019-09-26,YYC-NW,ONLINE,6,170,8.53,162,2019,9
2019-09-26,YYC-SE,IN_STORE,57,1497,74.88,1422,2019,9
2019-09-26,YYC-SE,ONLINE,5,154,7.75,147,2019,9
2019-09-27,YYC-DT,IN_STORE,94,2548,127.44,2421,2019,9
2019-09-27,YYC-DT,ONLINE,8,256,12.83,243,2019,9
2019-09-27,YYC-NW,IN_STORE,46,1699,84.95,1614,2019,9
2019-09-27,YYC-NW,ONLINE,4,123,6.16,117,2019,9
2019-09-27,YYC-SE,IN_STORE,45,1523,76.15,1446,2019,9
2019-09-27,YYC-SE,ONLINE,5,179,8.97,170,2019,9
2019-09-28,YYC-DT,IN_STORE,108,2913,145.66,2767,2019,9
2019-09-28,YYC-DT,ONLINE,9,294,14.73,279,2019,9
2019-09-28,YYC-NW,IN_STORE,63,2080,104.02,1976,2019,9
2019-09-28,YYC-NW,ONLINE,6,210,10.54,200,2019,9
2019-09-28,YYC-SE,IN_STORE,51,1702,85.11,1617,2019,9
2019-09-28,YYC-SE,ONLINE,5,222,11.15,211,2019,9
2019-09-29,YYC-DT,IN_STORE,72,2559,127.98,2431,2019,9
2019-09-29,YYC-DT,ONLINE,8,255,12.76,242,2019,9
2019-09-29,YYC-NW,IN_STORE,72,1815,90.76,1724,2019,9
2019-09-29,YYC-NW,ONLINE,7,175,8.77,166,2019,9
2019-09-29,YYC-SE,IN_STORE,37,1439,71.95,1367,2019,9
2019-09-29,YYC-SE,ONLINE,7,188,9.45,179,2019,9
2019-09-30,YYC-DT,IN_STORE,80,2717,135.88,2581,2019,9
2019-09-30,YYC-DT,ONLINE,7,321,16.09,305,2019,9
2019-09-30,YYC-NW,IN_STORE,48,1865,93.28,1772,2019,9
2019-09-30,YYC-NW,ONLINE,6,178,8.92,169,2019,9
2019-09-30,YYC-SE,IN_STORE,41,1548,77.41,1470,2019,9
2019-09-30,YYC-SE,ONLINE,4,136,6.82,129,2019,9
2019-10-01,YYC-DT,IN_STORE,88,2590,129.5,2460,2019,10
2019-10-01,YYC-DT,ONLINE,8,323,16.18,307,2019,10
2019-10-01,YYC-NW,IN_STORE,48,1805,90.3,1715,2019,10
2019-10-01,YYC-NW,ONLINE,6,165,8.28,157,2019,10
2019-10-01,YYC-SE,IN_STORE,38,1507,75.39,1432,2019,10
2019-10-01,YYC-SE,ONLINE,6,171,8.59,163,2019,10
2019-10-02,YYC-DT,IN_STORE,87,2438,121.92,2316,2019,10
2019-10-02,YYC-DT,ONLINE,9,255,12.77,242,2019,10
2019-10-02,YYC-NW,IN_STORE,58,1659,82.98,1576,2019,10
2019-10-02,YYC-NW,ONLINE,7,198,9.95,189,2019,10
2019-10-02,YYC-SE,IN_STORE,42,1515,75.77,1439,2019,10
2019-10-02,YYC-SE,ONLINE,6,174,8.74,166,2019,10
2019-10-03,YYC-DT,IN_STORE,70,2677,133.87,2543,2019,10
2019-10-03,YYC-DT,ONLINE,10,285,14.27,271,2019,10
2019-10-03,YYC-NW,IN_STORE,67,1916,95.8,1820,2019,10
2019-10-03,YYC-NW,ONLINE,6,233,11.67,221,2019,10
2019-10-03,YYC-SE,IN_STORE,58,1659,82.95,1576,2019,10
2019-10-03,YYC-SE,ONLINE,5,162,8.13,154,2019,10
2019-10-04,YYC-DT,IN_STORE,88,2688,134.42,2554,2019,10
2019-10-04,YYC-DT,ONLINE,7,253,12.68,240,2019,10
2019-10-04,YYC-NW,IN_STORE,51,1983,99.18,1884,2019,10
2019-10-04,YYC-NW,ONLINE,8,228,11.43,217,2019,10
2019-10-04,YYC-SE,IN_STORE,54,1454,72.71,1381,2019,10
2019-10-04,YYC-SE,ONLINE,7,161,8.1,153,2019,10
2019-10-05,YYC-DT,IN_STORE,86,2822,141.14,2681,2019,10
2019-10-05,YYC-DT,ONLINE,11,300,15.02,285,2019,10
2019-10-05,YYC-NW,IN_STORE,55,1984,99.2,1884,2019,10
2019-10-05,YYC-NW,ONLINE,5,227,11.38,216,2019,10
2019-10-05,YYC-SE,IN_STORE,56,1756,87.85,1669,2019,10
2019-10-05,YYC-SE,ONLINE,6,187,9.4,178,2019,10
2019-10-06,YYC-DT,IN_STORE,98,2890,144.54,2746,2019,10
2019-10-06,YYC-DT,ONLINE,9,327,16.36,310,2019,10
2019-10-06,YYC-NW,IN_STORE,58,2070,103.55,1967,2019,10
2019-10-06,YYC-NW,ONLINE,9,246,12.32,234,2019,10
2019-10-06,YYC-SE,IN_STORE,44,1587,79.39,1508,2019,10
2019-10-06,YYC-SE,ONLINE,5,219,10.99,208,2019,10
2019-10-07,YYC-DT,IN_STORE,89,2536,126.85,2410,2019,10
2019-10-07,YYC-DT,ONLINE,7,278,13.93,264,2019,10
2019-10-07,YYC-NW,IN_STORE,55,1784,89.22,1695,2019,10
2019-10-07,YYC-NW,ONLINE,5,203,10.17,193,2019,10
2019-10-07,YYC-SE,IN_STORE,55,1446,72.32,1374,2019,10
2019-10-07,YYC-SE,ONLINE,6,168,8.45,160,2019,10
2019-10-08,YYC-DT,IN_STORE,63,2512,125.65,2387,2019,10
2019-10-08,YYC-DT,ONLINE,9,294,14.73,279,2019,10
2019-10-08,YYC-NW,IN_STORE,64,1924,96.21,1828,2019,10
2019-10-08,YYC-NW,ONLINE,6,202,10.11,192,2019,10
2019-10-08,YYC-SE,IN_STORE,40,1510,75.52,1434,2019,10
2019-10-08,YYC-SE,ONLINE,4,112,5.61,106,2019,10
2019-10-09,YYC-DT,IN_STORE,104,2715,135.77,2579,2019,10
2019-10-09,YYC-DT,ONLINE,11,305,15.27,290,2019,10
2019-10-09,YYC-NW,IN_STORE,53,1970,98.53,1872,2019,10
2019-10-09,YYC-NW,ONLINE,8,213,10.66,202,2019,10
2019-10-09,YYC-SE,IN_STORE,52,1581,79.08,1502,2019,10
2019-10-09,YYC-SE,ONLINE,7,168,8.42,160,2019,10
2019-10-10,YYC-DT,IN_STORE,85,2855,142.78,2712,2019,10
2019-10-10,YYC-DT,ONLINE,8,272,13.63,259,2019,10
2019-10-10,YYC-NW,IN_STORE,57,2083,104.19,1979,2019,10
2019-10-10,YYC-NW,ONLINE,7,191,9.57,181,2019,10
2019-10-10,YYC-SE,IN_STORE,58,1743,87.18,1656,2019,10
2019-10-10,YYC-SE,ONLINE,4,148,7.45,141,2019,10
2019-10-11,YYC-DT,IN_STORE,63,2427,121.38,2306,2019,10
2019-10-11,YYC-DT,ONLINE,10,252,12.61,239,2019,10
2019-10-11,YYC-NW,IN_STORE,44,1782,89.1,1692,2019,10
2019-10-11,YYC-NW,ONLINE,5,182,9.14,173,2019,10
2019-10-11,YYC-SE,IN_STORE,48,1469,73.47,1395,2019,10
2019-10-11,YYC-SE,ONLINE,5,132,6.63,125,2019,10
2019-10-12,YYC-DT,IN_STORE,80,3219,160.98,3058,2019,10
2019-10-12,YYC-DT,ONLINE,9,330,16.52,313,2019,10
2019-10-12,YYC-NW,IN_STORE,58,2431,121.59,2310,2019,10
2019-10-12,YYC-NW,ONLINE,10,222,11.1,210,2019,10
2019-10-12,YYC-SE,IN_STORE,53,1979,98.96,1880,2019,10
2019-10-12,YYC-SE,ONLINE,6,169,8.47,161,2019,10
2019-10-13,YYC-DT,IN_STORE,87,2714,135.71,2578,2019,10
2019-10-13,YYC-DT,ONLINE,12,304,15.25,289,2019,10
2019-10-13,YYC-NW,IN_STORE,53,1974,98.73,1875,2019,10
2019-10-13,YYC-NW,ONLINE,5,186,9.3,176,2019,10
2019-10-13,YYC-SE,IN_STORE,41,1748,87.44,1661,2019,10
2019-10-13,YYC-SE,ONLINE,6,142,7.14,135,2019,10
2019-10-14,YYC-DT,IN_STORE,78,2637,131.88,2505,2019,10
2019-10-14,YYC-DT,ONLINE,8,279,13.98,265,2019,10
2019-10-14,YYC-NW,IN_STORE,48,1872,93.63,1778,2019,10
2019-10-14,YYC-NW,ONLINE,5,172,8.62,163,2019,10
2019-10-14,YYC-SE,IN_STORE,56,1588,79.45,1509,2019,10
2019-10-14,YYC-SE,ONLINE,5,176,8.81,167,2019,10
2019-10-15,YYC-DT,IN_STORE,77,2734,136.7,2597,2019,10
2019-10-15,YYC-DT,ONLINE,11,271,13.58,257,2019,10
2019-10-15,YYC-NW,IN_STORE,47,1934,96.74,1838,2019,10
2019-10-15,YYC-NW,ONLINE,5,202,10.13,192,2019,10
2019-10-15,YYC-SE,IN_STORE,44,1631,81.58,1550,2019,10
2019-10-15,YYC-SE,ONLINE,5,166,8.33,158,2019,10
2019-10-16,YYC-DT,IN_STORE,73,2681,134.1,2547,2019,10
2019-10-16,YYC-DT,ONLINE,8,317,15.88,301,2019,10
2019-10-16,YYC-NW,IN_STORE,61,1847,92.37,1755,2019,10
2019-10-16,YYC-NW,ONLINE,6,218,10.95,208,2019,10
2019-10-16,YYC-SE,IN_STORE,59,1665,83.27,1582,2019,10
2019-10-16,YYC-SE,ONLINE,4,203,10.16,193,2019,10
2019-10-17,YYC-DT,IN_STORE,78,2579,128.98,2450,2019,10
2019-10-17,YYC-DT,ONLINE,10,251,12.58,239,2019,10
2019-10-17,YYC-NW,IN_STORE,71,1778,88.94,1689,2019,10
2019-10-17,YYC-NW,ONLINE,6,167,8.37,159,2019,10
2019-10-17,YYC-SE,IN_STORE,42,1504,75.22,1429,2019,10
2019-10-17,YYC-SE,ONLINE,6,142,7.12,135,2019,10
2019-10-18,YYC-DT,IN_STORE,87,2649,132.46,2516,2019,10
2019-10-18,YYC-DT,ONLINE,7,266,13.31,252,2019,10
2019-10-18,YYC-NW,IN_STORE,56,1988,99.43,1889,2019,10
2019-10-18,YYC-NW,ONLINE,5,162,8.11,154,2019,10
2019-10-18,YYC-SE,IN_STORE,39,1459,72.97,1386,2019,10
2019-10-18,YYC-SE,ONLINE,5,202,10.14,192,2019,10
2019-10-19,YYC-DT,IN_STORE,72,2773,138.68,2634,2019,10
2019-10-19,YYC-DT,ONLINE,10,314,15.71,298,2019,10
2019-10-19,YYC-NW,IN_STORE,49,2044,102.24,1942,2019,10
2019-10-19,YYC-NW,ONLINE,7,175,8.79,166,2019,10
2019-10-19,YYC-SE,IN_STORE,51,1701,85.08,1616,2019,10
2019-10-19,YYC-SE,ONLINE,4,154,7.74,147,2019,10
2019-10-20,YYC-DT,IN_STORE,101,2819,140.99,2678,2019,10
2019-10-20,YYC-DT,ONLINE,9,322,16.14,306,2019,10
2019-10-20,YYC-NW,IN_STORE,71,1855,92.75,1762,2019,10
2019-10-20,YYC-NW,ONLINE,8,215,10.78,204,2019,10
2019-10-20,YYC-SE,IN_STORE,55,1667,83.38,1584,2019,10
2019-10-20,YYC-SE,ONLINE,4,178,8.92,169,2019,10
2019-10-21,YYC-DT,IN_STORE,106,2750,137.52,2612,2019,10
2019-10-21,YYC-DT,ONLINE,9,299,14.99,284,2019,10
2019-10-21,YYC-NW,IN_STORE,46,2030,101.53,1929,2019,10
2019-10-21,YYC-NW,ONLINE,7,194,9.71,184,2019,10
2019-10-21,YYC-SE,IN_STORE,55,1563,78.16,1485,2019,10
2019-10-21,YYC-SE,ONLINE,5,189,9.5,180,2019,10
2019-10-22,YYC-DT,IN_STORE,67,2821,141.07,2680,2019,10
2019-10-22,YYC-DT,ONLINE,7,295,14.79,281,2019,10
2019-10-22,YYC-NW,IN_STORE,70,1927,96.37,1831,2019,10
2019-10-22,YYC-NW,ONLINE,5,203,10.16,193,2019,10
2019-10-22,YYC-SE,IN_STORE,40,1665,83.26,1581,2019,10
2019-10-22,YYC-SE,ONLINE,4,139,6.98,132,2019,10
2019-10-23,YYC-DT,IN_STORE,87,2599,129.95,2469,2019,10
2019-10-23,YYC-DT,ONLINE,10,277,13.88,263,2019,10
2019-10-23,YYC-NW,IN_STORE,62,1781,89.06,1692,2019,10
2019-10-23,YYC-NW,ONLINE,6,168,8.44,160,2019,10
2019-10-23,YYC-SE,IN_STORE,39,1596,79.82,1516,2019,10
2019-10-23,YYC-SE,ONLINE,4,162,8.1,153,2019,10
2019-10-24,YYC-DT,IN_STORE,113,2875,143.78,2731,2019,10
2019-10-24,YYC-DT,ONLINE,10,296,14.84,282,2019,10
2019-10-24,YYC-NW,IN_STORE,78,2018,100.91,1917,2019,10
2019-10-24,YYC-NW,ONLINE,6,213,10.66,202,2019,10
2019-10-24,YYC-SE,IN_STORE,48,1651,82.55,1568,2019,10
2019-10-24,YYC-SE,ONLINE,4,143,7.17,136,2019,10
2019-10-25,YYC-DT,IN_STORE,93,2699,134.98,2564,2019,10
2019-10-25,YYC-DT,ONLINE,11,309,15.46,293,2019,10
2019-10-25,YYC-NW,IN_STORE,48,1761,88.08,1673,2019,10
2019-10-25,YYC-NW,ONLINE,8,184,9.25,175,2019,10
2019-10-25,YYC-SE,IN_STORE,49,1580,79.05,1501,2019,10
2019-10-25,YYC-SE,ONLINE,4,172,8.65,164,2019,10
2019-10-26,YYC-DT,IN_STORE,97,2907,145.4,2762,2019,10
2019-10-26,YYC-DT,ONLINE,8,317,15.9,302,2019,10
2019-10-26,YYC-NW,IN_STORE,51,2062,103.13,1959,2019,10
2019-10-26,YYC-NW,ONLINE,7,212,10.62,201,2019,10
2019-10-26,YYC-SE,IN_STORE,68,1820,91.02,1729,2019,10
2019-10-26,YYC-SE,ONLINE,5,141,7.08,134,2019,10
2019-10-27,YYC-DT,IN_STORE,113,3019,150.97,2868,2019,10
2019-10-27,YYC-DT,ONLINE,11,367,18.35,348,2019,10
2019-10-27,YYC-NW,IN_STORE,63,2043,102.19,1941,2019,10
2019-10-27,YYC-NW,ONLINE,5,199,10.0,189,2019,10
2019-10-27,YYC-SE,IN_STORE,48,1791,89.56,1701,2019,10
2019-10-27,YYC-SE,ONLINE,5,188,9.44,179,2019,10
2019-10-28,YYC-DT,IN_STORE,91,2507,125.36,2381,2019,10
2019-10-28,YYC-DT,ONLINE,8,357,17.85,339,2019,10
2019-10-28,YYC-NW,IN_STORE,47,1833,91.69,1742,2019,10
2019-10-28,YYC-NW,ONLINE,6,176,8.8,167,2019,10
2019-10-28,YYC-SE,IN_STORE,42,1486,74.3,1411,2019,10
2019-10-28,YYC-SE,ONLINE,4,167,8.36,158,2019,10
2019-10-29,YYC-DT,IN_STORE,84,2515,125.77,2389,2019,10
2019-10-29,YYC-DT,ONLINE,10,288,14.41,273,2019,10
2019-10-29,YYC-NW,IN_STORE,45,1898,94.94,1803,2019,10
2019-10-29,YYC-NW,ONLINE,6,188,9.43,179,2019,10
2019-10-29,YYC-SE,IN_STORE,41,1549,77.47,1471,2019,10
2019-10-29,YYC-SE,ONLINE,5,162,8.14,154,2019,10
2019-10-30,YYC-DT,IN_STORE,78,2765,138.25,2626,2019,10
2019-10-30,YYC-DT,ONLINE,8,285,14.27,271,2019,10
2019-10-30,YYC-NW,IN_STORE,48,2048,102.44,1946,2019,10
2019-10-30,YYC-NW,ONLINE,8,163,8.19,155,2019,10
2019-10-30,YYC-SE,IN_STORE,48,1603,80.18,1523,2019,10
2019-10-30,YYC-SE,ONLINE,7,175,8.78,166,2019,10
2019-10-31,YYC-DT,IN_STORE,69,2712,135.62,2576,2019,10
2019-10-31,YYC-DT,ONLINE,7,298,14.9,283,2019,10
2019-10-31,YYC-NW,IN_STORE,67,1935,96.79,1839,2019,10
2019-10-31,YYC-NW,ONLINE,7,207,10.35,196,2019,10
2019-10-31,YYC-SE,IN_STORE,48,1692,84.65,1608,2019,10
2019-10-31,YYC-SE,ONLINE,4,183,9.15,173,2019,10
2019-11-01,YYC-DT,IN_STORE,73,3038,151.91,2886,2019,11
2019-11-01,YYC-DT,ONLINE,8,286,14.32,272,2019,11
2019-11-01,YYC-NW,IN_STORE,72,2173,108.7,2065,2019,11
2019-11-01,YYC-NW,ONLINE,8,219,10.96,208,2019,11
2019-11-01,YYC-SE,IN_STORE,64,1927,96.38,1831,2019,11
2019-11-01,YYC-SE,ONLINE,7,189,9.5,180,2019,11
2019-11-02,YYC-DT,IN_STORE,100,3303,165.16,3138,2019,11
2019-11-02,YYC-DT,ONLINE,15,377,18.87,358,2019,11
2019-11-02,YYC-NW,IN_STORE,84,2396,119.81,2276,2019,11
2019-11-02,YYC-NW,ONLINE,9,299,14.98,284,2019,11
2019-11-02,YYC-SE,IN_STORE,57,2056,102.84,1954,2019,11
2019-11-02,YYC-SE,ONLINE,8,261,13.09,248,2019,11
2019-11-03,YYC-DT,IN_STORE,103,3588,179.41,3408,2019,11
2019-11-03,YYC-DT,ONLINE,14,392,19.62,372,2019,11
2019-11-03,YYC-NW,IN_STORE,73,2562,128.11,2434,2019,11
2019-11-03,YYC-NW,ONLINE,7,299,14.98,284,2019,11
2019-11-03,YYC-SE,IN_STORE,74,2065,103.28,1962,2019,11
2019-11-03,YYC-SE,ONLINE,6,205,10.3,195,2019,11
2019-11-04,YYC-DT,IN_STORE,94,2926,146.33,2780,2019,11
2019-11-04,YYC-DT,ONLINE,12,347,17.39,330,2019,11
2019-11-04,YYC-NW,IN_STORE,84,2123,106.19,2017,2019,11
2019-11-04,YYC-NW,ONLINE,7,188,9.43,179,2019,11
2019-11-04,YYC-SE,IN_STORE,67,1767,88.4,1679,2019,11
2019-11-04,YYC-SE,ONLINE,7,203,10.17,193,2019,11
2019-11-05,YYC-DT,IN_STORE,112,3100,155.01,2945,2019,11
2019-11-05,YYC-DT,ONLINE,8,339,16.96,322,2019,11
2019-11-05,YYC-NW,IN_STORE,79,2152,107.6,2044,2019,11
2019-11-05,YYC-NW,ONLINE,9,246,12.34,234,2019,11
2019-11-05,YYC-SE,IN_STORE,71,1935,96.75,1838,2019,11
2019-11-05,YYC-SE,ONLINE,7,252,12.63,240,2019,11
2019-11-06,YYC-DT,IN_STORE,99,2946,147.31,2798,2019,11
2019-11-06,YYC-DT,ONLINE,10,309,15.46,293,2019,11
2019-11-06,YYC-NW,IN_STORE,82,2064,103.24,1961,2019,11
2019-11-06,YYC-NW,ONLINE,7,209,10.46,198,2019,11
2019-11-06,YYC-SE,IN_STORE,72,1794,89.72,1704,2019,11
2019-11-06,YYC-SE,ONLINE,8,176,8.81,167,2019,11
2019-11-07,YYC-DT,IN_STORE,72,3123,156.18,2967,2019,11
2019-11-07,YYC-DT,ONLINE,12,312,15.62,296,2019,11
2019-11-07,YYC-NW,IN_STORE,81,2065,103.25,1961,2019,11
2019-11-07,YYC-NW,ONLINE,6,266,13.34,253,2019,11
2019-11-07,YYC-SE,IN_STORE,48,1771,88.59,1683,2019,11
2019-11-07,YYC-SE,ONLINE,5,197,9.87,187,2019,11
2019-11-08,YYC-DT,IN_STORE,84,3249,162.5,3087,2019,11
2019-11-08,YYC-DT,ONLINE,14,357,17.89,339,2019,11
2019-11-08,YYC-NW,IN_STORE,62,2230,111.54,2119,2019,11
2019-11-08,YYC-NW,ONLINE,7,247,12.38,235,2019,11
2019-11-08,YYC-SE,IN_STORE,58,1951,97.56,1853,2019,11
2019-11-08,YYC-SE,ONLINE,6,194,9.71,184,2019,11
2019-11-09,YYC-DT,IN_STORE,107,3492,174.64,3318,2019,11
2019-11-09,YYC-DT,ONLINE,12,380,19.0,361,2019,11
2019-11-09,YYC-NW,IN_STORE,69,2334,116.72,2217,2019,11
2019-11-09,YYC-NW,ONLINE,6,236,11.83,224,2019,11
2019-11-09,YYC-SE,IN_STORE,56,2196,109.83,2086,2019,11
2019-11-09,YYC-SE,ONLINE,6,223,11.19,212,2019,11
2019-11-10,YYC-DT,IN_STORE,124,3480,174.03,3306,2019,11
2019-11-10,YYC-DT,ONLINE,10,407,20.37,386,2019,11
2019-11-10,YYC-NW,IN_STORE,94,2472,123.64,2349,2019,11
2019-11-10,YYC-NW,ONLINE,7,248,12.45,236,2019,11
2019-11-10,YYC-SE,IN_STORE,86,2058,102.92,1955,2019,11
2019-11-10,YYC-SE,ONLINE,7,207,10.35,196,2019,11
2019-11-11,YYC-DT,IN_STORE,95,3178,158.93,3019,2019,11
2019-11-11,YYC-DT,ONLINE,10,353,17.68,335,2019,11
2019-11-11,YYC-NW,IN_STORE,87,2276,113.8,2162,2019,11
2019-11-11,YYC-NW,ONLINE,6,213,10.67,202,2019,11
2019-11-11,YYC-SE,IN_STORE,49,2032,101.63,1930,2019,11
2019-11-11,YYC-SE,ONLINE,5,185,9.25,175,2019,11
2019-11-12,YYC-DT,IN_STORE,107,3022,151.12,2871,2019,11
2019-11-12,YYC-DT,ONLINE,12,355,17.8,338,2019,11
2019-11-12,YYC-NW,IN_STORE,68,2176,108.83,2067,2019,11
2019-11-12,YYC-NW,ONLINE,5,230,11.52,218,2019,11
2019-11-12,YYC-SE,IN_STORE,53,1872,93.63,1778,2019,11
2019-11-12,YYC-SE,ONLINE,8,211,10.57,200,2019,11
2019-11-13,YYC-DT,IN_STORE,118,3158,157.94,3000,2019,11
2019-11-13,YYC-DT,ONLINE,11,302,15.12,287,2019,11
2019-11-13,YYC-NW,IN_STORE,67,2214,110.71,2103,2019,11
2019-11-13,YYC-NW,ONLINE,9,281,14.08,267,2019,11
2019-11-13,YYC-SE,IN_STORE,57,1811,90.59,1721,2019,11
2019-11-13,YYC-SE,ONLINE,6,181,9.09,172,2019,11
2019-11-14,YYC-DT,IN_STORE,74,2998,149.93,2848,2019,11
2019-11-14,YYC-DT,ONLINE,13,305,15.29,290,2019,11
2019-11-14,YYC-NW,IN_STORE,64,2087,104.36,1982,2019,11
2019-11-14,YYC-NW,ONLINE,5,255,12.76,242,2019,11
2019-11-14,YYC-SE,IN_STORE,52,1731,86.57,1644,2019,11
2019-11-14,YYC-SE,ONLINE,5,206,10.32,196,2019,11
2019-11-15,YYC-DT,IN_STORE,123,3085,154.26,2930,2019,11
2019-11-15,YYC-DT,ONLINE,12,349,17.5,332,2019,11
2019-11-15,YYC-NW,IN_STORE,73,2313,115.65,2197,2019,11
2019-11-15,YYC-NW,ONLINE,7,222,11.12,211,2019,11
2019-11-15,YYC-SE,IN_STORE,64,1843,92.2,1751,2019,11
2019-11-15,YYC-SE,ONLINE,4,197,9.87,187,2019,11
2019-11-16,YYC-DT,IN_STORE,127,3202,160.12,3042,2019,11
2019-11-16,YYC-DT,ONLINE,11,312,15.64,297,2019,11
2019-11-16,YYC-NW,IN_STORE,65,2410,120.54,2290,2019,11
2019-11-16,YYC-NW,ONLINE,9,261,13.05,247,2019,11
2019-11-16,YYC-SE,IN_STORE,66,1944,97.24,1847,2019,11
2019-11-16,YYC-SE,ONLINE,7,237,11.89,225,2019,11
2019-11-17,YYC-DT,IN_STORE,80,3457,172.89,3284,2019,11
2019-11-17,YYC-DT,ONLINE,9,361,18.05,343,2019,11
2019-11-17,YYC-NW,IN_STORE,58,2291,114.55,2176,2019,11
2019-11-17,YYC-NW,ONLINE,8,259,12.96,246,2019,11
2019-11-17,YYC-SE,IN_STORE,79,2060,103.0,1957,2019,11
2019-11-17,YYC-SE,ONLINE,8,232,11.62,220,2019,11
2019-11-18,YYC-DT,IN_STORE,99,2993,149.66,2843,2019,11
2019-11-18,YYC-DT,ONLINE,8,351,17.56,333,2019,11
2019-11-18,YYC-NW,IN_STORE,74,2204,110.23,2094,2019,11
2019-11-18,YYC-NW,ONLINE,6,161,8.09,153,2019,11
2019-11-18,YYC-SE,IN_STORE,54,1860,93.02,1767,2019,11
2019-11-18,YYC-SE,ONLINE,8,193,9.67,183,2019,11
2019-11-19,YYC-DT,IN_STORE,85,2867,143.38,2724,2019,11
2019-11-19,YYC-DT,ONLINE,9,285,14.29,271,2019,11
2019-11-19,YYC-NW,IN_STORE,51,2045,102.27,1943,2019,11
2019-11-19,YYC-NW,ONLINE,7,173,8.69,165,2019,11
2019-11-19,YYC-SE,IN_STORE,45,1692,84.63,1607,2019,11
2019-11-19,YYC-SE,ONLINE,5,180,9.04,171,2019,11
2019-11-20,YYC-DT,IN_STORE,126,3285,164.25,3120,2019,11
2019-11-20,YYC-DT,ONLINE,13,400,20.03,380,2019,11
2019-11-20,YYC-NW,IN_STORE,57,2500,125.04,2375,2019,11
2019-11-20,YYC-NW,ONLINE,7,287,14.36,272,2019,11
2019-11-20,YYC-SE,IN_STORE,64,2027,101.37,1925,2019,11
2019-11-20,YYC-SE,ONLINE,6,260,13.04,247,2019,11
2019-11-21,YYC-DT,IN_STORE,113,2826,141.33,2685,2019,11
2019-11-21,YYC-DT,ONLINE,7,331,16.56,314,2019,11
2019-11-21,YYC-NW,IN_STORE,70,2099,104.99,1994,2019,11
2019-11-21,YYC-NW,ONLINE,5,186,9.3,176,2019,11
2019-11-21,YYC-SE,IN_STORE,43,1658,82.94,1575,2019,11
2019-11-21,YYC-SE,ONLINE,6,159,7.98,151,2019,11
2019-11-22,YYC-DT,IN_STORE,82,2949,147.45,2801,2019,11
2019-11-22,YYC-DT,ONLINE,12,273,13.68,259,2019,11
2019-11-22,YYC-NW,IN_STORE,60,1956,97.84,1858,2019,11
2019-11-22,YYC-NW,ONLINE,5,198,9.91,188,2019,11
2019-11-22,YYC-SE,IN_STORE,55,1828,91.44,1737,2019,11
2019-11-22,YYC-SE,ONLINE,4,164,8.25,156,2019,11
2019-11-23,YYC-DT,IN_STORE,96,3617,180.87,3436,2019,11
2019-11-23,YYC-DT,ONLINE,14,364,18.23,346,2019,11
2019-11-23,YYC-NW,IN_STORE,69,2463,123.16,2340,2019,11
2019-11-23,YYC-NW,ONLINE,8,219,10.96,208,2019,11
2019-11-23,YYC-SE,IN_STORE,80,2173,108.66,2064,2019,11
2019-11-23,YYC-SE,ONLINE,9,221,11.07,210,2019,11
2019-11-24,YYC-DT,IN_STORE,135,3399,169.96,3229,2019,11
2019-11-24,YYC-DT,ONLINE,10,380,19.01,361,2019,11
2019-11-24,YYC-NW,IN_STORE,79,2410,120.54,2290,2019,11
2019-11-24,YYC-NW,ONLINE,7,231,11.56,219,2019,11
2019-11-24,YYC-SE,IN_STORE,80,2016,100.83,1915,2019,11
2019-11-24,YYC-SE,ONLINE,9,240,12.05,228,2019,11
2019-11-25,YYC-DT,IN_STORE,83,3322,166.12,3156,2019,11
2019-11-25,YYC-DT,ONLINE,10,330,16.53,314,2019,11
2019-11-25,YYC-NW,IN_STORE,61,2251,112.58,2138,2019,11
2019-11-25,YYC-NW,ONLINE,8,233,11.7,222,2019,11
2019-11-25,YYC-SE,IN_STORE,68,1837,91.86,1745,2019,11
2019-11-25,YYC-SE,ONLINE,5,180,9.04,171,2019,11
2019-11-26,YYC-DT,IN_STORE,126,3139,156.95,2982,2019,11
2019-11-26,YYC-DT,ONLINE,9,342,17.11,325,2019,11
2019-11-26,YYC-NW,IN_STORE,91,2232,111.64,2121,2019,11
2019-11-26,YYC-NW,ONLINE,7,242,12.12,230,2019,11
2019-11-26,YYC-SE,IN_STORE,74,1830,91.52,1738,2019,11
2019-11-26,YYC-SE,ONLINE,7,195,9.75,185,2019,11
2019-11-27,YYC-DT,IN_STORE,119,2956,147.81,2808,2019,11
2019-11-27,YYC-DT,ONLINE,8,323,16.19,307,2019,11
2019-11-27,YYC-NW,IN_STORE,81,2145,107.29,2038,2019,11
2019-11-27,YYC-NW,ONLINE,7,221,11.07,210,2019,11
2019-11-27,YYC-SE,IN_STORE,46,1748,87.44,1661,2019,11
2019-11-27,YYC-SE,ONLINE,7,169,8.5,161,2019,11
2019-11-28,YYC-DT,IN_STORE,119,2905,145.28,2760,2019,11
2019-11-28,YYC-DT,ONLINE,7,303,15.17,288,2019,11
2019-11-28,YYC-NW,IN_STORE,55,2154,107.72,2046,2019,11
2019-11-28,YYC-NW,ONLINE,8,209,10.48,199,2019,11
2019-11-28,YYC-SE,IN_STORE,58,1811,90.57,1720,2019,11
2019-11-28,YYC-SE,ONLINE,7,180,9.05,171,2019,11
2019-11-29,YYC-DT,IN_STORE,79,2956,147.81,2808,2019,11
2019-11-29,YYC-DT,ONLINE,10,269,13.47,255,2019,11
2019-11-29,YYC-NW,IN_STORE,54,2088,104.41,1983,2019,11
2019-11-29,YYC-NW,ONLINE,6,217,10.86,206,2019,11
2019-11-29,YYC-SE,IN_STORE,64,1745,87.29,1658,2019,11
2019-11-29,YYC-SE,ONLINE,8,187,9.36,177,2019,11
2019-11-30,YYC-DT,IN_STORE,96,3087,154.38,2933,2019,11
2019-11-30,YYC-DT,ONLINE,12,345,17.26,327,2019,11
2019-11-30,YYC-NW,IN_STORE,81,2242,112.12,2130,2019,11
2019-11-30,YYC-NW,ONLINE,7,216,10.84,206,2019,11
2019-11-30,YYC-SE,IN_STORE,48,1906,95.31,1810,2019,11
2019-11-30,YYC-SE,ONLINE,6,218,10.91,207,2019,11
2019-12-01,YYC-DT,IN_STORE,139,4161,208.06,3953,2019,12
2019-12-01,YYC-DT,ONLINE,11,414,20.71,393,2019,12
2019-12-01,YYC-NW,IN_STORE,77,2866,143.32,2722,2019,12
2019-12-01,YYC-NW,ONLINE,7,294,14.71,279,2019,12
2019-12-01,YYC-SE,IN_STORE,59,2516,125.82,2390,2019,12
2019-12-01,YYC-SE,ONLINE,9,332,16.61,315,2019,12
2019-12-02,YYC-DT,IN_STORE,97,3580,179.0,3401,2019,12
2019-12-02,YYC-DT,ONLINE,9,366,18.35,348,2019,12
2019-12-02,YYC-NW,IN_STORE,65,2470,123.54,2347,2019,12
2019-12-02,YYC-NW,ONLINE,7,232,11.65,221,2019,12
2019-12-02,YYC-SE,IN_STORE,75,2124,106.22,2018,2019,12
2019-12-02,YYC-SE,ONLINE,6,225,11.29,214,2019,12
2019-12-03,YYC-DT,IN_STORE,84,3336,166.84,3169,2019,12
2019-12-03,YYC-DT,ONLINE,11,356,17.84,338,2019,12
2019-12-03,YYC-NW,IN_STORE,73,2478,123.93,2354,2019,12
2019-12-03,YYC-NW,ONLINE,6,244,12.2,231,2019,12
2019-12-03,YYC-SE,IN_STORE,58,2035,101.78,1933,2019,12
2019-12-03,YYC-SE,ONLINE,7,154,7.73,146,2019,12
2019-12-04,YYC-DT,IN_STORE,100,3511,175.59,3336,2019,12
2019-12-04,YYC-DT,ONLINE,15,376,18.85,358,2019,12
2019-12-04,YYC-NW,IN_STORE,88,2533,126.69,2407,2019,12
2019-12-04,YYC-NW,ONLINE,7,262,13.12,249,2019,12
2019-12-04,YYC-SE,IN_STORE,71,2079,103.95,1975,2019,12
2019-12-04,YYC-SE,ONLINE,6,241,12.06,229,2019,12
2019-12-05,YYC-DT,IN_STORE,116,3579,178.96,3400,2019,12
2019-12-05,YYC-DT,ONLINE,14,379,18.96,360,2019,12
2019-12-05,YYC-NW,IN_STORE,94,2670,133.5,2536,2019,12
2019-12-05,YYC-NW,ONLINE,9,282,14.11,268,2019,12
2019-12-05,YYC-SE,IN_STORE,66,2183,109.15,2073,2019,12
2019-12-05,YYC-SE,ONLINE,7,243,12.16,231,2019,12
2019-12-06,YYC-DT,IN_STORE,134,3433,171.66,3261,2019,12
2019-12-06,YYC-DT,ONLINE,9,380,19.01,361,2019,12
2019-12-06,YYC-NW,IN_STORE,80,2434,121.74,2313,2019,12
2019-12-06,YYC-NW,ONLINE,8,230,11.54,219,2019,12
2019-12-06,YYC-SE,IN_STORE,69,2087,104.38,1983,2019,12
2019-12-06,YYC-SE,ONLINE,8,255,12.8,243,2019,12
2019-12-07,YYC-DT,IN_STORE,99,3620,181.02,3439,2019,12
2019-12-07,YYC-DT,ONLINE,13,385,19.28,366,2019,12
2019-12-07,YYC-NW,IN_STORE,86,2658,132.92,2525,2019,12
2019-12-07,YYC-NW,ONLINE,10,255,12.76,242,2019,12
2019-12-07,YYC-SE,IN_STORE,69,2089,104.45,1984,2019,12
2019-12-07,YYC-SE,ONLINE,7,202,10.12,192,2019,12
2019-12-08,YYC-DT,IN_STORE,125,3907,195.37,3712,2019,12
2019-12-08,YYC-DT,ONLINE,14,433,21.68,411,2019,12
2019-12-08,YYC-NW,IN_STORE,79,2764,138.22,2626,2019,12
2019-12-08,YYC-NW,ONLINE,7,307,15.36,291,2019,12
2019-12-08,YYC-SE,IN_STORE,97,2217,110.85,2106,2019,12
2019-12-08,YYC-SE,ONLINE,7,246,12.34,234,2019,12
2019-12-09,YYC-DT,IN_STORE,106,3577,178.89,3398,2019,12
2019-12-09,YYC-DT,ONLINE,11,337,16.85,320,2019,12
2019-12-09,YYC-NW,IN_STORE,99,2458,122.92,2335,2019,12
2019-12-09,YYC-NW,ONLINE,8,254,12.71,241,2019,12
2019-12-09,YYC-SE,IN_STORE,70,2210,110.52,2099,2019,12
2019-12-09,YYC-SE,ONLINE,8,237,11.88,225,2019,12
2019-12-10,YYC-DT,IN_STORE,134,3334,166.74,3167,2019,12
2019-12-10,YYC-DT,ONLINE,12,334,16.74,317,2019,12
2019-12-10,YYC-NW,IN_STORE,67,2327,116.39,2211,2019,12
2019-12-10,YYC-NW,ONLINE,9,267,13.37,253,2019,12
2019-12-10,YYC-SE,IN_STORE,50,2107,105.39,2002,2019,12
2019-12-10,YYC-SE,ONLINE,6,220,11.03,209,2019,12
2019-12-11,YYC-DT,IN_STORE,131,3462,173.12,3289,2019,12
2019-12-11,YYC-DT,ONLINE,9,380,19.04,361,2019,12
2019-12-11,YYC-NW,IN_STORE,81,2398,119.94,2278,2019,12
2019-12-11,YYC-NW,ONLINE,6,270,13.52,256,2019,12
2019-12-11,YYC-SE,IN_STORE,56,2050,102.52,1947,2019,12
2019-12-11,YYC-SE,ONLINE,6,225,11.28,214,2019,12
2019-12-12,YYC-DT,IN_STORE,99,3429,171.46,3257,2019,12
2019-12-12,YYC-DT,ONLINE,16,386,19.32,367,2019,12
2019-12-12,YYC-NW,IN_STORE,85,2519,125.96,2393,2019,12
2019-12-12,YYC-NW,ONLINE,8,268,13.41,254,2019,12
2019-12-12,YYC-SE,IN_STORE,66,2168,108.42,2060,2019,12
2019-12-12,YYC-SE,ONLINE,5,176,8.81,167,2019,12
2019-12-13,YYC-DT,IN_STORE,87,3369,168.46,3200,2019,12
2019-12-13,YYC-DT,ONLINE,10,345,17.3,328,2019,12
2019-12-13,YYC-NW,IN_STORE,75,2254,112.73,2141,2019,12
2019-12-13,YYC-NW,ONLINE,6,221,11.1,210,2019,12
2019-12-13,YYC-SE,IN_STORE,81,1925,96.26,1829,2019,12
2019-12-13,YYC-SE,ONLINE,7,216,10.81,205,2019,12
2019-12-14,YYC-DT,IN_STORE,139,3765,188.26,3576,2019,12
2019-12-14,YYC-DT,ONLINE,11,339,16.99,322,2019,12
2019-12-14,YYC-NW,IN_STORE,63,2478,123.93,2354,2019,12
2019-12-14,YYC-NW,ONLINE,8,299,14.95,284,2019,12
2019-12-14,YYC-SE,IN_STORE,54,2108,105.43,2003,2019,12
2019-12-14,YYC-SE,ONLINE,7,191,9.6,182,2019,12
2019-12-15,YYC-DT,IN_STORE,99,3874,193.75,3681,2019,12
2019-12-15,YYC-DT,ONLINE,9,423,21.17,402,2019,12
2019-12-15,YYC-NW,IN_STORE,71,2682,134.15,2548,2019,12
2019-12-15,YYC-NW,ONLINE,7,283,14.16,269,2019,12
2019-12-15,YYC-SE,IN_STORE,84,2400,120.01,2280,2019,12
2019-12-15,YYC-SE,ONLINE,7,230,11.51,218,2019,12
2019-12-16,YYC-DT,IN_STORE,83,3630,181.54,3449,2019,12
2019-12-16,YYC-DT,ONLINE,10,339,16.98,322,2019,12
2019-12-16,YYC-NW,IN_STORE,72,2445,122.28,2323,2019,12
2019-12-16,YYC-NW,ONLINE,10,285,14.29,271,2019,12
2019-12-16,YYC-SE,IN_STORE,75,2070,103.53,1967,2019,12
2019-12-16,YYC-SE,ONLINE,9,201,10.06,191,2019,12
2019-12-17,YYC-DT,IN_STORE,86,3580,179.03,3401,2019,12
2019-12-17,YYC-DT,ONLINE,16,392,19.63,373,2019,12
2019-12-17,YYC-NW,IN_STORE,62,2481,124.08,2357,2019,12
2019-12-17,YYC-NW,ONLINE,10,309,15.49,294,2019,12
2019-12-17,YYC-SE,IN_STORE,54,2127,106.39,2021,2019,12
2019-12-17,YYC-SE,ONLINE,8,228,11.41,216,2019,12
2019-12-18,YYC-DT,IN_STORE,96,3776,188.8,3587,2019,12
2019-12-18,YYC-DT,ONLINE,11,436,21.83,414,2019,12
2019-12-18,YYC-NW,IN_STORE,68,2660,133.05,2527,2019,12
2019-12-18,YYC-NW,ONLINE,12,282,14.1,267,2019,12
2019-12-18,YYC-SE,IN_STORE,75,2154,107.74,2047,2019,12
2019-12-18,YYC-SE,ONLINE,8,219,10.99,208,2019,12
2019-12-19,YYC-DT,IN_STORE,144,3663,183.17,3480,2019,12
2019-12-19,YYC-DT,ONLINE,15,416,20.82,395,2019,12
2019-12-19,YYC-NW,IN_STORE,81,2667,133.39,2534,2019,12
2019-12-19,YYC-NW,ONLINE,7,233,11.68,221,2019,12
2019-12-19,YYC-SE,IN_STORE,78,2059,102.99,1956,2019,12
2019-12-19,YYC-SE,ONLINE,9,205,10.25,194,2019,12
2019-12-20,YYC-DT,IN_STORE,97,3374,168.72,3205,2019,12
2019-12-20,YYC-DT,ONLINE,11,351,17.57,333,2019,12
2019-12-20,YYC-NW,IN_STORE,93,2503,125.18,2378,2019,12
2019-12-20,YYC-NW,ONLINE,7,253,12.66,240,2019,12
2019-12-20,YYC-SE,IN_STORE,62,1997,99.88,1897,2019,12
2019-12-20,YYC-SE,ONLINE,5,156,7.81,148,2019,12
2019-12-21,YYC-DT,IN_STORE,105,3923,196.19,3727,2019,12
2019-12-21,YYC-DT,ONLINE,11,433,21.67,411,2019,12
2019-12-21,YYC-NW,IN_STORE,70,2696,134.82,2561,2019,12
2019-12-21,YYC-NW,ONLINE,10,300,15.01,285,2019,12
2019-12-21,YYC-SE,IN_STORE,58,2368,118.45,2250,2019,12
2019-12-21,YYC-SE,ONLINE,8,254,12.74,242,2019,12
2019-12-22,YYC-DT,IN_STORE,132,3775,188.76,3586,2019,12
2019-12-22,YYC-DT,ONLINE,9,442,22.15,420,2019,12
2019-12-22,YYC-NW,IN_STORE,75,2679,134.0,2545,2019,12
2019-12-22,YYC-NW,ONLINE,7,227,11.4,216,2019,12
2019-12-22,YYC-SE,IN_STORE,83,2237,111.9,2126,2019,12
2019-12-22,YYC-SE,ONLINE,8,240,12.04,228,2019,12
2019-12-23,YYC-DT,IN_STORE,91,3582,179.14,3403,2019,12
2019-12-23,YYC-DT,ONLINE,13,381,19.09,362,2019,12
2019-12-23,YYC-NW,IN_STORE,100,2527,126.4,2401,2019,12
2019-12-23,YYC-NW,ONLINE,7,252,12.64,240,2019,12
2019-12-23,YYC-SE,IN_STORE,83,2086,104.35,1982,2019,12
2019-12-23,YYC-SE,ONLINE,9,220,11.02,209,2019,12
2019-12-24,YYC-DT,IN_STORE,111,3369,168.5,3201,2019,12
2019-12-24,YYC-DT,ONLINE,11,364,18.2,345,2019,12
2019-12-24,YYC-NW,IN_STORE,68,2395,119.77,2275,2019,12
2019-12-24,YYC-NW,ONLINE,7,249,12.47,236,2019,12
2019-12-24,YYC-SE,IN_STORE,69,2035,101.76,1933,2019,12
2019-12-24,YYC-SE,ONLINE,7,189,9.5,180,2019,12
2019-12-25,YYC-DT,IN_STORE,142,3613,180.65,3432,2019,12
2019-12-25,YYC-DT,ONLINE,16,410,20.51,389,2019,12
2019-12-25,YYC-NW,IN_STORE,79,2591,129.58,2461,2019,12
2019-12-25,YYC-NW,ONLINE,10,260,13.03,247,2019,12
2019-12-25,YYC-SE,IN_STORE,54,2174,108.73,2065,2019,12
2019-12-25,YYC-SE,ONLINE,6,209,10.45,198,2019,12
2019-12-26,YYC-DT,IN_STORE,108,3441,172.08,3269,2019,12
2019-12-26,YYC-DT,ONLINE,11,360,18.04,342,2019,12
2019-12-26,YYC-NW,IN_STORE,87,2316,115.84,2200,2019,12
2019-12-26,YYC-NW,ONLINE,9,261,13.08,248,2019,12
2019-12-26,YYC-SE,IN_STORE,84,1978,98.92,1879,2019,12
2019-12-26,YYC-SE,ONLINE,6,206,10.3,195,2019,12
2019-12-27,YYC-DT,IN_STORE,108,3443,172.17,3271,2019,12
2019-12-27,YYC-DT,ONLINE,12,417,20.86,396,2019,12
2019-12-27,YYC-NW,IN_STORE,102,2590,129.51,2460,2019,12
2019-12-27,YYC-NW,ONLINE,8,282,14.1,267,2019,12
2019-12-27,YYC-SE,IN_STORE,69,2248,112.4,2135,2019,12
2019-12-27,YYC-SE,ONLINE,7,210,10.54,200,2019,12
2019-12-28,YYC-DT,IN_STORE,138,4279,213.97,4065,2019,12
2019-12-28,YYC-DT,ONLINE,17,482,24.12,458,2019,12
2019-12-28,YYC-NW,IN_STORE,85,3006,150.32,2856,2019,12
2019-12-28,YYC-NW,ONLINE,10,329,16.49,313,2019,12
2019-12-28,YYC-SE,IN_STORE,68,2475,123.78,2351,2019,12
2019-12-28,YYC-SE,ONLINE,8,262,13.13,249,2019,12
2019-12-29,YYC-DT,IN_STORE,120,3780,189.02,3591,2019,12
2019-12-29,YYC-DT,ONLINE,14,389,19.45,369,2019,12
2019-12-29,YYC-NW,IN_STORE,93,2675,133.77,2541,2019,12
2019-12-29,YYC-NW,ONLINE,9,294,14.73,279,2019,12
2019-12-29,YYC-SE,IN_STORE,60,2265,113.28,2152,2019,12
2019-12-29,YYC-SE,ONLINE,8,284,14.24,270,2019,12
2019-12-30,YYC-DT,IN_STORE,106,3512,175.61,3336,2019,12
2019-12-30,YYC-DT,ONLINE,12,353,17.67,335,2019,12
2019-12-30,YYC-NW,IN_STORE,79,2478,123.93,2354,2019,12
2019-12-30,YYC-NW,ONLINE,7,265,13.26,251,2019,12
2019-12-30,YYC-SE,IN_STORE,68,2104,105.24,1999,2019,12
2019-12-30,YYC-SE,ONLINE,6,220,11.04,209,2019,12
2019-12-31,YYC-DT,IN_STORE,97,3682,184.1,3497,2019,12
2019-12-31,YYC-DT,ONLINE,13,379,19.0,360,2019,12
2019-12-31,YYC-NW,IN_STORE,73,2565,128.25,2436,2019,12
2019-12-31,YYC-NW,ONLINE,10,295,14.76,280,2019,12
2019-12-31,YYC-SE,IN_STORE,62,2197,109.9,2088,2019,12
2019-12-31,YYC-SE,ONLINE,6,177,8.9,169,2019,12
2020-01-01,YYC-DT,IN_STORE,26,895,44.79,850,2020,1
2020-01-01,YYC-DT,ONLINE,13,497,24.87,472,2020,1
2020-01-01,YYC-NW,IN_STORE,23,729,36.48,693,2020,1
2020-01-01,YYC-NW,ONLINE,12,379,18.96,360,2020,1
2020-01-01,YYC-SE,IN_STORE,17,533,26.66,506,2020,1
2020-01-01,YYC-SE,ONLINE,11,333,16.69,317,2020,1
2020-01-02,YYC-DT,IN_STORE,24,1061,53.07,1008,2020,1
2020-01-02,YYC-DT,ONLINE,19,538,26.91,511,2020,1
2020-01-02,YYC-NW,IN_STORE,26,731,36.6,695,2020,1
2020-01-02,YYC-NW,ONLINE,9,354,17.73,336,2020,1
2020-01-02,YYC-SE,IN_STORE,16,677,33.88,643,2020,1
2020-01-02,YYC-SE,ONLINE,11,331,16.56,314,2020,1
2020-01-03,YYC-DT,IN_STORE,37,1051,52.58,998,2020,1
2020-01-03,YYC-DT,ONLINE,15,549,27.46,521,2020,1
2020-01-03,YYC-NW,IN_STORE,19,698,34.94,663,2020,1
2020-01-03,YYC-NW,ONLINE,9,395,19.76,375,2020,1
2020-01-03,YYC-SE,IN_STORE,24,571,28.59,543,2020,1
2020-01-03,YYC-SE,ONLINE,11,335,16.8,319,2020,1
2020-01-04,YYC-DT,IN_STORE,34,1190,59.53,1131,2020,1
2020-01-04,YYC-DT,ONLINE,14,530,26.54,504,2020,1
2020-01-04,YYC-NW,IN_STORE,26,796,39.8,756,2020,1
2020-01-04,YYC-NW,ONLINE,14,424,21.21,403,2020,1
2020-01-04,YYC-SE,IN_STORE,17,660,33.01,627,2020,1
2020-01-04,YYC-SE,ONLINE,9,404,20.25,384,2020,1
2020-01-05,YYC-DT,IN_STORE,40,1072,53.62,1018,2020,1
2020-01-05,YYC-DT,ONLINE,16,546,27.31,518,2020,1
2020-01-05,YYC-NW,IN_STORE,18,727,36.37,690,2020,1
2020-01-05,YYC-NW,ONLINE,11,395,19.75,375,2020,1
2020-01-05,YYC-SE,IN_STORE,21,658,32.9,625,2020,1
2020-01-05,YYC-SE,ONLINE,11,373,18.7,355,2020,1
2020-01-06,YYC-DT,IN_STORE,37,1059,52.98,1006,2020,1
2020-01-06,YYC-DT,ONLINE,20,541,27.1,514,2020,1
2020-01-06,YYC-NW,IN_STORE,19,727,36.36,690,2020,1
2020-01-06,YYC-NW,ONLINE,9,393,19.66,373,2020,1
2020-01-06,YYC-SE,IN_STORE,18,573,28.66,544,2020,1
2020-01-06,YYC-SE,ONLINE,9,223,11.16,212,2020,1
2020-01-07,YYC-DT,IN_STORE,35,1015,50.79,965,2020,1
2020-01-07,YYC-DT,ONLINE,22,571,28.56,542,2020,1
2020-01-07,YYC-NW,IN_STORE,18,698,34.92,663,2020,1
2020-01-07,YYC-NW,ONLINE,11,419,20.97,398,2020,1
2020-01-07,YYC-SE,IN_STORE,20,560,28.0,532,2020,1
2020-01-07,YYC-SE,ONLINE,10,323,16.18,307,2020,1
2020-01-08,YYC-DT,IN_STORE,30,1052,52.65,1000,2020,1
2020-01-08,YYC-DT,ONLINE,15,616,30.82,585,2020,1
2020-01-08,YYC-NW,IN_STORE,28,779,38.95,740,2020,1
2020-01-08,YYC-NW,ONLINE,11,382,19.11,363,2020,1
2020-01-08,YYC-SE,IN_STORE,15,615,30.76,584,2020,1
2020-01-08,YYC-SE,ONLINE,8,333,16.68,316,2020,1
2020-01-09,YYC-DT,IN_STORE,27,1057,52.87,1004,2020,1
2020-01-09,YYC-DT,ONLINE,16,494,24.72,469,2020,1
2020-01-09,YYC-NW,IN_STORE,18,760,38.01,722,2020,1
2020-01-09,YYC-NW,ONLINE,10,437,21.86,415,2020,1
2020-01-09,YYC-SE,IN_STORE,17,588,29.45,559,2020,1
2020-01-09,YYC-SE,ONLINE,11,301,15.08,286,2020,1
2020-01-10,YYC-DT,IN_STORE,30,1089,54.48,1035,2020,1
2020-01-10,YYC-DT,ONLINE,21,632,31.64,601,2020,1
2020-01-10,YYC-NW,IN_STORE,28,748,37.43,711,2020,1
2020-01-10,YYC-NW,ONLINE,11,392,19.65,373,2020,1
2020-01-10,YYC-SE,IN_STORE,16,756,37.83,718,2020,1
2020-01-10,YYC-SE,ONLINE,11,350,17.54,333,2020,1
2020-01-11,YYC-DT,IN_STORE,30,1090,54.51,1035,2020,1
2020-01-11,YYC-DT,ONLINE,19,563,28.15,534,2020,1
2020-01-11,YYC-NW,IN_STORE,25,691,34.58,657,2020,1
2020-01-11,YYC-NW,ONLINE,11,418,20.94,397,2020,1
2020-01-11,YYC-SE,IN_STORE,19,695,34.75,660,2020,1
2020-01-11,YYC-SE,ONLINE,9,309,15.45,293,2020,1
2020-01-12,YYC-DT,IN_STORE,45,1152,57.64,1095,2020,1
2020-01-12,YYC-DT,ONLINE,15,618,30.94,587,2020,1
2020-01-12,YYC-NW,IN_STORE,26,866,43.31,822,2020,1
2020-01-12,YYC-NW,ONLINE,11,412,20.63,392,2020,1
2020-01-12,YYC-SE,IN_STORE,25,693,34.66,658,2020,1
2020-01-12,YYC-SE,ONLINE,9,382,19.12,363,2020,1
2020-01-13,YYC-DT,IN_STORE,28,1085,54.27,1031,2020,1
2020-01-13,YYC-DT,ONLINE,22,573,28.68,545,2020,1
2020-01-13,YYC-NW,IN_STORE,29,659,32.96,626,2020,1
2020-01-13,YYC-NW,ONLINE,13,402,20.13,382,2020,1
2020-01-13,YYC-SE,IN_STORE,22,610,30.55,580,2020,1
2020-01-13,YYC-SE,ONLINE,12,277,13.89,263,2020,1
2020-01-14,YYC-DT,IN_STORE,36,1089,54.47,1035,2020,1
2020-01-14,YYC-DT,ONLINE,21,578,28.92,549,2020,1
2020-01-14,YYC-NW,IN_STORE,20,793,39.67,753,2020,1
2020-01-14,YYC-NW,ONLINE,15,447,22.37,425,2020,1
2020-01-14,YYC-SE,IN_STORE,26,724,36.2,687,2020,1
2020-01-14,YYC-SE,ONLINE,9,336,16.84,319,2020,1
2020-01-15,YYC-DT,IN_STORE,39,984,49.24,935,2020,1
2020-01-15,YYC-DT,ONLINE,15,499,24.98,474,2020,1
2020-01-15,YYC-NW,IN_STORE,17,620,31.04,589,2020,1
2020-01-15,YYC-NW,ONLINE,9,327,16.36,310,2020,1
2020-01-15,YYC-SE,IN_STORE,14,581,29.08,552,2020,1
2020-01-15,YYC-SE,ONLINE,8,311,15.57,295,2020,1
2020-01-16,YYC-DT,IN_STORE,30,1051,52.58,999,2020,1
2020-01-16,YYC-DT,ONLINE,17,499,24.98,474,2020,1
2020-01-16,YYC-NW,IN_STORE,19,717,35.88,681,2020,1
2020-01-16,YYC-NW,ONLINE,12,319,15.96,303,2020,1
2020-01-16,YYC-SE,IN_STORE,22,565,28.3,537,2020,1
2020-01-16,YYC-SE,ONLINE,11,298,14.92,283,2020,1
2020-01-17,YYC-DT,IN_STORE,26,1003,50.17,953,2020,1
2020-01-17,YYC-DT,ONLINE,21,514,25.73,488,2020,1
2020-01-17,YYC-NW,IN_STORE,19,702,35.12,667,2020,1
2020-01-17,YYC-NW,ONLINE,9,378,18.91,359,2020,1
2020-01-17,YYC-SE,IN_STORE,15,543,27.15,515,2020,1
2020-01-17,YYC-SE,ONLINE,13,304,15.21,288,2020,1
2020-01-18,YYC-DT,IN_STORE,34,1030,51.54,979,2020,1
2020-01-18,YYC-DT,ONLINE,16,520,26.02,494,2020,1
2020-01-18,YYC-NW,IN_STORE,21,660,33.04,627,2020,1
2020-01-18,YYC-NW,ONLINE,11,359,17.98,341,2020,1
2020-01-18,YYC-SE,IN_STORE,16,495,24.76,470,2020,1
2020-01-18,YYC-SE,ONLINE,12,268,13.44,255,2020,1
2020-01-19,YYC-DT,IN_STORE,39,1080,54.04,1026,2020,1
2020-01-19,YYC-DT,ONLINE,19,595,29.78,565,2020,1
2020-01-19,YYC-NW,IN_STORE,28,734,36.72,697,2020,1
2020-01-19,YYC-NW,ONLINE,10,462,23.11,439,2020,1
2020-01-19,YYC-SE,IN_STORE,20,613,30.68,582,2020,1
2020-01-19,YYC-SE,ONLINE,8,333,16.67,316,2020,1
2020-01-20,YYC-DT,IN_STORE,31,924,46.23,878,2020,1
2020-01-20,YYC-DT,ONLINE,13,431,21.57,409,2020,1
2020-01-20,YYC-NW,IN_STORE,17,735,36.77,698,2020,1
2020-01-20,YYC-NW,ONLINE,9,388,19.41,368,2020,1
2020-01-20,YYC-SE,IN_STORE,15,611,30.56,580,2020,1
2020-01-20,YYC-SE,ONLINE,8,268,13.42,255,2020,1
2020-01-21,YYC-DT,IN_STORE,32,1058,52.93,1005,2020,1
2020-01-21,YYC-DT,ONLINE,18,563,28.19,535,2020,1
2020-01-21,YYC-NW,IN_STORE,24,826,41.3,784,2020,1
2020-01-21,YYC-NW,ONLINE,10,366,18.35,348,2020,1
2020-01-21,YYC-SE,IN_STORE,18,589,29.49,560,2020,1
2020-01-21,YYC-SE,ONLINE,10,328,16.42,311,2020,1
2020-01-22,YYC-DT,IN_STORE,31,1018,50.95,967,2020,1
2020-01-22,YYC-DT,ONLINE,16,548,27.44,521,2020,1
2020-01-22,YYC-NW,IN_STORE,21,707,35.37,672,2020,1
2020-01-22,YYC-NW,ONLINE,14,419,20.99,398,2020,1
2020-01-22,YYC-SE,IN_STORE,23,583,29.19,554,2020,1
2020-01-22,YYC-SE,ONLINE,13,302,15.14,287,2020,1
2020-01-23,YYC-DT,IN_STORE,26,1109,55.5,1054,2020,1
2020-01-23,YYC-DT,ONLINE,17,615,30.77,584,2020,1
2020-01-23,YYC-NW,IN_STORE,23,778,38.92,739,2020,1
2020-01-23,YYC-NW,ONLINE,16,433,21.67,411,2020,1
2020-01-23,YYC-SE,IN_STORE,18,711,35.58,676,2020,1
2020-01-23,YYC-SE,ONLINE,9,361,18.08,343,2020,1
2020-01-24,YYC-DT,IN_STORE,37,986,49.3,936,2020,1
2020-01-24,YYC-DT,ONLINE,14,546,27.35,519,2020,1
2020-01-24,YYC-NW,IN_STORE,26,752,37.64,715,2020,1
2020-01-24,YYC-NW,ONLINE,10,411,20.58,391,2020,1
2020-01-24,YYC-SE,IN_STORE,21,644,32.24,612,2020,1
2020-01-24,YYC-SE,ONLINE,13,346,17.32,329,2020,1
2020-01-25,YYC-DT,IN_STORE,30,956,47.8,908,2020,1
2020-01-25,YYC-DT,ONLINE,20,558,27.91,530,2020,1
2020-01-25,YYC-NW,IN_STORE,23,734,36.74,698,2020,1
2020-01-25,YYC-NW,ONLINE,10,363,18.19,345,2020,1
2020-01-25,YYC-SE,IN_STORE,23,589,29.48,560,2020,1
2020-01-25,YYC-SE,ONLINE,8,325,16.28,309,2020,1
2020-01-26,YYC-DT,IN_STORE,41,1007,50.39,957,2020,1
2020-01-26,YYC-DT,ONLINE,17,573,28.65,544,2020,1
2020-01-26,YYC-NW,IN_STORE,29,702,35.11,667,2020,1
2020-01-26,YYC-NW,ONLINE,12,346,17.32,329,2020,1
2020-01-26,YYC-SE,IN_STORE,18,634,31.7,602,2020,1
2020-01-26,YYC-SE,ONLINE,13,310,15.53,295,2020,1
2020-01-27,YYC-DT,IN_STORE,35,1058,52.92,1005,2020,1
2020-01-27,YYC-DT,ONLINE,16,492,24.62,467,2020,1
2020-01-27,YYC-NW,IN_STORE,23,765,38.25,726,2020,1
2020-01-27,YYC-NW,ONLINE,12,460,23.02,437,2020,1
2020-01-27,YYC-SE,IN_STORE,22,633,31.66,601,2020,1
2020-01-27,YYC-SE,ONLINE,12,373,18.67,354,2020,1
2020-01-28,YYC-DT,IN_STORE,24,1058,52.9,1005,2020,1
2020-01-28,YYC-DT,ONLINE,19,551,27.55,523,2020,1
2020-01-28,YYC-NW,IN_STORE,25,608,30.44,578,2020,1
2020-01-28,YYC-NW,ONLINE,13,367,18.36,348,2020,1
2020-01-28,YYC-SE,IN_STORE,23,540,27.01,513,2020,1
2020-01-28,YYC-SE,ONLINE,7,252,12.63,239,2020,1
2020-01-29,YYC-DT,IN_STORE,27,1053,52.67,1000,2020,1
2020-01-29,YYC-DT,ONLINE,21,560,28.02,532,2020,1
2020-01-29,YYC-NW,IN_STORE,25,735,36.76,698,2020,1
2020-01-29,YYC-NW,ONLINE,11,363,18.16,344,2020,1
2020-01-29,YYC-SE,IN_STORE,17,624,31.25,593,2020,1
2020-01-29,YYC-SE,ONLINE,10,411,20.57,390,2020,1
2020-01-30,YYC-DT,IN_STORE,26,985,49.3,936,2020,1
2020-01-30,YYC-DT,ONLINE,17,599,29.99,569,2020,1
2020-01-30,YYC-NW,IN_STORE,24,710,35.54,675,2020,1
2020-01-30,YYC-NW,ONLINE,10,440,22.04,418,2020,1
2020-01-30,YYC-SE,IN_STORE,16,672,33.64,639,2020,1
2020-01-30,YYC-SE,ONLINE,13,373,18.66,354,2020,1
2020-01-31,YYC-DT,IN_STORE,25,1024,51.23,973,2020,1
2020-01-31,YYC-DT,ONLINE,13,575,28.76,546,2020,1
2020-01-31,YYC-NW,IN_STORE,22,801,40.08,761,2020,1
2020-01-31,YYC-NW,ONLINE,15,363,18.15,344,2020,1
2020-01-31,YYC-SE,IN_STORE,22,589,29.48,560,2020,1
2020-01-31,YYC-SE,ONLINE,11,347,17.38,330,2020,1
2020-02-01,YYC-DT,IN_STORE,43,1069,53.5,1016,2020,2
2020-02-01,YYC-DT,ONLINE,15,577,28.87,548,2020,2
2020-02-01,YYC-NW,IN_STORE,28,724,36.22,688,2020,2
2020-02-01,YYC-NW,ONLINE,11,381,19.06,362,2020,2
2020-02-01,YYC-SE,IN_STORE,27,639,31.96,607,2020,2
2020-02-01,YYC-SE,ONLINE,9,364,18.23,346,2020,2
2020-02-02,YYC-DT,IN_STORE,37,1354,67.71,1286,2020,2
2020-02-02,YYC-DT,ONLINE,16,707,35.37,672,2020,2
2020-02-02,YYC-NW,IN_STORE,28,917,45.89,871,2020,2
2020-02-02,YYC-NW,ONLINE,13,526,26.3,499,2020,2
2020-02-02,YYC-SE,IN_STORE,27,733,36.68,696,2020,2
2020-02-02,YYC-SE,ONLINE,13,423,21.18,402,2020,2
2020-02-03,YYC-DT,IN_STORE,29,1096,54.84,1042,2020,2
2020-02-03,YYC-DT,ONLINE,24,610,30.55,580,2020,2
2020-02-03,YYC-NW,IN_STORE,31,789,39.48,750,2020,2
2020-02-03,YYC-NW,ONLINE,12,355,17.79,338,2020,2
2020-02-03,YYC-SE,IN_STORE,19,559,27.97,531,2020,2
2020-02-03,YYC-SE,ONLINE,9,358,17.94,340,2020,2
2020-02-04,YYC-DT,IN_STORE,39,1094,54.72,1039,2020,2
2020-02-04,YYC-DT,ONLINE,15,640,32.02,608,2020,2
2020-02-04,YYC-NW,IN_STORE,25,911,45.55,865,2020,2
2020-02-04,YYC-NW,ONLINE,17,444,22.23,422,2020,2
2020-02-04,YYC-SE,IN_STORE,18,742,37.11,705,2020,2
2020-02-04,YYC-SE,ONLINE,10,383,19.17,364,2020,2
2020-02-05,YYC-DT,IN_STORE,42,965,48.25,916,2020,2
2020-02-05,YYC-DT,ONLINE,16,611,30.59,581,2020,2
2020-02-05,YYC-NW,IN_STORE,19,755,37.76,717,2020,2
2020-02-05,YYC-NW,ONLINE,15,375,18.79,356,2020,2
2020-02-05,YYC-SE,IN_STORE,23,682,34.15,648,2020,2
2020-02-05,YYC-SE,ONLINE,8,295,14.78,280,2020,2
2020-02-06,YYC-DT,IN_STORE,26,1142,57.13,1085,2020,2
2020-02-06,YYC-DT,ONLINE,15,578,28.9,549,2020,2
2020-02-06,YYC-NW,IN_STORE,19,811,40.58,770,2020,2
2020-02-06,YYC-NW,ONLINE,16,359,17.97,341,2020,2
2020-02-06,YYC-SE,IN_STORE,18,635,31.79,603,2020,2
2020-02-06,YYC-SE,ONLINE,10,377,18.85,358,2020,2
2020-02-07,YYC-DT,IN_STORE,35,1091,54.58,1037,2020,2
2020-02-07,YYC-DT,ONLINE,15,608,30.44,578,2020,2
2020-02-07,YYC-NW,IN_STORE,24,813,40.67,772,2020,2
2020-02-07,YYC-NW,ONLINE,16,463,23.15,439,2020,2
2020-02-07,YYC-SE,IN_STORE,16,606,30.3,575,2020,2
2020-02-07,YYC-SE,ONLINE,12,322,16.14,306,2020,2
2020-02-08,YYC-DT,IN_STORE,29,1181,59.06,1122,2020,2
2020-02-08,YYC-DT,ONLINE,16,671,33.56,637,2020,2
2020-02-08,YYC-NW,IN_STORE,30,845,42.26,802,2020,2
2020-02-08,YYC-NW,ONLINE,18,491,24.59,467,2020,2
2020-02-08,YYC-SE,IN_STORE,20,729,36.45,692,2020,2
2020-02-08,YYC-SE,ONLINE,12,404,20.22,384,2020,2
2020-02-09,YYC-DT,IN_STORE,30,1172,58.61,1113,2020,2
2020-02-09,YYC-DT,ONLINE,25,653,32.7,621,2020,2
2020-02-09,YYC-NW,IN_STORE,31,865,43.27,822,2020,2
2020-02-09,YYC-NW,ONLINE,14,435,21.77,413,2020,2
2020-02-09,YYC-SE,IN_STORE,19,727,36.39,691,2020,2
2020-02-09,YYC-SE,ONLINE,14,365,18.27,347,2020,2
2020-02-10,YYC-DT,IN_STORE,42,1113,55.67,1057,2020,2
2020-02-10,YYC-DT,ONLINE,22,661,33.06,628,2020,2
2020-02-10,YYC-NW,IN_STORE,20,780,39.02,741,2020,2
2020-02-10,YYC-NW,ONLINE,18,439,21.98,417,2020,2
2020-02-10,YYC-SE,IN_STORE,17,677,33.86,643,2020,2
2020-02-10,YYC-SE,ONLINE,10,372,18.65,354,2020,2
2020-02-11,YYC-DT,IN_STORE,28,1031,51.57,979,2020,2
2020-02-11,YYC-DT,ONLINE,20,530,26.53,504,2020,2
2020-02-11,YYC-NW,IN_STORE,19,761,38.07,723,2020,2
2020-02-11,YYC-NW,ONLINE,10,403,20.16,382,2020,2
2020-02-11,YYC-SE,IN_STORE,15,563,28.16,535,2020,2
2020-02-11,YYC-SE,ONLINE,13,349,17.49,332,2020,2
2020-02-12,YYC-DT,IN_STORE,29,1087,54.38,1033,2020,2
2020-02-12,YYC-DT,ONLINE,23,543,27.19,516,2020,2
2020-02-12,YYC-NW,IN_STORE,29,778,38.9,739,2020,2
2020-02-12,YYC-NW,ONLINE,13,375,18.77,356,2020,2
2020-02-12,YYC-SE,IN_STORE,20,690,34.54,656,2020,2
2020-02-12,YYC-SE,ONLINE,9,298,14.93,283,2020,2
2020-02-13,YYC-DT,IN_STORE,30,1043,52.2,991,2020,2
2020-02-13,YYC-DT,ONLINE,20,588,29.41,558,2020,2
2020-02-13,YYC-NW,IN_STORE,22,769,38.46,730,2020,2
2020-02-13,YYC-NW,ONLINE,14,475,23.77,451,2020,2
2020-02-13,YYC-SE,IN_STORE,20,673,33.67,639,2020,2
2020-02-13,YYC-SE,ONLINE,11,371,18.57,352,2020,2
2020-02-14,YYC-DT,IN_STORE,47,1140,57.0,1083,2020,2
2020-02-14,YYC-DT,ONLINE,18,624,31.2,592,2020,2
2020-02-14,YYC-NW,IN_STORE,23,906,45.33,861,2020,2
2020-02-14,YYC-NW,ONLINE,17,400,20.01,380,2020,2
2020-02-14,YYC-SE,IN_STORE,16,733,36.69,697,2020,2
2020-02-14,YYC-SE,ONLINE,11,333,16.69,317,2020,2
2020-02-15,YYC-DT,IN_STORE,36,1237,61.89,1175,2020,2
2020-02-15,YYC-DT,ONLINE,22,635,31.75,603,2020,2
2020-02-15,YYC-NW,IN_STORE,23,908,45.43,863,2020,2
2020-02-15,YYC-NW,ONLINE,14,475,23.75,451,2020,2
2020-02-15,YYC-SE,IN_STORE,21,718,35.95,683,2020,2
2020-02-15,YYC-SE,ONLINE,15,395,19.78,375,2020,2
2020-02-16,YYC-DT,IN_STORE,32,1184,59.21,1124,2020,2
2020-02-16,YYC-DT,ONLINE,17,617,30.89,586,2020,2
2020-02-16,YYC-NW,IN_STORE,29,849,42.48,807,2020,2
2020-02-16,YYC-NW,ONLINE,15,433,21.68,411,2020,2
2020-02-16,YYC-SE,IN_STORE,24,741,37.1,704,2020,2
2020-02-16,YYC-SE,ONLINE,11,373,18.66,354,2020,2
2020-02-17,YYC-DT,IN_STORE,40,1011,50.58,961,2020,2
2020-02-17,YYC-DT,ONLINE,22,573,28.68,544,2020,2
2020-02-17,YYC-NW,IN_STORE,26,674,33.72,640,2020,2
2020-02-17,YYC-NW,ONLINE,11,402,20.12,382,2020,2
2020-02-17,YYC-SE,IN_STORE,21,614,30.7,583,2020,2
2020-02-17,YYC-SE,ONLINE,8,315,15.75,299,2020,2
2020-02-18,YYC-DT,IN_STORE,37,1248,62.43,1186,2020,2
2020-02-18,YYC-DT,ONLINE,17,657,32.87,624,2020,2
2020-02-18,YYC-NW,IN_STORE,27,865,43.27,822,2020,2
2020-02-18,YYC-NW,ONLINE,17,475,23.77,451,2020,2
2020-02-18,YYC-SE,IN_STORE,25,660,33.03,627,2020,2
2020-02-18,YYC-SE,ONLINE,14,377,18.88,358,2020,2
2020-02-19,YYC-DT,IN_STORE,40,1106,55.34,1051,2020,2
2020-02-19,YYC-DT,ONLINE,15,615,30.8,585,2020,2
2020-02-19,YYC-NW,IN_STORE,19,838,41.92,796,2020,2
2020-02-19,YYC-NW,ONLINE,10,451,22.57,428,2020,2
2020-02-19,YYC-SE,IN_STORE,21,677,33.89,643,2020,2
2020-02-19,YYC-SE,ONLINE,11,304,15.22,289,2020,2
2020-02-20,YYC-DT,IN_STORE,25,1113,55.69,1058,2020,2
2020-02-20,YYC-DT,ONLINE,15,544,27.22,517,2020,2
2020-02-20,YYC-NW,IN_STORE,28,769,38.49,731,2020,2
2020-02-20,YYC-NW,ONLINE,11,368,18.44,350,2020,2
2020-02-20,YYC-SE,IN_STORE,18,698,34.93,663,2020,2
2020-02-20,YYC-SE,ONLINE,12,329,16.46,312,2020,2
2020-02-21,YYC-DT,IN_STORE,32,1105,55.26,1049,2020,2
2020-02-21,YYC-DT,ONLINE,18,573,28.69,545,2020,2
2020-02-21,YYC-NW,IN_STORE,28,821,41.08,780,2020,2
2020-02-21,YYC-NW,ONLINE,13,393,19.69,374,2020,2
2020-02-21,YYC-SE,IN_STORE,19,780,39.02,741,2020,2
2020-02-21,YYC-SE,ONLINE,16,387,19.38,368,2020,2
2020-02-22,YYC-DT,IN_STORE,29,1161,58.08,1103,2020,2
2020-02-22,YYC-DT,ONLINE,17,627,31.35,595,2020,2
2020-02-22,YYC-NW,IN_STORE,24,897,44.85,852,2020,2
2020-02-22,YYC-NW,ONLINE,16,466,23.33,443,2020,2
2020-02-22,YYC-SE,IN_STORE,31,756,37.84,718,2020,2
2020-02-22,YYC-SE,ONLINE,13,345,17.26,327,2020,2
2020-02-23,YYC-DT,IN_STORE,31,1365,68.28,1297,2020,2
2020-02-23,YYC-DT,ONLINE,21,600,30.05,570,2020,2
2020-02-23,YYC-NW,IN_STORE,33,981,49.07,932,2020,2
2020-02-23,YYC-NW,ONLINE,19,524,26.21,497,2020,2
2020-02-23,YYC-SE,IN_STORE,26,776,38.8,737,2020,2
2020-02-23,YYC-SE,ONLINE,11,415,20.8,395,2020,2
2020-02-24,YYC-DT,IN_STORE,34,1152,57.62,1094,2020,2
2020-02-24,YYC-DT,ONLINE,18,573,28.68,545,2020,2
2020-02-24,YYC-NW,IN_STORE,19,783,39.16,744,2020,2
2020-02-24,YYC-NW,ONLINE,13,405,20.26,384,2020,2
2020-02-24,YYC-SE,IN_STORE,23,732,36.64,696,2020,2
2020-02-24,YYC-SE,ONLINE,11,333,16.68,316,2020,2
2020-02-25,YYC-DT,IN_STORE,30,1257,62.87,1194,2020,2
2020-02-25,YYC-DT,ONLINE,16,652,32.62,619,2020,2
2020-02-25,YYC-NW,IN_STORE,31,869,43.47,825,2020,2
2020-02-25,YYC-NW,ONLINE,11,474,23.73,450,2020,2
2020-02-25,YYC-SE,IN_STORE,27,731,36.58,695,2020,2
2020-02-25,YYC-SE,ONLINE,11,381,19.09,362,2020,2
2020-02-26,YYC-DT,IN_STORE,40,1174,58.72,1115,2020,2
2020-02-26,YYC-DT,ONLINE,25,627,31.37,595,2020,2
2020-02-26,YYC-NW,IN_STORE,22,837,41.89,795,2020,2
2020-02-26,YYC-NW,ONLINE,17,481,24.06,457,2020,2
2020-02-26,YYC-SE,IN_STORE,24,629,31.47,597,2020,2
2020-02-26,YYC-SE,ONLINE,11,407,20.39,387,2020,2
2020-02-27,YYC-DT,IN_STORE,39,976,48.81,927,2020,2
2020-02-27,YYC-DT,ONLINE,18,590,29.54,561,2020,2
2020-02-27,YYC-NW,IN_STORE,20,779,38.99,740,2020,2
2020-02-27,YYC-NW,ONLINE,10,433,21.67,411,2020,2
2020-02-27,YYC-SE,IN_STORE,16,668,33.41,634,2020,2
2020-02-27,YYC-SE,ONLINE,11,376,18.81,357,2020,2
2020-02-28,YYC-DT,IN_STORE,30,1118,55.92,1062,2020,2
2020-02-28,YYC-DT,ONLINE,25,599,29.95,569,2020,2
2020-02-28,YYC-NW,IN_STORE,31,820,41.0,779,2020,2
2020-02-28,YYC-NW,ONLINE,15,413,20.7,393,2020,2
2020-02-28,YYC-SE,IN_STORE,18,650,32.55,618,2020,2
2020-02-28,YYC-SE,ONLINE,11,315,15.79,300,2020,2
2020-02-29,YYC-DT,IN_STORE,33,1316,65.83,1250,2020,2
2020-02-29,YYC-DT,ONLINE,20,660,33.0,627,2020,2
2020-02-29,YYC-NW,IN_STORE,34,845,42.29,803,2020,2
2020-02-29,YYC-NW,ONLINE,18,514,25.72,488,2020,2
2020-02-29,YYC-SE,IN_STORE,20,728,36.41,691,2020,2
2020-02-29,YYC-SE,ONLINE,11,437,21.88,415,2020,2
2020-03-01,YYC-DT,IN_STORE,37,1403,70.16,1332,2020,3
2020-03-01,YYC-DT,ONLINE,27,799,39.96,759,2020,3
2020-03-01,YYC-NW,IN_STORE,26,1026,51.3,974,2020,3
2020-03-01,YYC-NW,ONLINE,13,468,23.44,445,2020,3
2020-03-01,YYC-SE,IN_STORE,28,822,41.11,781,2020,3
2020-03-01,YYC-SE,ONLINE,15,480,24.01,456,2020,3
2020-03-02,YYC-DT,IN_STORE,37,1144,57.24,1087,2020,3
2020-03-02,YYC-DT,ONLINE,17,614,30.73,583,2020,3
2020-03-02,YYC-NW,IN_STORE,20,784,39.2,744,2020,3
2020-03-02,YYC-NW,ONLINE,13,419,20.98,398,2020,3
2020-03-02,YYC-SE,IN_STORE,24,721,36.08,685,2020,3
2020-03-02,YYC-SE,ONLINE,14,383,19.15,363,2020,3
2020-03-03,YYC-DT,IN_STORE,38,1250,62.5,1187,2020,3
2020-03-03,YYC-DT,ONLINE,22,655,32.76,622,2020,3
2020-03-03,YYC-NW,IN_STORE,33,879,43.99,835,2020,3
2020-03-03,YYC-NW,ONLINE,12,463,23.17,440,2020,3
2020-03-03,YYC-SE,IN_STORE,22,663,33.19,630,2020,3
2020-03-03,YYC-SE,ONLINE,11,441,22.07,419,2020,3
2020-03-04,YYC-DT,IN_STORE,52,1220,61.04,1159,2020,3
2020-03-04,YYC-DT,ONLINE,20,631,31.6,600,2020,3
2020-03-04,YYC-NW,IN_STORE,29,860,43.0,817,2020,3
2020-03-04,YYC-NW,ONLINE,13,516,25.83,490,2020,3
2020-03-04,YYC-SE,IN_STORE,31,783,39.15,743,2020,3
2020-03-04,YYC-SE,ONLINE,12,386,19.33,367,2020,3
2020-03-05,YYC-DT,IN_STORE,34,1099,54.99,1044,2020,3
2020-03-05,YYC-DT,ONLINE,19,596,29.82,566,2020,3
2020-03-05,YYC-NW,IN_STORE,24,754,37.74,717,2020,3
2020-03-05,YYC-NW,ONLINE,10,454,22.73,431,2020,3
2020-03-05,YYC-SE,IN_STORE,17,712,35.64,677,2020,3
2020-03-05,YYC-SE,ONLINE,12,336,16.81,319,2020,3
2020-03-06,YYC-DT,IN_STORE,36,1096,54.84,1042,2020,3
2020-03-06,YYC-DT,ONLINE,22,585,29.29,556,2020,3
2020-03-06,YYC-NW,IN_STORE,30,850,42.54,808,2020,3
2020-03-06,YYC-NW,ONLINE,17,408,20.41,387,2020,3
2020-03-06,YYC-SE,IN_STORE,17,669,33.47,636,2020,3
2020-03-06,YYC-SE,ONLINE,12,373,18.67,354,2020,3
2020-03-07,YYC-DT,IN_STORE,35,1204,60.2,1143,2020,3
2020-03-07,YYC-DT,ONLINE,18,648,32.44,616,2020,3
2020-03-07,YYC-NW,IN_STORE,21,846,42.3,803,2020,3
2020-03-07,YYC-NW,ONLINE,12,427,21.36,405,2020,3
2020-03-07,YYC-SE,IN_STORE,28,694,34.71,659,2020,3
2020-03-07,YYC-SE,ONLINE,15,389,19.46,369,2020,3
2020-03-08,YYC-DT,IN_STORE,46,1301,65.09,1236,2020,3
2020-03-08,YYC-DT,ONLINE,22,681,34.06,647,2020,3
2020-03-08,YYC-NW,IN_STORE,22,965,48.25,916,2020,3
2020-03-08,YYC-NW,ONLINE,12,531,26.56,504,2020,3
2020-03-08,YYC-SE,IN_STORE,22,779,38.96,740,2020,3
2020-03-08,YYC-SE,ONLINE,10,446,22.32,424,2020,3
2020-03-09,YYC-DT,IN_STORE,32,1275,63.79,1212,2020,3
2020-03-09,YYC-DT,ONLINE,26,655,32.78,622,2020,3
2020-03-09,YYC-NW,IN_STORE,31,869,43.5,826,2020,3
2020-03-09,YYC-NW,ONLINE,16,445,22.28,423,2020,3
2020-03-09,YYC-SE,IN_STORE,25,734,36.7,697,2020,3
2020-03-09,YYC-SE,ONLINE,11,408,20.42,388,2020,3
2020-03-10,YYC-DT,IN_STORE,40,1269,63.45,1205,2020,3
2020-03-10,YYC-DT,ONLINE,22,611,30.56,580,2020,3
2020-03-10,YYC-NW,IN_STORE,26,911,45.57,865,2020,3
2020-03-10,YYC-NW,ONLINE,12,427,21.4,406,2020,3
2020-03-10,YYC-SE,IN_STORE,23,757,37.88,719,2020,3
2020-03-10,YYC-SE,ONLINE,15,435,21.76,413,2020,3
2020-03-11,YYC-DT,IN_STORE,33,1186,59.34,1127,2020,3
2020-03-11,YYC-DT,ONLINE,20,655,32.78,622,2020,3
2020-03-11,YYC-NW,IN_STORE,35,838,41.94,796,2020,3
2020-03-11,YYC-NW,ONLINE,12,457,22.85,434,2020,3
2020-03-11,YYC-SE,IN_STORE,28,756,37.81,718,2020,3
2020-03-11,YYC-SE,ONLINE,13,363,18.15,344,2020,3
2020-03-12,YYC-DT,IN_STORE,33,1250,62.53,1188,2020,3
2020-03-12,YYC-DT,ONLINE,21,773,38.7,735,2020,3
2020-03-12,YYC-NW,IN_STORE,35,917,45.9,872,2020,3
2020-03-12,YYC-NW,ONLINE,12,555,27.77,527,2020,3
2020-03-12,YYC-SE,IN_STORE,22,700,35.01,665,2020,3
2020-03-12,YYC-SE,ONLINE,12,454,22.71,431,2020,3
2020-03-13,YYC-DT,IN_STORE,42,1186,59.32,1127,2020,3
2020-03-13,YYC-DT,ONLINE,16,541,27.05,513,2020,3
2020-03-13,YYC-NW,IN_STORE,23,816,40.81,775,2020,3
2020-03-13,YYC-NW,ONLINE,12,424,21.24,403,2020,3
2020-03-13,YYC-SE,IN_STORE,19,731,36.57,694,2020,3
2020-03-13,YYC-SE,ONLINE,14,383,19.17,364,2020,3
2020-03-14,YYC-DT,IN_STORE,48,1220,61.04,1159,2020,3
2020-03-14,YYC-DT,ONLINE,16,683,34.18,649,2020,3
2020-03-14,YYC-NW,IN_STORE,33,852,42.62,809,2020,3
2020-03-14,YYC-NW,ONLINE,17,502,25.12,477,2020,3
2020-03-14,YYC-SE,IN_STORE,24,728,36.45,692,2020,3
2020-03-14,YYC-SE,ONLINE,11,391,19.58,372,2020,3
2020-03-15,YYC-DT,IN_STORE,31,1207,60.37,1147,2020,3
2020-03-15,YYC-DT,ONLINE,29,700,35.04,665,2020,3
2020-03-15,YYC-NW,IN_STORE,33,908,45.44,863,2020,3
2020-03-15,YYC-NW,ONLINE,16,490,24.51,465,2020,3
2020-03-15,YYC-SE,IN_STORE,20,746,37.35,709,2020,3
2020-03-15,YYC-SE,ONLINE,11,412,20.63,391,2020,3
2020-03-16,YYC-DT,IN_STORE,49,1204,60.23,1144,2020,3
2020-03-16,YYC-DT,ONLINE,27,666,33.32,632,2020,3
2020-03-16,YYC-NW,IN_STORE,26,885,44.29,841,2020,3
2020-03-16,YYC-NW,ONLINE,19,491,24.56,466,2020,3
2020-03-16,YYC-SE,IN_STORE,25,694,34.72,659,2020,3
2020-03-16,YYC-SE,ONLINE,15,436,21.83,414,2020,3
2020-03-17,YYC-DT,IN_STORE,41,1190,59.52,1130,2020,3
2020-03-17,YYC-DT,ONLINE,21,652,32.64,620,2020,3
2020-03-17,YYC-NW,IN_STORE,29,790,39.54,751,2020,3
2020-03-17,YYC-NW,ONLINE,12,484,24.22,460,2020,3
2020-03-17,YYC-SE,IN_STORE,25,719,35.98,683,2020,3
2020-03-17,YYC-SE,ONLINE,11,383,19.16,364,2020,3
2020-03-18,YYC-DT,IN_STORE,33,1081,54.09,1027,2020,3
2020-03-18,YYC-DT,ONLINE,23,565,28.25,536,2020,3
2020-03-18,YYC-NW,IN_STORE,27,737,36.86,700,2020,3
2020-03-18,YYC-NW,ONLINE,17,439,21.99,417,2020,3
2020-03-18,YYC-SE,IN_STORE,21,726,36.31,689,2020,3
2020-03-18,YYC-SE,ONLINE,8,271,13.56,257,2020,3
2020-03-19,YYC-DT,IN_STORE,47,1172,58.64,1114,2020,3
2020-03-19,YYC-DT,ONLINE,15,685,34.27,651,2020,3
2020-03-19,YYC-NW,IN_STORE,30,863,43.18,820,2020,3
2020-03-19,YYC-NW,ONLINE,13,444,22.23,422,2020,3
2020-03-19,YYC-SE,IN_STORE,25,792,39.62,752,2020,3
2020-03-19,YYC-SE,ONLINE,14,408,20.4,387,2020,3
2020-03-20,YYC-DT,IN_STORE,27,1189,59.49,1130,2020,3
2020-03-20,YYC-DT,ONLINE,23,572,28.63,544,2020,3
2020-03-20,YYC-NW,IN_STORE,32,748,37.42,711,2020,3
2020-03-20,YYC-NW,ONLINE,10,409,20.49,389,2020,3
2020-03-20,YYC-SE,IN_STORE,18,665,33.29,632,2020,3
2020-03-20,YYC-SE,ONLINE,12,358,17.93,340,2020,3
2020-03-21,YYC-DT,IN_STORE,55,1316,65.84,1250,2020,3
2020-03-21,YYC-DT,ONLINE,20,710,35.54,675,2020,3
2020-03-21,YYC-NW,IN_STORE,26,998,49.95,948,2020,3
2020-03-21,YYC-NW,ONLINE,18,522,26.13,496,2020,3
2020-03-21,YYC-SE,IN_STORE,24,854,42.74,812,2020,3
2020-03-21,YYC-SE,ONLINE,10,411,20.56,390,2020,3
2020-03-22,YYC-DT,IN_STORE,37,1355,67.79,1287,2020,3
2020-03-22,YYC-DT,ONLINE,23,687,34.38,653,2020,3
2020-03-22,YYC-NW,IN_STORE,23,884,44.22,840,2020,3
2020-03-22,YYC-NW,ONLINE,20,473,23.65,449,2020,3
2020-03-22,YYC-SE,IN_STORE,24,801,40.09,761,2020,3
2020-03-22,YYC-SE,ONLINE,16,436,21.84,415,2020,3
2020-03-23,YYC-DT,IN_STORE,43,1133,56.69,1077,2020,3
2020-03-23,YYC-DT,ONLINE,17,564,28.24,536,2020,3
2020-03-23,YYC-NW,IN_STORE,20,723,36.19,687,2020,3
2020-03-23,YYC-NW,ONLINE,11,512,25.6,486,2020,3
2020-03-23,YYC-SE,IN_STORE,18,754,37.72,716,2020,3
2020-03-23,YYC-SE,ONLINE,14,349,17.49,332,2020,3
2020-03-24,YYC-DT,IN_STORE,48,1220,61.04,1159,2020,3
2020-03-24,YYC-DT,ONLINE,25,649,32.49,617,2020,3
2020-03-24,YYC-NW,IN_STORE,32,845,42.26,802,2020,3
2020-03-24,YYC-NW,ONLINE,17,446,22.31,423,2020,3
2020-03-24,YYC-SE,IN_STORE,19,636,31.82,604,2020,3
2020-03-24,YYC-SE,ONLINE,15,344,17.22,327,2020,3
2020-03-25,YYC-DT,IN_STORE,28,1046,52.33,994,2020,3
2020-03-25,YYC-DT,ONLINE,15,593,29.7,564,2020,3
2020-03-25,YYC-NW,IN_STORE,31,883,44.16,839,2020,3
2020-03-25,YYC-NW,ONLINE,12,393,19.65,373,2020,3
2020-03-25,YYC-SE,IN_STORE,18,697,34.88,662,2020,3
2020-03-25,YYC-SE,ONLINE,9,388,19.42,368,2020,3
2020-03-26,YYC-DT,IN_STORE,37,1270,63.5,1206,2020,3
2020-03-26,YYC-DT,ONLINE,25,634,31.7,602,2020,3
2020-03-26,YYC-NW,IN_STORE,20,912,45.62,866,2020,3
2020-03-26,YYC-NW,ONLINE,14,431,21.57,409,2020,3
2020-03-26,YYC-SE,IN_STORE,25,711,35.57,675,2020,3
2020-03-26,YYC-SE,ONLINE,11,417,20.88,396,2020,3
2020-03-27,YYC-DT,IN_STORE,52,1250,62.51,1187,2020,3
2020-03-27,YYC-DT,ONLINE,20,630,31.52,598,2020,3
2020-03-27,YYC-NW,IN_STORE,36,907,45.36,861,2020,3
2020-03-27,YYC-NW,ONLINE,17,558,27.94,530,2020,3
2020-03-27,YYC-SE,IN_STORE,20,693,34.67,658,2020,3
2020-03-27,YYC-SE,ONLINE,16,414,20.73,393,2020,3
2020-03-28,YYC-DT,IN_STORE,31,1227,61.38,1166,2020,3
2020-03-28,YYC-DT,ONLINE,24,714,35.71,678,2020,3
2020-03-28,YYC-NW,IN_STORE,26,911,45.56,865,2020,3
2020-03-28,YYC-NW,ONLINE,14,454,22.73,431,2020,3
2020-03-28,YYC-SE,IN_STORE,19,704,35.24,669,2020,3
2020-03-28,YYC-SE,ONLINE,13,431,21.59,410,2020,3
2020-03-29,YYC-DT,IN_STORE,42,1393,69.68,1323,2020,3
2020-03-29,YYC-DT,ONLINE,25,716,35.81,680,2020,3
2020-03-29,YYC-NW,IN_STORE,23,904,45.22,859,2020,3
2020-03-29,YYC-NW,ONLINE,12,511,25.6,486,2020,3
2020-03-29,YYC-SE,IN_STORE,23,778,38.91,739,2020,3
2020-03-29,YYC-SE,ONLINE,11,432,21.63,410,2020,3
2020-03-30,YYC-DT,IN_STORE,30,1135,56.75,1078,2020,3
2020-03-30,YYC-DT,ONLINE,18,638,31.94,606,2020,3
2020-03-30,YYC-NW,IN_STORE,28,762,38.14,724,2020,3
2020-03-30,YYC-NW,ONLINE,11,464,23.21,440,2020,3
2020-03-30,YYC-SE,IN_STORE,25,731,36.57,694,2020,3
2020-03-30,YYC-SE,ONLINE,10,336,16.81,319,2020,3
2020-03-31,YYC-DT,IN_STORE,35,1160,58.03,1102,2020,3
2020-03-31,YYC-DT,ONLINE,21,609,30.49,579,2020,3
2020-03-31,YYC-NW,IN_STORE,32,822,41.1,781,2020,3
2020-03-31,YYC-NW,ONLINE,12,433,21.69,412,2020,3
2020-03-31,YYC-SE,IN_STORE,17,703,35.18,668,2020,3
2020-03-31,YYC-SE,ONLINE,12,360,18.0,342,2020,3
2020-04-01,YYC-DT,IN_STORE,37,1311,65.57,1245,2020,4
2020-04-01,YYC-DT,ONLINE,25,726,36.32,690,2020,4
2020-04-01,YYC-NW,IN_STORE,28,779,38.97,740,2020,4
2020-04-01,YYC-NW,ONLINE,16,458,22.92,435,2020,4
2020-04-01,YYC-SE,IN_STORE,22,769,38.46,730,2020,4
2020-04-01,YYC-SE,ONLINE,13,414,20.74,393,2020,4
2020-04-02,YYC-DT,IN_STORE,39,1203,60.19,1143,2020,4
2020-04-02,YYC-DT,ONLINE,17,595,29.78,565,2020,4
2020-04-02,YYC-NW,IN_STORE,26,882,44.13,838,2020,4
2020-04-02,YYC-NW,ONLINE,13,444,22.21,421,2020,4
2020-04-02,YYC-SE,IN_STORE,29,766,38.31,727,2020,4
2020-04-02,YYC-SE,ONLINE,16,450,22.54,428,2020,4
2020-04-03,YYC-DT,IN_STORE,39,1221,61.06,1160,2020,4
2020-04-03,YYC-DT,ONLINE,26,638,31.92,606,2020,4
2020-04-03,YYC-NW,IN_STORE,27,873,43.67,829,2020,4
2020-04-03,YYC-NW,ONLINE,16,478,23.94,454,2020,4
2020-04-03,YYC-SE,IN_STORE,21,753,37.67,715,2020,4
2020-04-03,YYC-SE,ONLINE,15,422,21.11,401,2020,4
2020-04-04,YYC-DT,IN_STORE,44,1347,67.37,1279,2020,4
2020-04-04,YYC-DT,ONLINE,25,750,37.53,713,2020,4
2020-04-04,YYC-NW,IN_STORE,28,1016,50.81,965,2020,4
2020-04-04,YYC-NW,ONLINE,15,456,22.81,433,2020,4
2020-04-04,YYC-SE,IN_STORE,21,801,40.09,761,2020,4
2020-04-04,YYC-SE,ONLINE,15,452,22.6,429,2020,4
2020-04-05,YYC-DT,IN_STORE,38,1522,76.12,1446,2020,4
2020-04-05,YYC-DT,ONLINE,25,773,38.65,734,2020,4
2020-04-05,YYC-NW,IN_STORE,45,1088,54.43,1034,2020,4
2020-04-05,YYC-NW,ONLINE,16,547,27.36,519,2020,4
2020-04-05,YYC-SE,IN_STORE,31,924,46.23,878,2020,4
2020-04-05,YYC-SE,ONLINE,17,437,21.86,415,2020,4
2020-04-06,YYC-DT,IN_STORE,45,1287,64.38,1223,2020,4
2020-04-06,YYC-DT,ONLINE,17,637,31.86,605,2020,4
2020-04-06,YYC-NW,IN_STORE,28,834,41.72,792,2020,4
2020-04-06,YYC-NW,ONLINE,12,459,22.95,436,2020,4
2020-04-06,YYC-SE,IN_STORE,21,783,39.18,744,2020,4
2020-04-06,YYC-SE,ONLINE,13,360,18.05,342,2020,4
2020-04-07,YYC-DT,IN_STORE,41,1235,61.78,1173,2020,4
2020-04-07,YYC-DT,ONLINE,24,674,33.73,640,2020,4
2020-04-07,YYC-NW,IN_STORE,26,917,45.88,871,2020,4
2020-04-07,YYC-NW,ONLINE,12,447,22.35,424,2020,4
2020-04-07,YYC-SE,IN_STORE,29,702,35.14,667,2020,4
2020-04-07,YYC-SE,ONLINE,13,362,18.13,344,2020,4
2020-04-08,YYC-DT,IN_STORE,31,1273,63.67,1209,2020,4
2020-04-08,YYC-DT,ONLINE,19,768,38.44,730,2020,4
2020-04-08,YYC-NW,IN_STORE,32,932,46.64,886,2020,4
2020-04-08,YYC-NW,ONLINE,17,474,23.74,451,2020,4
2020-04-08,YYC-SE,IN_STORE,19,689,34.46,654,2020,4
2020-04-08,YYC-SE,ONLINE,13,440,22.03,418,2020,4
2020-04-09,YYC-DT,IN_STORE,45,1274,63.74,1210,2020,4
2020-04-09,YYC-DT,ONLINE,17,699,34.99,664,2020,4
2020-04-09,YYC-NW,IN_STORE,28,946,47.31,898,2020,4
2020-04-09,YYC-NW,ONLINE,17,451,22.55,428,2020,4
2020-04-09,YYC-SE,IN_STORE,22,772,38.62,733,2020,4
2020-04-09,YYC-SE,ONLINE,10,439,21.98,417,2020,4
2020-04-10,YYC-DT,IN_STORE,31,1232,61.65,1171,2020,4
2020-04-10,YYC-DT,ONLINE,21,656,32.81,623,2020,4
2020-04-10,YYC-NW,IN_STORE,27,881,44.09,837,2020,4
2020-04-10,YYC-NW,ONLINE,17,523,26.19,497,2020,4
2020-04-10,YYC-SE,IN_STORE,29,707,35.36,671,2020,4
2020-04-10,YYC-SE,ONLINE,12,412,20.65,392,2020,4
2020-04-11,YYC-DT,IN_STORE,39,1456,72.81,1383,2020,4
2020-04-11,YYC-DT,ONLINE,21,814,40.74,774,2020,4
2020-04-11,YYC-NW,IN_STORE,24,997,49.9,948,2020,4
2020-04-11,YYC-NW,ONLINE,14,522,26.11,496,2020,4
2020-04-11,YYC-SE,IN_STORE,21,890,44.54,846,2020,4
2020-04-11,YYC-SE,ONLINE,11,449,22.46,426,2020,4
2020-04-12,YYC-DT,IN_STORE,47,1470,73.55,1397,2020,4
2020-04-12,YYC-DT,ONLINE,24,713,35.66,677,2020,4
2020-04-12,YYC-NW,IN_STORE,27,981,49.08,932,2020,4
2020-04-12,YYC-NW,ONLINE,23,594,29.73,564,2020,4
2020-04-12,YYC-SE,IN_STORE,26,845,42.29,803,2020,4
2020-04-12,YYC-SE,ONLINE,12,431,21.56,409,2020,4
2020-04-13,YYC-DT,IN_STORE,49,1174,58.71,1115,2020,4
2020-04-13,YYC-DT,ONLINE,20,610,30.55,580,2020,4
2020-04-13,YYC-NW,IN_STORE,32,802,40.11,762,2020,4
2020-04-13,YYC-NW,ONLINE,15,467,23.39,444,2020,4
2020-04-13,YYC-SE,IN_STORE,25,758,37.9,720,2020,4
2020-04-13,YYC-SE,ONLINE,10,320,16.05,304,2020,4
2020-04-14,YYC-DT,IN_STORE,34,1156,57.81,1098,2020,4
2020-04-14,YYC-DT,ONLINE,23,667,33.36,633,2020,4
2020-04-14,YYC-NW,IN_STORE,27,886,44.31,841,2020,4
2020-04-14,YYC-NW,ONLINE,13,497,24.85,472,2020,4
2020-04-14,YYC-SE,IN_STORE,29,747,37.37,709,2020,4
2020-04-14,YYC-SE,ONLINE,14,373,18.68,354,2020,4
2020-04-15,YYC-DT,IN_STORE,37,1243,62.19,1181,2020,4
2020-04-15,YYC-DT,ONLINE,26,685,34.26,650,2020,4
2020-04-15,YYC-NW,IN_STORE,30,821,41.05,780,2020,4
2020-04-15,YYC-NW,ONLINE,15,474,23.72,450,2020,4
2020-04-15,YYC-SE,IN_STORE,26,694,34.74,659,2020,4
2020-04-15,YYC-SE,ONLINE,11,357,17.86,339,2020,4
2020-04-16,YYC-DT,IN_STORE,41,1170,58.51,1111,2020,4
2020-04-16,YYC-DT,ONLINE,23,567,28.39,539,2020,4
2020-04-16,YYC-NW,IN_STORE,31,762,38.1,723,2020,4
2020-04-16,YYC-NW,ONLINE,10,405,20.26,384,2020,4
2020-04-16,YYC-SE,IN_STORE,17,680,34.0,646,2020,4
2020-04-16,YYC-SE,ONLINE,11,348,17.43,331,2020,4
2020-04-17,YYC-DT,IN_STORE,36,1151,57.58,1093,2020,4
2020-04-17,YYC-DT,ONLINE,15,640,32.02,608,2020,4
2020-04-17,YYC-NW,IN_STORE,26,788,39.41,748,2020,4
2020-04-17,YYC-NW,ONLINE,14,392,19.63,372,2020,4
2020-04-17,YYC-SE,IN_STORE,18,672,33.64,639,2020,4
2020-04-17,YYC-SE,ONLINE,15,399,20.0,379,2020,4
2020-04-18,YYC-DT,IN_STORE,37,1487,74.36,1412,2020,4
2020-04-18,YYC-DT,ONLINE,21,827,41.4,786,2020,4
2020-04-18,YYC-NW,IN_STORE,35,1054,52.73,1001,2020,4
2020-04-18,YYC-NW,ONLINE,23,550,27.52,522,2020,4
2020-04-18,YYC-SE,IN_STORE,33,888,44.44,844,2020,4
2020-04-18,YYC-SE,ONLINE,12,451,22.57,428,2020,4
2020-04-19,YYC-DT,IN_STORE,49,1532,76.63,1455,2020,4
2020-04-19,YYC-DT,ONLINE,32,805,40.27,765,2020,4
2020-04-19,YYC-NW,IN_STORE,42,1014,50.74,963,2020,4
2020-04-19,YYC-NW,ONLINE,19,593,29.66,563,2020,4
2020-04-19,YYC-SE,IN_STORE,24,885,44.26,840,2020,4
2020-04-19,YYC-SE,ONLINE,12,531,26.56,504,2020,4
2020-04-20,YYC-DT,IN_STORE,44,1231,61.57,1169,2020,4
2020-04-20,YYC-DT,ONLINE,24,693,34.67,658,2020,4
2020-04-20,YYC-NW,IN_STORE,27,838,41.9,796,2020,4
2020-04-20,YYC-NW,ONLINE,14,473,23.68,449,2020,4
2020-04-20,YYC-SE,IN_STORE,23,683,34.19,649,2020,4
2020-04-20,YYC-SE,ONLINE,14,389,19.45,369,2020,4
2020-04-21,YYC-DT,IN_STORE,44,1258,62.94,1195,2020,4
2020-04-21,YYC-DT,ONLINE,24,653,32.68,620,2020,4
2020-04-21,YYC-NW,IN_STORE,37,940,47.0,893,2020,4
2020-04-21,YYC-NW,ONLINE,16,499,24.99,474,2020,4
2020-04-21,YYC-SE,IN_STORE,21,799,39.99,759,2020,4
2020-04-21,YYC-SE,ONLINE,16,427,21.36,405,2020,4
2020-04-22,YYC-DT,IN_STORE,32,1231,61.56,1169,2020,4
2020-04-22,YYC-DT,ONLINE,28,732,36.65,696,2020,4
2020-04-22,YYC-NW,IN_STORE,31,952,47.62,904,2020,4
2020-04-22,YYC-NW,ONLINE,13,456,22.82,433,2020,4
2020-04-22,YYC-SE,IN_STORE,20,772,38.62,733,2020,4
2020-04-22,YYC-SE,ONLINE,15,401,20.05,380,2020,4
2020-04-23,YYC-DT,IN_STORE,39,1439,71.98,1367,2020,4
2020-04-23,YYC-DT,ONLINE,26,790,39.52,750,2020,4
2020-04-23,YYC-NW,IN_STORE,35,1063,53.18,1010,2020,4
2020-04-23,YYC-NW,ONLINE,19,517,25.89,491,2020,4
2020-04-23,YYC-SE,IN_STORE,27,909,45.48,864,2020,4
2020-04-23,YYC-SE,ONLINE,18,464,23.21,441,2020,4
2020-04-24,YYC-DT,IN_STORE,32,1319,65.98,1253,2020,4
2020-04-24,YYC-DT,ONLINE,17,727,36.38,691,2020,4
2020-04-24,YYC-NW,IN_STORE,32,927,46.39,881,2020,4
2020-04-24,YYC-NW,ONLINE,19,523,26.18,497,2020,4
2020-04-24,YYC-SE,IN_STORE,28,750,37.51,712,2020,4
2020-04-24,YYC-SE,ONLINE,17,416,20.83,395,2020,4
2020-04-25,YYC-DT,IN_STORE,46,1274,63.74,1211,2020,4
2020-04-25,YYC-DT,ONLINE,23,812,40.65,772,2020,4
2020-04-25,YYC-NW,IN_STORE,34,981,49.07,932,2020,4
2020-04-25,YYC-NW,ONLINE,13,548,27.43,521,2020,4
2020-04-25,YYC-SE,IN_STORE,32,789,39.49,750,2020,4
2020-04-25,YYC-SE,ONLINE,13,376,18.83,357,2020,4
2020-04-26,YYC-DT,IN_STORE,36,1222,61.12,1161,2020,4
2020-04-26,YYC-DT,ONLINE,27,677,33.88,643,2020,4
2020-04-26,YYC-NW,IN_STORE,34,940,47.01,893,2020,4
2020-04-26,YYC-NW,ONLINE,18,487,24.37,463,2020,4
2020-04-26,YYC-SE,IN_STORE,29,833,41.66,791,2020,4
2020-04-26,YYC-SE,ONLINE,17,437,21.88,415,2020,4
2020-04-27,YYC-DT,IN_STORE,34,1140,57.0,1083,2020,4
2020-04-27,YYC-DT,ONLINE,24,604,30.24,574,2020,4
2020-04-27,YYC-NW,IN_STORE,20,835,41.78,793,2020,4
2020-04-27,YYC-NW,ONLINE,13,426,21.32,405,2020,4
2020-04-27,YYC-SE,IN_STORE,23,623,31.17,592,2020,4
2020-04-27,YYC-SE,ONLINE,9,385,19.26,366,2020,4
2020-04-28,YYC-DT,IN_STORE,38,1337,66.89,1270,2020,4
2020-04-28,YYC-DT,ONLINE,19,659,32.98,626,2020,4
2020-04-28,YYC-NW,IN_STORE,25,879,43.99,835,2020,4
2020-04-28,YYC-NW,ONLINE,18,485,24.25,460,2020,4
2020-04-28,YYC-SE,IN_STORE,21,766,38.33,728,2020,4
2020-04-28,YYC-SE,ONLINE,10,374,18.75,356,2020,4
2020-04-29,YYC-DT,IN_STORE,33,1299,64.99,1234,2020,4
2020-04-29,YYC-DT,ONLINE,19,607,30.36,576,2020,4
2020-04-29,YYC-NW,IN_STORE,23,807,40.38,767,2020,4
2020-04-29,YYC-NW,ONLINE,12,463,23.2,440,2020,4
2020-04-29,YYC-SE,IN_STORE,29,687,34.36,652,2020,4
2020-04-29,YYC-SE,ONLINE,14,421,21.08,400,2020,4
2020-04-30,YYC-DT,IN_STORE,40,1114,55.75,1059,2020,4
2020-04-30,YYC-DT,ONLINE,25,651,32.56,618,2020,4
2020-04-30,YYC-NW,IN_STORE,33,768,38.43,730,2020,4
2020-04-30,YYC-NW,ONLINE,14,445,22.25,422,2020,4
2020-04-30,YYC-SE,IN_STORE,17,699,34.97,664,2020,4
2020-04-30,YYC-SE,ONLINE,14,412,20.62,391,2020,4
2020-05-01,YYC-DT,IN_STORE,50,1199,60.0,1139,2020,5
2020-05-01,YYC-DT,ONLINE,22,712,35.6,676,2020,5
2020-05-01,YYC-NW,IN_STORE,29,846,42.34,804,2020,5
2020-05-01,YYC-NW,ONLINE,13,478,23.93,454,2020,5
2020-05-01,YYC-SE,IN_STORE,19,710,35.52,674,2020,5
2020-05-01,YYC-SE,ONLINE,11,426,21.31,404,2020,5
2020-05-02,YYC-DT,IN_STORE,38,1319,66.0,1253,2020,5
2020-05-02,YYC-DT,ONLINE,24,709,35.47,673,2020,5
2020-05-02,YYC-NW,IN_STORE,30,939,46.98,892,2020,5
2020-05-02,YYC-NW,ONLINE,15,511,25.55,485,2020,5
2020-05-02,YYC-SE,IN_STORE,26,752,37.62,714,2020,5
2020-05-02,YYC-SE,ONLINE,13,458,22.92,435,2020,5
2020-05-03,YYC-DT,IN_STORE,64,1557,77.86,1479,2020,5
2020-05-03,YYC-DT,ONLINE,22,747,37.4,710,2020,5
2020-05-03,YYC-NW,IN_STORE,38,1141,57.09,1084,2020,5
2020-05-03,YYC-NW,ONLINE,18,571,28.59,543,2020,5
2020-05-03,YYC-SE,IN_STORE,23,814,40.7,773,2020,5
2020-05-03,YYC-SE,ONLINE,13,460,23.01,437,2020,5
2020-05-04,YYC-DT,IN_STORE,45,1277,63.87,1213,2020,5
2020-05-04,YYC-DT,ONLINE,22,750,37.54,713,2020,5
2020-05-04,YYC-NW,IN_STORE,29,984,49.2,934,2020,5
2020-05-04,YYC-NW,ONLINE,14,419,20.97,398,2020,5
2020-05-04,YYC-SE,IN_STORE,21,767,38.39,729,2020,5
2020-05-04,YYC-SE,ONLINE,11,446,22.31,423,2020,5
2020-05-05,YYC-DT,IN_STORE,44,1306,65.32,1241,2020,5
2020-05-05,YYC-DT,ONLINE,22,736,36.83,699,2020,5
2020-05-05,YYC-NW,IN_STORE,28,823,41.16,782,2020,5
2020-05-05,YYC-NW,ONLINE,20,481,24.09,457,2020,5
2020-05-05,YYC-SE,IN_STORE,18,718,35.93,682,2020,5
2020-05-05,YYC-SE,ONLINE,11,384,19.21,364,2020,5
2020-05-06,YYC-DT,IN_STORE,55,1431,71.59,1360,2020,5
2020-05-06,YYC-DT,ONLINE,24,702,35.14,667,2020,5
2020-05-06,YYC-NW,IN_STORE,26,921,46.07,875,2020,5
2020-05-06,YYC-NW,ONLINE,15,551,27.57,523,2020,5
2020-05-06,YYC-SE,IN_STORE,25,838,41.9,796,2020,5
2020-05-06,YYC-SE,ONLINE,15,386,19.31,366,2020,5
2020-05-07,YYC-DT,IN_STORE,52,1247,62.4,1185,2020,5
2020-05-07,YYC-DT,ONLINE,27,684,34.21,650,2020,5
2020-05-07,YYC-NW,IN_STORE,32,924,46.23,878,2020,5
2020-05-07,YYC-NW,ONLINE,14,539,27.0,512,2020,5
2020-05-07,YYC-SE,IN_STORE,19,759,37.95,721,2020,5
2020-05-07,YYC-SE,ONLINE,11,405,20.26,384,2020,5
2020-05-08,YYC-DT,IN_STORE,41,1205,60.28,1145,2020,5
2020-05-08,YYC-DT,ONLINE,21,690,34.53,656,2020,5
2020-05-08,YYC-NW,IN_STORE,30,822,41.11,781,2020,5
2020-05-08,YYC-NW,ONLINE,15,495,24.76,470,2020,5
2020-05-08,YYC-SE,IN_STORE,18,737,36.88,700,2020,5
2020-05-08,YYC-SE,ONLINE,11,362,18.11,344,2020,5
2020-05-09,YYC-DT,IN_STORE,59,1474,73.72,1400,2020,5
2020-05-09,YYC-DT,ONLINE,28,786,39.32,747,2020,5
2020-05-09,YYC-NW,IN_STORE,41,1096,54.85,1042,2020,5
2020-05-09,YYC-NW,ONLINE,17,605,30.28,575,2020,5
2020-05-09,YYC-SE,IN_STORE,33,915,45.75,869,2020,5
2020-05-09,YYC-SE,ONLINE,19,533,26.67,506,2020,5
2020-05-10,YYC-DT,IN_STORE,43,1436,71.84,1364,2020,5
2020-05-10,YYC-DT,ONLINE,19,766,38.33,728,2020,5
2020-05-10,YYC-NW,IN_STORE,30,1029,51.49,978,2020,5
2020-05-10,YYC-NW,ONLINE,18,622,31.11,591,2020,5
2020-05-10,YYC-SE,IN_STORE,28,865,43.27,822,2020,5
2020-05-10,YYC-SE,ONLINE,16,458,22.91,435,2020,5
2020-05-11,YYC-DT,IN_STORE,41,1138,56.91,1081,2020,5
2020-05-11,YYC-DT,ONLINE,22,647,32.36,614,2020,5
2020-05-11,YYC-NW,IN_STORE,23,786,39.35,747,2020,5
2020-05-11,YYC-NW,ONLINE,11,467,23.37,444,2020,5
2020-05-11,YYC-SE,IN_STORE,23,725,36.28,689,2020,5
2020-05-11,YYC-SE,ONLINE,12,409,20.49,389,2020,5
2020-05-12,YYC-DT,IN_STORE,38,1240,62.02,1178,2020,5
2020-05-12,YYC-DT,ONLINE,22,669,33.48,636,2020,5
2020-05-12,YYC-NW,IN_STORE,26,886,44.3,841,2020,5
2020-05-12,YYC-NW,ONLINE,14,476,23.8,452,2020,5
2020-05-12,YYC-SE,IN_STORE,18,701,35.06,666,2020,5
2020-05-12,YYC-SE,ONLINE,11,413,20.68,392,2020,5
2020-05-13,YYC-DT,IN_STORE,41,1186,59.34,1127,2020,5
2020-05-13,YYC-DT,ONLINE,23,683,34.17,649,2020,5
2020-05-13,YYC-NW,IN_STORE,24,827,41.4,786,2020,5
2020-05-13,YYC-NW,ONLINE,11,457,22.87,434,2020,5
2020-05-13,YYC-SE,IN_STORE,19,670,33.53,637,2020,5
2020-05-13,YYC-SE,ONLINE,11,345,17.26,327,2020,5
2020-05-14,YYC-DT,IN_STORE,38,1154,57.74,1097,2020,5
2020-05-14,YYC-DT,ONLINE,25,659,32.97,626,2020,5
2020-05-14,YYC-NW,IN_STORE,34,864,43.24,821,2020,5
2020-05-14,YYC-NW,ONLINE,13,432,21.61,410,2020,5
2020-05-14,YYC-SE,IN_STORE,27,693,34.66,658,2020,5
2020-05-14,YYC-SE,ONLINE,11,385,19.26,365,2020,5
2020-05-15,YYC-DT,IN_STORE,39,1338,66.93,1271,2020,5
2020-05-15,YYC-DT,ONLINE,28,745,37.27,708,2020,5
2020-05-15,YYC-NW,IN_STORE,30,959,47.99,911,2020,5
2020-05-15,YYC-NW,ONLINE,17,474,23.72,450,2020,5
2020-05-15,YYC-SE,IN_STORE,25,847,42.38,805,2020,5
2020-05-15,YYC-SE,ONLINE,10,402,20.13,382,2020,5
2020-05-16,YYC-DT,IN_STORE,57,1479,73.97,1405,2020,5
2020-05-16,YYC-DT,ONLINE,20,769,38.45,730,2020,5
2020-05-16,YYC-NW,IN_STORE,34,1089,54.47,1035,2020,5
2020-05-16,YYC-NW,ONLINE,17,604,30.24,574,2020,5
2020-05-16,YYC-SE,IN_STORE,23,929,46.47,882,2020,5
2020-05-16,YYC-SE,ONLINE,13,519,25.96,493,2020,5
2020-05-17,YYC-DT,IN_STORE,45,1239,61.98,1177,2020,5
2020-05-17,YYC-DT,ONLINE,22,683,34.16,648,2020,5
2020-05-17,YYC-NW,IN_STORE,37,908,45.44,863,2020,5
2020-05-17,YYC-NW,ONLINE,17,482,24.1,457,2020,5
2020-05-17,YYC-SE,IN_STORE,24,752,37.62,714,2020,5
2020-05-17,YYC-SE,ONLINE,15,375,18.78,356,2020,5
2020-05-18,YYC-DT,IN_STORE,40,1321,66.07,1255,2020,5
2020-05-18,YYC-DT,ONLINE,25,703,35.15,667,2020,5
2020-05-18,YYC-NW,IN_STORE,33,969,48.49,921,2020,5
2020-05-18,YYC-NW,ONLINE,17,437,21.88,415,2020,5
2020-05-18,YYC-SE,IN_STORE,21,822,41.15,781,2020,5
2020-05-18,YYC-SE,ONLINE,15,413,20.69,393,2020,5
2020-05-19,YYC-DT,IN_STORE,48,1210,60.53,1150,2020,5
2020-05-19,YYC-DT,ONLINE,20,620,31.05,589,2020,5
2020-05-19,YYC-NW,IN_STORE,25,866,43.32,823,2020,5
2020-05-19,YYC-NW,ONLINE,12,473,23.65,449,2020,5
2020-05-19,YYC-SE,IN_STORE,18,734,36.71,697,2020,5
2020-05-19,YYC-SE,ONLINE,10,382,19.14,363,2020,5
2020-05-20,YYC-DT,IN_STORE,32,1235,61.79,1173,2020,5
2020-05-20,YYC-DT,ONLINE,22,636,31.82,604,2020,5
2020-05-20,YYC-NW,IN_STORE,31,894,44.74,849,2020,5
2020-05-20,YYC-NW,ONLINE,14,488,24.44,464,2020,5
2020-05-20,YYC-SE,IN_STORE,18,755,37.78,717,2020,5
2020-05-20,YYC-SE,ONLINE,13,374,18.71,355,2020,5
2020-05-21,YYC-DT,IN_STORE,39,1339,66.95,1272,2020,5
2020-05-21,YYC-DT,ONLINE,21,663,33.17,630,2020,5
2020-05-21,YYC-NW,IN_STORE,27,902,45.12,857,2020,5
2020-05-21,YYC-NW,ONLINE,14,462,23.12,439,2020,5
2020-05-21,YYC-SE,IN_STORE,20,738,36.95,701,2020,5
2020-05-21,YYC-SE,ONLINE,12,441,22.08,419,2020,5
2020-05-22,YYC-DT,IN_STORE,34,1278,63.95,1215,2020,5
2020-05-22,YYC-DT,ONLINE,17,644,32.22,612,2020,5
2020-05-22,YYC-NW,IN_STORE,22,766,38.34,728,2020,5
2020-05-22,YYC-NW,ONLINE,11,428,21.45,407,2020,5
2020-05-22,YYC-SE,IN_STORE,20,741,37.07,704,2020,5
2020-05-22,YYC-SE,ONLINE,10,428,21.41,406,2020,5
2020-05-23,YYC-DT,IN_STORE,42,1407,70.38,1337,2020,5
2020-05-23,YYC-DT,ONLINE,21,768,38.43,730,2020,5
2020-05-23,YYC-NW,IN_STORE,28,1087,54.39,1033,2020,5
2020-05-23,YYC-NW,ONLINE,16,495,24.79,470,2020,5
2020-05-23,YYC-SE,IN_STORE,21,832,41.63,791,2020,5
2020-05-23,YYC-SE,ONLINE,19,450,22.52,427,2020,5
2020-05-24,YYC-DT,IN_STORE,48,1328,66.43,1262,2020,5
2020-05-24,YYC-DT,ONLINE,19,789,39.48,750,2020,5
2020-05-24,YYC-NW,IN_STORE,26,902,45.11,857,2020,5
2020-05-24,YYC-NW,ONLINE,13,506,25.3,480,2020,5
2020-05-24,YYC-SE,IN_STORE,29,801,40.08,761,2020,5
2020-05-24,YYC-SE,ONLINE,14,479,24.0,455,2020,5
2020-05-25,YYC-DT,IN_STORE,54,1258,62.94,1195,2020,5
2020-05-25,YYC-DT,ONLINE,19,699,34.98,664,2020,5
2020-05-25,YYC-NW,IN_STORE,36,959,47.96,911,2020,5
2020-05-25,YYC-NW,ONLINE,13,479,23.97,455,2020,5
2020-05-25,YYC-SE,IN_STORE,20,843,42.16,801,2020,5
2020-05-25,YYC-SE,ONLINE,13,379,18.98,360,2020,5
2020-05-26,YYC-DT,IN_STORE,48,1291,64.59,1227,2020,5
2020-05-26,YYC-DT,ONLINE,17,649,32.46,616,2020,5
2020-05-26,YYC-NW,IN_STORE,31,886,44.34,842,2020,5
2020-05-26,YYC-NW,ONLINE,12,510,25.55,485,2020,5
2020-05-26,YYC-SE,IN_STORE,25,742,37.13,705,2020,5
2020-05-26,YYC-SE,ONLINE,11,438,21.93,416,2020,5
2020-05-27,YYC-DT,IN_STORE,44,1194,59.73,1134,2020,5
2020-05-27,YYC-DT,ONLINE,25,677,33.88,643,2020,5
2020-05-27,YYC-NW,IN_STORE,32,871,43.59,828,2020,5
2020-05-27,YYC-NW,ONLINE,13,505,25.26,480,2020,5
2020-05-27,YYC-SE,IN_STORE,25,793,39.69,754,2020,5
2020-05-27,YYC-SE,ONLINE,15,421,21.09,400,2020,5
2020-05-28,YYC-DT,IN_STORE,33,1213,60.68,1152,2020,5
2020-05-28,YYC-DT,ONLINE,16,659,32.99,626,2020,5
2020-05-28,YYC-NW,IN_STORE,26,918,45.92,872,2020,5
2020-05-28,YYC-NW,ONLINE,15,475,23.79,451,2020,5
2020-05-28,YYC-SE,IN_STORE,18,613,30.65,582,2020,5
2020-05-28,YYC-SE,ONLINE,9,325,16.28,309,2020,5
2020-05-29,YYC-DT,IN_STORE,50,1200,60.04,1140,2020,5
2020-05-29,YYC-DT,ONLINE,16,742,37.14,705,2020,5
2020-05-29,YYC-NW,IN_STORE,33,856,42.82,813,2020,5
2020-05-29,YYC-NW,ONLINE,14,427,21.38,406,2020,5
2020-05-29,YYC-SE,IN_STORE,25,733,36.65,696,2020,5
2020-05-29,YYC-SE,ONLINE,12,368,18.43,350,2020,5
2020-05-30,YYC-DT,IN_STORE,35,1467,73.35,1393,2020,5
2020-05-30,YYC-DT,ONLINE,21,831,41.58,790,2020,5
2020-05-30,YYC-NW,IN_STORE,42,1045,52.3,993,2020,5
2020-05-30,YYC-NW,ONLINE,14,531,26.56,504,2020,5
2020-05-30,YYC-SE,IN_STORE,29,816,40.81,775,2020,5
2020-05-30,YYC-SE,ONLINE,12,505,25.27,480,2020,5
2020-05-31,YYC-DT,IN_STORE,41,1464,73.2,1390,2020,5
2020-05-31,YYC-DT,ONLINE,23,769,38.45,730,2020,5
2020-05-31,YYC-NW,IN_STORE,34,1012,50.64,962,2020,5
2020-05-31,YYC-NW,ONLINE,16,570,28.54,542,2020,5
2020-05-31,YYC-SE,IN_STORE,27,865,43.25,821,2020,5
2020-05-31,YYC-SE,ONLINE,12,490,24.52,465,2020,5
2020-06-01,YYC-DT,IN_STORE,36,1248,62.43,1186,2020,6
2020-06-01,YYC-DT,ONLINE,16,641,32.05,609,2020,6
2020-06-01,YYC-NW,IN_STORE,32,885,44.25,840,2020,6
2020-06-01,YYC-NW,ONLINE,20,489,24.5,465,2020,6
2020-06-01,YYC-SE,IN_STORE,31,742,37.14,705,2020,6
2020-06-01,YYC-SE,ONLINE,15,383,19.18,364,2020,6
2020-06-02,YYC-DT,IN_STORE,39,1391,69.57,1321,2020,6
2020-06-02,YYC-DT,ONLINE,24,756,37.84,718,2020,6
2020-06-02,YYC-NW,IN_STORE,24,962,48.15,914,2020,6
2020-06-02,YYC-NW,ONLINE,13,531,26.55,504,2020,6
2020-06-02,YYC-SE,IN_STORE,22,723,36.19,687,2020,6
2020-06-02,YYC-SE,ONLINE,17,420,21.03,399,2020,6
2020-06-03,YYC-DT,IN_STORE,43,1366,68.34,1298,2020,6
2020-06-03,YYC-DT,ONLINE,20,765,38.27,727,2020,6
2020-06-03,YYC-NW,IN_STORE,23,958,47.93,910,2020,6
2020-06-03,YYC-NW,ONLINE,12,442,22.14,420,2020,6
2020-06-03,YYC-SE,IN_STORE,31,810,40.55,770,2020,6
2020-06-03,YYC-SE,ONLINE,13,400,20.01,380,2020,6
2020-06-04,YYC-DT,IN_STORE,35,1150,57.54,1093,2020,6
2020-06-04,YYC-DT,ONLINE,22,608,30.4,577,2020,6
2020-06-04,YYC-NW,IN_STORE,23,821,41.09,780,2020,6
2020-06-04,YYC-NW,ONLINE,14,424,21.23,403,2020,6
2020-06-04,YYC-SE,IN_STORE,26,709,35.47,674,2020,6
2020-06-04,YYC-SE,ONLINE,12,379,18.97,360,2020,6
2020-06-05,YYC-DT,IN_STORE,41,1368,68.42,1299,2020,6
2020-06-05,YYC-DT,ONLINE,18,720,36.03,684,2020,6
2020-06-05,YYC-NW,IN_STORE,36,929,46.49,883,2020,6
2020-06-05,YYC-NW,ONLINE,16,522,26.14,496,2020,6
2020-06-05,YYC-SE,IN_STORE,27,862,43.14,819,2020,6
2020-06-05,YYC-SE,ONLINE,12,461,23.05,437,2020,6
2020-06-06,YYC-DT,IN_STORE,38,1496,74.84,1421,2020,6
2020-06-06,YYC-DT,ONLINE,30,747,37.37,709,2020,6
2020-06-06,YYC-NW,IN_STORE,27,1047,52.39,995,2020,6
2020-06-06,YYC-NW,ONLINE,17,517,25.86,491,2020,6
2020-06-06,YYC-SE,IN_STORE,21,836,41.82,794,2020,6
2020-06-06,YYC-SE,ONLINE,14,439,21.98,417,2020,6
2020-06-07,YYC-DT,IN_STORE,37,1423,71.19,1352,2020,6
2020-06-07,YYC-DT,ONLINE,28,829,41.45,787,2020,6
2020-06-07,YYC-NW,IN_STORE,30,1085,54.28,1031,2020,6
2020-06-07,YYC-NW,ONLINE,18,607,30.36,576,2020,6
2020-06-07,YYC-SE,IN_STORE,26,818,40.92,777,2020,6
2020-06-07,YYC-SE,ONLINE,14,423,21.17,402,2020,6
2020-06-08,YYC-DT,IN_STORE,32,1188,59.42,1129,2020,6
2020-06-08,YYC-DT,ONLINE,27,698,34.95,663,2020,6
2020-06-08,YYC-NW,IN_STORE,25,897,44.85,852,2020,6
2020-06-08,YYC-NW,ONLINE,12,487,24.36,462,2020,6
2020-06-08,YYC-SE,IN_STORE,24,655,32.77,622,2020,6
2020-06-08,YYC-SE,ONLINE,15,403,20.19,383,2020,6
2020-06-09,YYC-DT,IN_STORE,31,1237,61.87,1175,2020,6
2020-06-09,YYC-DT,ONLINE,26,636,31.82,604,2020,6
2020-06-09,YYC-NW,IN_STORE,23,853,42.69,811,2020,6
2020-06-09,YYC-NW,ONLINE,11,402,20.14,382,2020,6
2020-06-09,YYC-SE,IN_STORE,28,729,36.46,692,2020,6
2020-06-09,YYC-SE,ONLINE,12,377,18.87,358,2020,6
2020-06-10,YYC-DT,IN_STORE,32,1207,60.37,1147,2020,6
2020-06-10,YYC-DT,ONLINE,25,643,32.19,611,2020,6
2020-06-10,YYC-NW,IN_STORE,31,934,46.73,887,2020,6
2020-06-10,YYC-NW,ONLINE,12,460,23.0,437,2020,6
2020-06-10,YYC-SE,IN_STORE,25,693,34.66,658,2020,6
2020-06-10,YYC-SE,ONLINE,16,373,18.69,355,2020,6
2020-06-11,YYC-DT,IN_STORE,37,1439,71.97,1367,2020,6
2020-06-11,YYC-DT,ONLINE,19,662,33.15,629,2020,6
2020-06-11,YYC-NW,IN_STORE,23,942,47.12,895,2020,6
2020-06-11,YYC-NW,ONLINE,14,549,27.46,521,2020,6
2020-06-11,YYC-SE,IN_STORE,19,822,41.15,781,2020,6
2020-06-11,YYC-SE,ONLINE,15,421,21.09,400,2020,6
2020-06-12,YYC-DT,IN_STORE,48,1248,62.41,1185,2020,6
2020-06-12,YYC-DT,ONLINE,20,666,33.32,632,2020,6
2020-06-12,YYC-NW,IN_STORE,29,912,45.64,867,2020,6
2020-06-12,YYC-NW,ONLINE,14,550,27.54,523,2020,6
2020-06-12,YYC-SE,IN_STORE,21,757,37.85,719,2020,6
2020-06-12,YYC-SE,ONLINE,17,406,20.33,386,2020,6
2020-06-13,YYC-DT,IN_STORE,55,1511,75.6,1436,2020,6
2020-06-13,YYC-DT,ONLINE,19,801,40.09,761,2020,6
2020-06-13,YYC-NW,IN_STORE,28,1072,53.64,1019,2020,6
2020-06-13,YYC-NW,ONLINE,18,548,27.44,521,2020,6
2020-06-13,YYC-SE,IN_STORE,25,797,39.85,757,2020,6
2020-06-13,YYC-SE,ONLINE,16,448,22.45,426,2020,6
2020-06-14,YYC-DT,IN_STORE,36,1527,76.35,1450,2020,6
2020-06-14,YYC-DT,ONLINE,19,793,39.7,754,2020,6
2020-06-14,YYC-NW,IN_STORE,26,1128,56.41,1071,2020,6
2020-06-14,YYC-NW,ONLINE,19,582,29.12,553,2020,6
2020-06-14,YYC-SE,IN_STORE,22,945,47.29,898,2020,6
2020-06-14,YYC-SE,ONLINE,15,529,26.47,502,2020,6
2020-06-15,YYC-DT,IN_STORE,39,1105,55.29,1050,2020,6
2020-06-15,YYC-DT,ONLINE,20,675,33.78,641,2020,6
2020-06-15,YYC-NW,IN_STORE,36,885,44.28,841,2020,6
2020-06-15,YYC-NW,ONLINE,12,439,21.97,417,2020,6
2020-06-15,YYC-SE,IN_STORE,25,684,34.25,650,2020,6
2020-06-15,YYC-SE,ONLINE,13,396,19.82,376,2020,6
2020-06-16,YYC-DT,IN_STORE,34,1382,69.12,1313,2020,6
2020-06-16,YYC-DT,ONLINE,25,719,35.96,683,2020,6
2020-06-16,YYC-NW,IN_STORE,31,956,47.81,908,2020,6
2020-06-16,YYC-NW,ONLINE,20,479,23.99,455,2020,6
2020-06-16,YYC-SE,IN_STORE,20,811,40.57,770,2020,6
2020-06-16,YYC-SE,ONLINE,17,458,22.94,435,2020,6
2020-06-17,YYC-DT,IN_STORE,45,1297,64.87,1232,2020,6
2020-06-17,YYC-DT,ONLINE,21,616,30.83,585,2020,6
2020-06-17,YYC-NW,IN_STORE,21,802,40.12,762,2020,6
2020-06-17,YYC-NW,ONLINE,12,451,22.57,428,2020,6
2020-06-17,YYC-SE,IN_STORE,21,817,40.88,776,2020,6
2020-06-17,YYC-SE,ONLINE,10,398,19.91,378,2020,6
2020-06-18,YYC-DT,IN_STORE,50,1245,62.3,1183,2020,6
2020-06-18,YYC-DT,ONLINE,22,709,35.47,673,2020,6
2020-06-18,YYC-NW,IN_STORE,26,884,44.24,840,2020,6
2020-06-18,YYC-NW,ONLINE,15,462,23.1,438,2020,6
2020-06-18,YYC-SE,IN_STORE,22,801,40.1,761,2020,6
2020-06-18,YYC-SE,ONLINE,13,422,21.12,401,2020,6
2020-06-19,YYC-DT,IN_STORE,45,1325,66.28,1259,2020,6
2020-06-19,YYC-DT,ONLINE,20,627,31.36,595,2020,6
2020-06-19,YYC-NW,IN_STORE,28,958,47.94,910,2020,6
2020-06-19,YYC-NW,ONLINE,13,497,24.86,472,2020,6
2020-06-19,YYC-SE,IN_STORE,30,805,40.29,765,2020,6
2020-06-19,YYC-SE,ONLINE,17,449,22.5,427,2020,6
2020-06-20,YYC-DT,IN_STORE,34,1321,66.09,1255,2020,6
2020-06-20,YYC-DT,ONLINE,18,694,34.72,659,2020,6
2020-06-20,YYC-NW,IN_STORE,27,1032,51.62,980,2020,6
2020-06-20,YYC-NW,ONLINE,17,569,28.45,540,2020,6
2020-06-20,YYC-SE,IN_STORE,26,881,44.09,837,2020,6
2020-06-20,YYC-SE,ONLINE,11,467,23.38,444,2020,6
2020-06-21,YYC-DT,IN_STORE,42,1373,68.68,1304,2020,6
2020-06-21,YYC-DT,ONLINE,19,739,36.99,702,2020,6
2020-06-21,YYC-NW,IN_STORE,31,1044,52.22,992,2020,6
2020-06-21,YYC-NW,ONLINE,23,574,28.72,545,2020,6
2020-06-21,YYC-SE,IN_STORE,30,883,44.2,839,2020,6
2020-06-21,YYC-SE,ONLINE,11,374,18.71,355,2020,6
2020-06-22,YYC-DT,IN_STORE,39,1385,69.29,1316,2020,6
2020-06-22,YYC-DT,ONLINE,30,765,38.27,727,2020,6
2020-06-22,YYC-NW,IN_STORE,33,967,48.37,919,2020,6
2020-06-22,YYC-NW,ONLINE,14,447,22.38,425,2020,6
2020-06-22,YYC-SE,IN_STORE,22,801,40.07,761,2020,6
2020-06-22,YYC-SE,ONLINE,15,438,21.94,416,2020,6
2020-06-23,YYC-DT,IN_STORE,41,1216,60.81,1155,2020,6
2020-06-23,YYC-DT,ONLINE,27,680,34.05,646,2020,6
2020-06-23,YYC-NW,IN_STORE,23,873,43.67,829,2020,6
2020-06-23,YYC-NW,ONLINE,15,460,23.03,437,2020,6
2020-06-23,YYC-SE,IN_STORE,22,760,38.03,722,2020,6
2020-06-23,YYC-SE,ONLINE,10,400,20.01,380,2020,6
2020-06-24,YYC-DT,IN_STORE,47,1423,71.18,1352,2020,6
2020-06-24,YYC-DT,ONLINE,21,723,36.15,686,2020,6
2020-06-24,YYC-NW,IN_STORE,38,1037,51.87,985,2020,6
2020-06-24,YYC-NW,ONLINE,14,525,26.29,499,2020,6
2020-06-24,YYC-SE,IN_STORE,25,882,44.13,838,2020,6
2020-06-24,YYC-SE,ONLINE,15,445,22.28,423,2020,6
2020-06-25,YYC-DT,IN_STORE,31,1247,62.38,1185,2020,6
2020-06-25,YYC-DT,ONLINE,18,573,28.68,544,2020,6
2020-06-25,YYC-NW,IN_STORE,25,860,43.01,817,2020,6
2020-06-25,YYC-NW,ONLINE,15,499,24.96,474,2020,6
2020-06-25,YYC-SE,IN_STORE,21,681,34.08,647,2020,6
2020-06-25,YYC-SE,ONLINE,15,394,19.72,374,2020,6
2020-06-26,YYC-DT,IN_STORE,37,1441,72.06,1369,2020,6
2020-06-26,YYC-DT,ONLINE,21,682,34.14,648,2020,6
2020-06-26,YYC-NW,IN_STORE,27,974,48.74,926,2020,6
2020-06-26,YYC-NW,ONLINE,15,499,24.96,474,2020,6
2020-06-26,YYC-SE,IN_STORE,24,888,44.44,844,2020,6
2020-06-26,YYC-SE,ONLINE,11,428,21.41,406,2020,6
2020-06-27,YYC-DT,IN_STORE,41,1520,76.0,1444,2020,6
2020-06-27,YYC-DT,ONLINE,25,811,40.6,771,2020,6
2020-06-27,YYC-NW,IN_STORE,27,1116,55.82,1060,2020,6
2020-06-27,YYC-NW,ONLINE,16,612,30.62,581,2020,6
2020-06-27,YYC-SE,IN_STORE,25,863,43.18,820,2020,6
2020-06-27,YYC-SE,ONLINE,12,411,20.56,390,2020,6
2020-06-28,YYC-DT,IN_STORE,46,1304,65.2,1238,2020,6
2020-06-28,YYC-DT,ONLINE,17,660,33.0,627,2020,6
2020-06-28,YYC-NW,IN_STORE,24,796,39.82,756,2020,6
2020-06-28,YYC-NW,ONLINE,13,520,26.02,494,2020,6
2020-06-28,YYC-SE,IN_STORE,28,735,36.76,698,2020,6
2020-06-28,YYC-SE,ONLINE,13,412,20.64,392,2020,6
2020-06-29,YYC-DT,IN_STORE,44,1280,64.03,1216,2020,6
2020-06-29,YYC-DT,ONLINE,17,681,34.1,647,2020,6
2020-06-29,YYC-NW,IN_STORE,24,887,44.37,843,2020,6
2020-06-29,YYC-NW,ONLINE,14,440,22.01,418,2020,6
2020-06-29,YYC-SE,IN_STORE,18,719,35.99,683,2020,6
2020-06-29,YYC-SE,ONLINE,14,404,20.24,384,2020,6
2020-06-30,YYC-DT,IN_STORE,35,1299,64.98,1234,2020,6
2020-06-30,YYC-DT,ONLINE,26,730,36.51,693,2020,6
2020-06-30,YYC-NW,IN_STORE,30,935,46.76,888,2020,6
2020-06-30,YYC-NW,ONLINE,14,477,23.85,453,2020,6
2020-06-30,YYC-SE,IN_STORE,30,780,39.03,741,2020,6
2020-06-30,YYC-SE,ONLINE,11,480,24.03,456,2020,6
2020-07-01,YYC-DT,IN_STORE,36,1264,63.24,1201,2020,7
2020-07-01,YYC-DT,ONLINE,20,641,32.09,609,2020,7
2020-07-01,YYC-NW,IN_STORE,25,876,43.8,832,2020,7
2020-07-01,YYC-NW,ONLINE,13,471,23.59,448,2020,7
2020-07-01,YYC-SE,IN_STORE,24,768,38.43,730,2020,7
2020-07-01,YYC-SE,ONLINE,13,445,22.27,423,2020,7
2020-07-02,YYC-DT,IN_STORE,32,1356,67.84,1289,2020,7
2020-07-02,YYC-DT,ONLINE,18,721,36.09,685,2020,7
2020-07-02,YYC-NW,IN_STORE,29,919,45.98,873,2020,7
2020-07-02,YYC-NW,ONLINE,16,542,27.11,515,2020,7
2020-07-02,YYC-SE,IN_STORE,29,843,42.15,800,2020,7
2020-07-02,YYC-SE,ONLINE,11,403,20.18,383,2020,7
2020-07-03,YYC-DT,IN_STORE,50,1220,61.03,1159,2020,7
2020-07-03,YYC-DT,ONLINE,19,726,36.33,690,2020,7
2020-07-03,YYC-NW,IN_STORE,22,891,44.56,846,2020,7
2020-07-03,YYC-NW,ONLINE,18,500,25.02,475,2020,7
2020-07-03,YYC-SE,IN_STORE,19,765,38.27,727,2020,7
2020-07-03,YYC-SE,ONLINE,10,433,21.69,412,2020,7
2020-07-04,YYC-DT,IN_STORE,40,1389,69.47,1319,2020,7
2020-07-04,YYC-DT,ONLINE,22,790,39.54,751,2020,7
2020-07-04,YYC-NW,IN_STORE,30,1016,50.8,965,2020,7
2020-07-04,YYC-NW,ONLINE,21,585,29.26,555,2020,7
2020-07-04,YYC-SE,IN_STORE,31,852,42.62,809,2020,7
2020-07-04,YYC-SE,ONLINE,12,492,24.65,468,2020,7
2020-07-05,YYC-DT,IN_STORE,48,1379,68.97,1310,2020,7
2020-07-05,YYC-DT,ONLINE,27,790,39.52,750,2020,7
2020-07-05,YYC-NW,IN_STORE,27,1078,53.94,1024,2020,7
2020-07-05,YYC-NW,ONLINE,16,500,25.04,475,2020,7
2020-07-05,YYC-SE,IN_STORE,25,920,46.05,874,2020,7
2020-07-05,YYC-SE,ONLINE,12,523,26.15,496,2020,7
2020-07-06,YYC-DT,IN_STORE,56,1426,71.32,1355,2020,7
2020-07-06,YYC-DT,ONLINE,21,698,34.93,663,2020,7
2020-07-06,YYC-NW,IN_STORE,39,929,46.49,883,2020,7
2020-07-06,YYC-NW,ONLINE,17,555,27.77,527,2020,7
2020-07-06,YYC-SE,IN_STORE,25,822,41.12,781,2020,7
2020-07-06,YYC-SE,ONLINE,11,403,20.18,383,2020,7
2020-07-07,YYC-DT,IN_STORE,42,1346,67.35,1279,2020,7
2020-07-07,YYC-DT,ONLINE,18,691,34.57,656,2020,7
2020-07-07,YYC-NW,IN_STORE,25,988,49.44,939,2020,7
2020-07-07,YYC-NW,ONLINE,14,475,23.76,451,2020,7
2020-07-07,YYC-SE,IN_STORE,22,751,37.58,714,2020,7
2020-07-07,YYC-SE,ONLINE,11,370,18.52,351,2020,7
2020-07-08,YYC-DT,IN_STORE,49,1333,66.67,1266,2020,7
2020-07-08,YYC-DT,ONLINE,24,666,33.34,633,2020,7
2020-07-08,YYC-NW,IN_STORE,24,847,42.39,805,2020,7
2020-07-08,YYC-NW,ONLINE,16,449,22.46,426,2020,7
2020-07-08,YYC-SE,IN_STORE,21,891,44.59,847,2020,7
2020-07-08,YYC-SE,ONLINE,10,335,16.78,318,2020,7
2020-07-09,YYC-DT,IN_STORE,32,1278,63.92,1214,2020,7
2020-07-09,YYC-DT,ONLINE,17,661,33.06,628,2020,7
2020-07-09,YYC-NW,IN_STORE,27,819,40.99,778,2020,7
2020-07-09,YYC-NW,ONLINE,12,502,25.12,477,2020,7
2020-07-09,YYC-SE,IN_STORE,19,765,38.26,726,2020,7
2020-07-09,YYC-SE,ONLINE,10,423,21.18,402,2020,7
2020-07-10,YYC-DT,IN_STORE,33,1220,61.01,1159,2020,7
2020-07-10,YYC-DT,ONLINE,25,728,36.44,692,2020,7
2020-07-10,YYC-NW,IN_STORE,23,853,42.69,811,2020,7
2020-07-10,YYC-NW,ONLINE,14,462,23.12,439,2020,7
2020-07-10,YYC-SE,IN_STORE,23,725,36.27,689,2020,7
2020-07-10,YYC-SE,ONLINE,13,435,21.79,413,2020,7
2020-07-11,YYC-DT,IN_STORE,33,1318,65.9,1252,2020,7
2020-07-11,YYC-DT,ONLINE,19,713,35.67,677,2020,7
2020-07-11,YYC-NW,IN_STORE,24,961,48.08,913,2020,7
2020-07-11,YYC-NW,ONLINE,16,507,25.36,481,2020,7
2020-07-11,YYC-SE,IN_STORE,27,802,40.13,762,2020,7
2020-07-11,YYC-SE,ONLINE,17,451,22.59,429,2020,7
2020-07-12,YYC-DT,IN_STORE,43,1477,73.85,1403,2020,7
2020-07-12,YYC-DT,ONLINE,20,768,38.45,730,2020,7
2020-07-12,YYC-NW,IN_STORE,26,1043,52.17,991,2020,7
2020-07-12,YYC-NW,ONLINE,18,547,27.38,520,2020,7
2020-07-12,YYC-SE,IN_STORE,33,959,47.98,911,2020,7
2020-07-12,YYC-SE,ONLINE,14,425,21.29,404,2020,7
2020-07-13,YYC-DT,IN_STORE,36,1232,61.62,1170,2020,7
2020-07-13,YYC-DT,ONLINE,24,711,35.57,675,2020,7
2020-07-13,YYC-NW,IN_STORE,22,868,43.41,824,2020,7
2020-07-13,YYC-NW,ONLINE,11,467,23.37,444,2020,7
2020-07-13,YYC-SE,IN_STORE,27,749,37.45,711,2020,7
2020-07-13,YYC-SE,ONLINE,10,375,18.78,356,2020,7
2020-07-14,YYC-DT,IN_STORE,33,1401,70.05,1331,2020,7
2020-07-14,YYC-DT,ONLINE,18,670,33.54,637,2020,7
2020-07-14,YYC-NW,IN_STORE,31,870,43.55,827,2020,7
2020-07-14,YYC-NW,ONLINE,12,475,23.76,451,2020,7
2020-07-14,YYC-SE,IN_STORE,26,744,37.24,707,2020,7
2020-07-14,YYC-SE,ONLINE,17,457,22.89,434,2020,7
2020-07-15,YYC-DT,IN_STORE,41,1442,72.13,1370,2020,7
2020-07-15,YYC-DT,ONLINE,23,758,37.91,720,2020,7
2020-07-15,YYC-NW,IN_STORE,30,983,49.17,934,2020,7
2020-07-15,YYC-NW,ONLINE,18,496,24.82,471,2020,7
2020-07-15,YYC-SE,IN_STORE,22,874,43.73,830,2020,7
2020-07-15,YYC-SE,ONLINE,11,451,22.55,428,2020,7
2020-07-16,YYC-DT,IN_STORE,37,1330,66.53,1264,2020,7
2020-07-16,YYC-DT,ONLINE,23,762,38.13,724,2020,7
2020-07-16,YYC-NW,IN_STORE,30,1033,51.69,982,2020,7
2020-07-16,YYC-NW,ONLINE,16,548,27.41,520,2020,7
2020-07-16,YYC-SE,IN_STORE,33,811,40.6,771,2020,7
2020-07-16,YYC-SE,ONLINE,12,424,21.23,403,2020,7
2020-07-17,YYC-DT,IN_STORE,36,1231,61.57,1169,2020,7
2020-07-17,YYC-DT,ONLINE,16,692,34.64,658,2020,7
2020-07-17,YYC-NW,IN_STORE,31,864,43.22,821,2020,7
2020-07-17,YYC-NW,ONLINE,14,517,25.9,492,2020,7
2020-07-17,YYC-SE,IN_STORE,20,675,33.76,641,2020,7
2020-07-17,YYC-SE,ONLINE,15,423,21.17,402,2020,7
2020-07-18,YYC-DT,IN_STORE,42,1628,81.43,1547,2020,7
2020-07-18,YYC-DT,ONLINE,28,862,43.11,819,2020,7
2020-07-18,YYC-NW,IN_STORE,30,1050,52.52,997,2020,7
2020-07-18,YYC-NW,ONLINE,15,621,31.08,590,2020,7
2020-07-18,YYC-SE,IN_STORE,34,962,48.14,914,2020,7
2020-07-18,YYC-SE,ONLINE,19,487,24.38,463,2020,7
2020-07-19,YYC-DT,IN_STORE,39,1328,66.4,1261,2020,7
2020-07-19,YYC-DT,ONLINE,26,749,37.49,712,2020,7
2020-07-19,YYC-NW,IN_STORE,35,969,48.49,921,2020,7
2020-07-19,YYC-NW,ONLINE,21,546,27.32,519,2020,7
2020-07-19,YYC-SE,IN_STORE,32,850,42.54,808,2020,7
2020-07-19,YYC-SE,ONLINE,14,409,20.48,389,2020,7
2020-07-20,YYC-DT,IN_STORE,46,1148,57.42,1090,2020,7
2020-07-20,YYC-DT,ONLINE,23,617,30.89,586,2020,7
2020-07-20,YYC-NW,IN_STORE,28,793,39.66,753,2020,7
2020-07-20,YYC-NW,ONLINE,16,464,23.23,441,2020,7
2020-07-20,YYC-SE,IN_STORE,25,768,38.43,730,2020,7
2020-07-20,YYC-SE,ONLINE,12,375,18.79,356,2020,7
2020-07-21,YYC-DT,IN_STORE,33,1239,61.98,1177,2020,7
2020-07-21,YYC-DT,ONLINE,16,702,35.12,667,2020,7
2020-07-21,YYC-NW,IN_STORE,27,912,45.64,867,2020,7
2020-07-21,YYC-NW,ONLINE,19,478,23.9,454,2020,7
2020-07-21,YYC-SE,IN_STORE,19,632,31.63,600,2020,7
2020-07-21,YYC-SE,ONLINE,16,369,18.49,351,2020,7
2020-07-22,YYC-DT,IN_STORE,35,1216,60.81,1155,2020,7
2020-07-22,YYC-DT,ONLINE,15,577,28.85,548,2020,7
2020-07-22,YYC-NW,IN_STORE,21,856,42.8,813,2020,7
2020-07-22,YYC-NW,ONLINE,16,407,20.37,387,2020,7
2020-07-22,YYC-SE,IN_STORE,19,719,35.97,683,2020,7
2020-07-22,YYC-SE,ONLINE,15,327,16.37,311,2020,7
2020-07-23,YYC-DT,IN_STORE,52,1355,67.8,1288,2020,7
2020-07-23,YYC-DT,ONLINE,17,669,33.48,636,2020,7
2020-07-23,YYC-NW,IN_STORE,28,886,44.32,842,2020,7
2020-07-23,YYC-NW,ONLINE,17,478,23.92,454,2020,7
2020-07-23,YYC-SE,IN_STORE,20,793,39.68,753,2020,7
2020-07-23,YYC-SE,ONLINE,11,409,20.45,388,2020,7
2020-07-24,YYC-DT,IN_STORE,35,1295,64.76,1230,2020,7
2020-07-24,YYC-DT,ONLINE,22,743,37.15,705,2020,7
2020-07-24,YYC-NW,IN_STORE,36,856,42.85,814,2020,7
2020-07-24,YYC-NW,ONLINE,15,505,25.28,480,2020,7
2020-07-24,YYC-SE,IN_STORE,27,839,41.96,797,2020,7
2020-07-24,YYC-SE,ONLINE,12,406,20.3,385,2020,7
2020-07-25,YYC-DT,IN_STORE,51,1544,77.22,1467,2020,7
2020-07-25,YYC-DT,ONLINE,25,853,42.68,810,2020,7
2020-07-25,YYC-NW,IN_STORE,27,1163,58.16,1105,2020,7
2020-07-25,YYC-NW,ONLINE,18,645,32.25,612,2020,7
2020-07-25,YYC-SE,IN_STORE,36,924,46.2,877,2020,7
2020-07-25,YYC-SE,ONLINE,16,511,25.57,485,2020,7
2020-07-26,YYC-DT,IN_STORE,35,1490,74.54,1416,2020,7
2020-07-26,YYC-DT,ONLINE,20,828,41.44,787,2020,7
2020-07-26,YYC-NW,IN_STORE,36,1035,51.77,983,2020,7
2020-07-26,YYC-NW,ONLINE,15,514,25.72,488,2020,7
2020-07-26,YYC-SE,IN_STORE,22,889,44.47,844,2020,7
2020-07-26,YYC-SE,ONLINE,14,436,21.81,414,2020,7
2020-07-27,YYC-DT,IN_STORE,33,1249,62.48,1187,2020,7
2020-07-27,YYC-DT,ONLINE,19,669,33.49,636,2020,7
2020-07-27,YYC-NW,IN_STORE,35,858,42.93,815,2020,7
2020-07-27,YYC-NW,ONLINE,16,534,26.72,507,2020,7
2020-07-27,YYC-SE,IN_STORE,21,811,40.56,770,2020,7
2020-07-27,YYC-SE,ONLINE,11,355,17.79,338,2020,7
2020-07-28,YYC-DT,IN_STORE,34,1411,70.6,1341,2020,7
2020-07-28,YYC-DT,ONLINE,29,691,34.58,657,2020,7
2020-07-28,YYC-NW,IN_STORE,37,887,44.38,843,2020,7
2020-07-28,YYC-NW,ONLINE,14,486,24.34,462,2020,7
2020-07-28,YYC-SE,IN_STORE,27,800,40.04,760,2020,7
2020-07-28,YYC-SE,ONLINE,12,460,23.04,437,2020,7
2020-07-29,YYC-DT,IN_STORE,31,1123,56.16,1067,2020,7
2020-07-29,YYC-DT,ONLINE,16,592,29.62,562,2020,7
2020-07-29,YYC-NW,IN_STORE,21,846,42.3,803,2020,7
2020-07-29,YYC-NW,ONLINE,17,482,24.1,457,2020,7
2020-07-29,YYC-SE,IN_STORE,27,736,36.83,699,2020,7
2020-07-29,YYC-SE,ONLINE,11,395,19.76,375,2020,7
2020-07-30,YYC-DT,IN_STORE,50,1275,63.79,1212,2020,7
2020-07-30,YYC-DT,ONLINE,19,747,37.38,710,2020,7
2020-07-30,YYC-NW,IN_STORE,24,896,44.83,851,2020,7
2020-07-30,YYC-NW,ONLINE,18,497,24.86,472,2020,7
2020-07-30,YYC-SE,IN_STORE,20,834,41.74,793,2020,7
2020-07-30,YYC-SE,ONLINE,16,401,20.1,381,2020,7
2020-07-31,YYC-DT,IN_STORE,38,1348,67.43,1281,2020,7
2020-07-31,YYC-DT,ONLINE,18,708,35.43,673,2020,7
2020-07-31,YYC-NW,IN_STORE,28,842,42.15,800,2020,7
2020-07-31,YYC-NW,ONLINE,13,485,24.27,461,2020,7
2020-07-31,YYC-SE,IN_STORE,25,765,38.27,727,2020,7
2020-07-31,YYC-SE,ONLINE,11,432,21.6,410,2020,7
2020-08-01,YYC-DT,IN_STORE,41,1319,65.98,1253,2020,8
2020-08-01,YYC-DT,ONLINE,23,715,35.76,679,2020,8
2020-08-01,YYC-NW,IN_STORE,29,854,42.73,811,2020,8
2020-08-01,YYC-NW,ONLINE,19,501,25.1,476,2020,8
2020-08-01,YYC-SE,IN_STORE,20,837,41.86,795,2020,8
2020-08-01,YYC-SE,ONLINE,10,359,17.97,341,2020,8
2020-08-02,YYC-DT,IN_STORE,44,1463,73.16,1390,2020,8
2020-08-02,YYC-DT,ONLINE,26,819,40.96,778,2020,8
2020-08-02,YYC-NW,IN_STORE,29,1061,53.07,1008,2020,8
2020-08-02,YYC-NW,ONLINE,18,594,29.74,565,2020,8
2020-08-02,YYC-SE,IN_STORE,26,865,43.28,822,2020,8
2020-08-02,YYC-SE,ONLINE,20,502,25.11,477,2020,8
2020-08-03,YYC-DT,IN_STORE,50,1336,66.83,1269,2020,8
2020-08-03,YYC-DT,ONLINE,21,756,37.81,718,2020,8
2020-08-03,YYC-NW,IN_STORE,23,908,45.43,863,2020,8
2020-08-03,YYC-NW,ONLINE,20,493,24.7,469,2020,8
2020-08-03,YYC-SE,IN_STORE,22,792,39.63,752,2020,8
2020-08-03,YYC-SE,ONLINE,11,460,23.01,437,2020,8
2020-08-04,YYC-DT,IN_STORE,33,1241,62.09,1179,2020,8
2020-08-04,YYC-DT,ONLINE,23,673,33.66,639,2020,8
2020-08-04,YYC-NW,IN_STORE,33,898,44.91,853,2020,8
2020-08-04,YYC-NW,ONLINE,16,524,26.25,498,2020,8
2020-08-04,YYC-SE,IN_STORE,23,756,37.83,718,2020,8
2020-08-04,YYC-SE,ONLINE,15,453,22.7,431,2020,8
2020-08-05,YYC-DT,IN_STORE,41,1435,71.77,1363,2020,8
2020-08-05,YYC-DT,ONLINE,23,628,31.45,597,2020,8
2020-08-05,YYC-NW,IN_STORE,33,973,48.67,924,2020,8
2020-08-05,YYC-NW,ONLINE,16,501,25.05,476,2020,8
2020-08-05,YYC-SE,IN_STORE,26,813,40.67,772,2020,8
2020-08-05,YYC-SE,ONLINE,15,413,20.69,393,2020,8
2020-08-06,YYC-DT,IN_STORE,38,1468,73.41,1394,2020,8
2020-08-06,YYC-DT,ONLINE,22,831,41.55,789,2020,8
2020-08-06,YYC-NW,IN_STORE,33,1026,51.35,975,2020,8
2020-08-06,YYC-NW,ONLINE,20,525,26.28,499,2020,8
2020-08-06,YYC-SE,IN_STORE,30,854,42.71,811,2020,8
2020-08-06,YYC-SE,ONLINE,13,403,20.19,383,2020,8
2020-08-07,YYC-DT,IN_STORE,47,1307,65.37,1242,2020,8
2020-08-07,YYC-DT,ONLINE,22,763,38.16,724,2020,8
2020-08-07,YYC-NW,IN_STORE,25,955,47.79,907,2020,8
2020-08-07,YYC-NW,ONLINE,18,498,24.94,473,2020,8
2020-08-07,YYC-SE,IN_STORE,24,694,34.72,659,2020,8
2020-08-07,YYC-SE,ONLINE,14,407,20.36,386,2020,8
2020-08-08,YYC-DT,IN_STORE,47,1407,70.38,1337,2020,8
2020-08-08,YYC-DT,ONLINE,31,728,36.43,692,2020,8
2020-08-08,YYC-NW,IN_STORE,42,1078,53.92,1024,2020,8
2020-08-08,YYC-NW,ONLINE,18,576,28.84,547,2020,8
2020-08-08,YYC-SE,IN_STORE,27,854,42.72,811,2020,8
2020-08-08,YYC-SE,ONLINE,15,476,23.8,452,2020,8
2020-08-09,YYC-DT,IN_STORE,42,1316,65.84,1251,2020,8
2020-08-09,YYC-DT,ONLINE,22,751,37.56,713,2020,8
2020-08-09,YYC-NW,IN_STORE,23,1017,50.85,966,2020,8
2020-08-09,YYC-NW,ONLINE,19,556,27.83,528,2020,8
2020-08-09,YYC-SE,IN_STORE,33,799,39.98,759,2020,8
2020-08-09,YYC-SE,ONLINE,17,431,21.58,409,2020,8
2020-08-10,YYC-DT,IN_STORE,34,1249,62.49,1187,2020,8
2020-08-10,YYC-DT,ONLINE,19,640,32.04,608,2020,8
2020-08-10,YYC-NW,IN_STORE,35,858,42.95,815,2020,8
2020-08-10,YYC-NW,ONLINE,18,468,23.42,445,2020,8
2020-08-10,YYC-SE,IN_STORE,24,756,37.81,718,2020,8
2020-08-10,YYC-SE,ONLINE,14,368,18.43,350,2020,8
2020-08-11,YYC-DT,IN_STORE,49,1373,68.66,1304,2020,8
2020-08-11,YYC-DT,ONLINE,21,684,34.25,650,2020,8
2020-08-11,YYC-NW,IN_STORE,36,995,49.78,945,2020,8
2020-08-11,YYC-NW,ONLINE,14,567,28.37,539,2020,8
2020-08-11,YYC-SE,IN_STORE,21,714,35.71,678,2020,8
2020-08-11,YYC-SE,ONLINE,15,439,21.97,417,2020,8
2020-08-12,YYC-DT,IN_STORE,41,1234,61.7,1172,2020,8
2020-08-12,YYC-DT,ONLINE,17,600,30.03,570,2020,8
2020-08-12,YYC-NW,IN_STORE,34,869,43.49,826,2020,8
2020-08-12,YYC-NW,ONLINE,12,453,22.69,431,2020,8
2020-08-12,YYC-SE,IN_STORE,18,803,40.15,762,2020,8
2020-08-12,YYC-SE,ONLINE,11,374,18.72,355,2020,8
2020-08-13,YYC-DT,IN_STORE,53,1381,69.05,1311,2020,8
2020-08-13,YYC-DT,ONLINE,17,704,35.22,669,2020,8
2020-08-13,YYC-NW,IN_STORE,34,903,45.16,858,2020,8
2020-08-13,YYC-NW,ONLINE,13,494,24.73,469,2020,8
2020-08-13,YYC-SE,IN_STORE,31,768,38.45,730,2020,8
2020-08-13,YYC-SE,ONLINE,15,456,22.84,433,2020,8
2020-08-14,YYC-DT,IN_STORE,48,1182,59.14,1123,2020,8
2020-08-14,YYC-DT,ONLINE,18,749,37.47,711,2020,8
2020-08-14,YYC-NW,IN_STORE,23,878,43.9,834,2020,8
2020-08-14,YYC-NW,ONLINE,13,500,25.02,475,2020,8
2020-08-14,YYC-SE,IN_STORE,28,790,39.53,751,2020,8
2020-08-14,YYC-SE,ONLINE,14,398,19.95,379,2020,8
2020-08-15,YYC-DT,IN_STORE,47,1503,75.16,1428,2020,8
2020-08-15,YYC-DT,ONLINE,23,754,37.72,716,2020,8
2020-08-15,YYC-NW,IN_STORE,42,1072,53.64,1019,2020,8
2020-08-15,YYC-NW,ONLINE,17,584,29.22,555,2020,8
2020-08-15,YYC-SE,IN_STORE,33,841,42.08,799,2020,8
2020-08-15,YYC-SE,ONLINE,19,491,24.57,466,2020,8
2020-08-16,YYC-DT,IN_STORE,53,1473,73.67,1399,2020,8
2020-08-16,YYC-DT,ONLINE,24,770,38.55,732,2020,8
2020-08-16,YYC-NW,IN_STORE,29,977,48.87,928,2020,8
2020-08-16,YYC-NW,ONLINE,16,588,29.42,559,2020,8
2020-08-16,YYC-SE,IN_STORE,23,857,42.88,814,2020,8
2020-08-16,YYC-SE,ONLINE,16,451,22.6,429,2020,8
2020-08-17,YYC-DT,IN_STORE,40,1413,70.7,1343,2020,8
2020-08-17,YYC-DT,ONLINE,17,708,35.4,672,2020,8
2020-08-17,YYC-NW,IN_STORE,28,1032,51.64,981,2020,8
2020-08-17,YYC-NW,ONLINE,19,493,24.68,468,2020,8
2020-08-17,YYC-SE,IN_STORE,31,851,42.59,809,2020,8
2020-08-17,YYC-SE,ONLINE,12,395,19.77,375,2020,8
2020-08-18,YYC-DT,IN_STORE,30,1271,63.59,1208,2020,8
2020-08-18,YYC-DT,ONLINE,18,647,32.37,615,2020,8
2020-08-18,YYC-NW,IN_STORE,21,863,43.17,820,2020,8
2020-08-18,YYC-NW,ONLINE,13,467,23.39,444,2020,8
2020-08-18,YYC-SE,IN_STORE,21,742,37.13,705,2020,8
2020-08-18,YYC-SE,ONLINE,13,444,22.2,421,2020,8
2020-08-19,YYC-DT,IN_STORE,48,1227,61.38,1166,2020,8
2020-08-19,YYC-DT,ONLINE,25,702,35.12,667,2020,8
2020-08-19,YYC-NW,IN_STORE,26,936,46.82,889,2020,8
2020-08-19,YYC-NW,ONLINE,15,423,21.18,402,2020,8
2020-08-19,YYC-SE,IN_STORE,19,707,35.37,672,2020,8
2020-08-19,YYC-SE,ONLINE,16,381,19.06,362,2020,8
2020-08-20,YYC-DT,IN_STORE,44,1266,63.32,1203,2020,8
2020-08-20,YYC-DT,ONLINE,17,672,33.61,638,2020,8
2020-08-20,YYC-NW,IN_STORE,31,910,45.52,864,2020,8
2020-08-20,YYC-NW,ONLINE,11,425,21.27,404,2020,8
2020-08-20,YYC-SE,IN_STORE,20,761,38.07,723,2020,8
2020-08-20,YYC-SE,ONLINE,16,409,20.47,388,2020,8
2020-08-21,YYC-DT,IN_STORE,30,1265,63.27,1202,2020,8
2020-08-21,YYC-DT,ONLINE,24,653,32.67,620,2020,8
2020-08-21,YYC-NW,IN_STORE,29,961,48.08,913,2020,8
2020-08-21,YYC-NW,ONLINE,16,507,25.36,481,2020,8
2020-08-21,YYC-SE,IN_STORE,21,747,37.37,710,2020,8
2020-08-21,YYC-SE,ONLINE,12,369,18.46,350,2020,8
2020-08-22,YYC-DT,IN_STORE,57,1377,68.87,1308,2020,8
2020-08-22,YYC-DT,ONLINE,31,811,40.59,771,2020,8
2020-08-22,YYC-NW,IN_STORE,29,1019,50.97,968,2020,8
2020-08-22,YYC-NW,ONLINE,14,507,25.36,481,2020,8
2020-08-22,YYC-SE,IN_STORE,29,879,44.0,835,2020,8
2020-08-22,YYC-SE,ONLINE,14,451,22.56,428,2020,8
2020-08-23,YYC-DT,IN_STORE,49,1551,77.56,1473,2020,8
2020-08-23,YYC-DT,ONLINE,20,855,42.77,812,2020,8
2020-08-23,YYC-NW,IN_STORE,34,1062,53.11,1009,2020,8
2020-08-23,YYC-NW,ONLINE,18,564,28.21,536,2020,8
2020-08-23,YYC-SE,IN_STORE,29,855,42.79,812,2020,8
2020-08-23,YYC-SE,ONLINE,12,471,23.56,447,2020,8
2020-08-24,YYC-DT,IN_STORE,42,1226,61.34,1165,2020,8
2020-08-24,YYC-DT,ONLINE,16,571,28.57,542,2020,8
2020-08-24,YYC-NW,IN_STORE,24,864,43.22,821,2020,8
2020-08-24,YYC-NW,ONLINE,17,437,21.87,415,2020,8
2020-08-24,YYC-SE,IN_STORE,29,763,38.2,725,2020,8
2020-08-24,YYC-SE,ONLINE,10,342,17.12,325,2020,8
2020-08-25,YYC-DT,IN_STORE,33,1294,64.74,1230,2020,8
2020-08-25,YYC-DT,ONLINE,18,680,34.02,646,2020,8
2020-08-25,YYC-NW,IN_STORE,24,972,48.6,923,2020,8
2020-08-25,YYC-NW,ONLINE,19,543,27.18,516,2020,8
2020-08-25,YYC-SE,IN_STORE,20,754,37.73,716,2020,8
2020-08-25,YYC-SE,ONLINE,11,417,20.88,396,2020,8
2020-08-26,YYC-DT,IN_STORE,40,1270,63.53,1207,2020,8
2020-08-26,YYC-DT,ONLINE,30,707,35.37,672,2020,8
2020-08-26,YYC-NW,IN_STORE,26,962,48.15,914,2020,8
2020-08-26,YYC-NW,ONLINE,19,555,27.79,527,2020,8
2020-08-26,YYC-SE,IN_STORE,22,850,42.5,807,2020,8
2020-08-26,YYC-SE,ONLINE,14,422,21.12,401,2020,8
2020-08-27,YYC-DT,IN_STORE,44,1303,65.2,1238,2020,8
2020-08-27,YYC-DT,ONLINE,28,696,34.82,661,2020,8
2020-08-27,YYC-NW,IN_STORE,25,920,46.03,874,2020,8
2020-08-27,YYC-NW,ONLINE,19,556,27.84,529,2020,8
2020-08-27,YYC-SE,IN_STORE,22,839,41.97,797,2020,8
2020-08-27,YYC-SE,ONLINE,10,402,20.12,382,2020,8
2020-08-28,YYC-DT,IN_STORE,53,1474,73.74,1401,2020,8
2020-08-28,YYC-DT,ONLINE,21,751,37.58,714,2020,8
2020-08-28,YYC-NW,IN_STORE,34,999,49.97,949,2020,8
2020-08-28,YYC-NW,ONLINE,16,501,25.07,476,2020,8
2020-08-28,YYC-SE,IN_STORE,23,792,39.6,752,2020,8
2020-08-28,YYC-SE,ONLINE,15,522,26.13,496,2020,8
2020-08-29,YYC-DT,IN_STORE,42,1412,70.62,1341,2020,8
2020-08-29,YYC-DT,ONLINE,21,763,38.2,725,2020,8
2020-08-29,YYC-NW,IN_STORE,23,1001,50.1,951,2020,8
2020-08-29,YYC-NW,ONLINE,13,497,24.85,472,2020,8
2020-08-29,YYC-SE,IN_STORE,27,845,42.28,803,2020,8
2020-08-29,YYC-SE,ONLINE,12,405,20.26,384,2020,8
2020-08-30,YYC-DT,IN_STORE,35,1446,72.35,1374,2020,8
2020-08-30,YYC-DT,ONLINE,28,665,33.27,632,2020,8
2020-08-30,YYC-NW,IN_STORE,25,888,44.42,843,2020,8
2020-08-30,YYC-NW,ONLINE,18,550,27.54,523,2020,8
2020-08-30,YYC-SE,IN_STORE,26,832,41.61,790,2020,8
2020-08-30,YYC-SE,ONLINE,10,438,21.91,416,2020,8
2020-08-31,YYC-DT,IN_STORE,28,1211,60.58,1151,2020,8
2020-08-31,YYC-DT,ONLINE,20,650,32.52,617,2020,8
2020-08-31,YYC-NW,IN_STORE,27,791,39.6,752,2020,8
2020-08-31,YYC-NW,ONLINE,11,429,21.45,407,2020,8
2020-08-31,YYC-SE,IN_STORE,20,738,36.9,701,2020,8
2020-08-31,YYC-SE,ONLINE,10,388,19.45,369,2020,8
2020-09-01,YYC-DT,IN_STORE,42,1234,61.74,1173,2020,9
2020-09-01,YYC-DT,ONLINE,24,700,35.04,665,2020,9
2020-09-01,YYC-NW,IN_STORE,27,1007,50.39,957,2020,9
2020-09-01,YYC-NW,ONLINE,13,512,25.62,486,2020,9
2020-09-01,YYC-SE,IN_STORE,21,806,40.34,766,2020,9
2020-09-01,YYC-SE,ONLINE,17,418,20.91,397,2020,9
2020-09-02,YYC-DT,IN_STORE,35,1273,63.65,1209,2020,9
2020-09-02,YYC-DT,ONLINE,23,707,35.38,672,2020,9
2020-09-02,YYC-NW,IN_STORE,35,874,43.7,830,2020,9
2020-09-02,YYC-NW,ONLINE,15,429,21.5,408,2020,9
2020-09-02,YYC-SE,IN_STORE,20,739,36.99,702,2020,9
2020-09-02,YYC-SE,ONLINE,13,402,20.15,382,2020,9
2020-09-03,YYC-DT,IN_STORE,32,1294,64.74,1230,2020,9
2020-09-03,YYC-DT,ONLINE,24,658,32.92,625,2020,9
2020-09-03,YYC-NW,IN_STORE,35,889,44.48,845,2020,9
2020-09-03,YYC-NW,ONLINE,20,464,23.23,441,2020,9
2020-09-03,YYC-SE,IN_STORE,22,796,39.83,756,2020,9
2020-09-03,YYC-SE,ONLINE,11,447,22.36,424,2020,9
2020-09-04,YYC-DT,IN_STORE,38,1233,61.68,1172,2020,9
2020-09-04,YYC-DT,ONLINE,19,703,35.17,668,2020,9
2020-09-04,YYC-NW,IN_STORE,27,915,45.79,870,2020,9
2020-09-04,YYC-NW,ONLINE,17,448,22.41,425,2020,9
2020-09-04,YYC-SE,IN_STORE,22,801,40.05,760,2020,9
2020-09-04,YYC-SE,ONLINE,12,415,20.78,394,2020,9
2020-09-05,YYC-DT,IN_STORE,35,1255,62.79,1192,2020,9
2020-09-05,YYC-DT,ONLINE,18,715,35.75,679,2020,9
2020-09-05,YYC-NW,IN_STORE,34,916,45.82,870,2020,9
2020-09-05,YYC-NW,ONLINE,16,484,24.25,460,2020,9
2020-09-05,YYC-SE,IN_STORE,22,803,40.2,763,2020,9
2020-09-05,YYC-SE,ONLINE,13,428,21.45,407,2020,9
2020-09-06,YYC-DT,IN_STORE,40,1634,81.72,1552,2020,9
2020-09-06,YYC-DT,ONLINE,27,787,39.36,747,2020,9
2020-09-06,YYC-NW,IN_STORE,37,1148,57.41,1090,2020,9
2020-09-06,YYC-NW,ONLINE,14,569,28.49,541,2020,9
2020-09-06,YYC-SE,IN_STORE,36,909,45.47,864,2020,9
2020-09-06,YYC-SE,ONLINE,12,525,26.29,499,2020,9
2020-09-07,YYC-DT,IN_STORE,37,1291,64.58,1227,2020,9
2020-09-07,YYC-DT,ONLINE,21,650,32.52,617,2020,9
2020-09-07,YYC-NW,IN_STORE,30,924,46.22,878,2020,9
2020-09-07,YYC-NW,ONLINE,13,504,25.21,478,2020,9
2020-09-07,YYC-SE,IN_STORE,23,754,37.74,716,2020,9
2020-09-07,YYC-SE,ONLINE,16,406,20.31,385,2020,9
2020-09-08,YYC-DT,IN_STORE,47,1330,66.53,1264,2020,9
2020-09-08,YYC-DT,ONLINE,18,697,34.89,662,2020,9
2020-09-08,YYC-NW,IN_STORE,34,878,43.95,834,2020,9
2020-09-08,YYC-NW,ONLINE,11,437,21.85,415,2020,9
2020-09-08,YYC-SE,IN_STORE,21,869,43.45,825,2020,9
2020-09-08,YYC-SE,ONLINE,14,431,21.59,410,2020,9
2020-09-09,YYC-DT,IN_STORE,34,1382,69.11,1313,2020,9
2020-09-09,YYC-DT,ONLINE,21,671,33.58,637,2020,9
2020-09-09,YYC-NW,IN_STORE,34,897,44.89,852,2020,9
2020-09-09,YYC-NW,ONLINE,16,511,25.57,485,2020,9
2020-09-09,YYC-SE,IN_STORE,19,812,40.6,771,2020,9
2020-09-09,YYC-SE,ONLINE,17,461,23.06,438,2020,9
2020-09-10,YYC-DT,IN_STORE,39,1209,60.46,1148,2020,9
2020-09-10,YYC-DT,ONLINE,17,701,35.08,666,2020,9
2020-09-10,YYC-NW,IN_STORE,29,951,47.57,903,2020,9
2020-09-10,YYC-NW,ONLINE,15,493,24.66,468,2020,9
2020-09-10,YYC-SE,IN_STORE,30,792,39.61,752,2020,9
2020-09-10,YYC-SE,ONLINE,16,367,18.36,348,2020,9
2020-09-11,YYC-DT,IN_STORE,49,1259,62.99,1196,2020,9
2020-09-11,YYC-DT,ONLINE,20,664,33.2,630,2020,9
2020-09-11,YYC-NW,IN_STORE,34,821,41.06,780,2020,9
2020-09-11,YYC-NW,ONLINE,15,433,21.67,411,2020,9
2020-09-11,YYC-SE,IN_STORE,24,874,43.71,830,2020,9
2020-09-11,YYC-SE,ONLINE,11,383,19.2,364,2020,9
2020-09-12,YYC-DT,IN_STORE,49,1375,68.8,1307,2020,9
2020-09-12,YYC-DT,ONLINE,27,717,35.87,681,2020,9
2020-09-12,YYC-NW,IN_STORE,28,1015,50.76,964,2020,9
2020-09-12,YYC-NW,ONLINE,13,515,25.79,490,2020,9
2020-09-12,YYC-SE,IN_STORE,23,769,38.48,731,2020,9
2020-09-12,YYC-SE,ONLINE,12,460,23.03,437,2020,9
2020-09-13,YYC-DT,IN_STORE,40,1383,69.17,1314,2020,9
2020-09-13,YYC-DT,ONLINE,30,780,39.02,741,2020,9
2020-09-13,YYC-NW,IN_STORE,31,994,49.74,945,2020,9
2020-09-13,YYC-NW,ONLINE,15,569,28.48,541,2020,9
2020-09-13,YYC-SE,IN_STORE,21,853,42.67,810,2020,9
2020-09-13,YYC-SE,ONLINE,12,434,21.74,413,2020,9
2020-09-14,YYC-DT,IN_STORE,33,1381,69.1,1312,2020,9
2020-09-14,YYC-DT,ONLINE,28,721,36.07,685,2020,9
2020-09-14,YYC-NW,IN_STORE,29,1020,51.0,969,2020,9
2020-09-14,YYC-NW,ONLINE,14,634,31.72,602,2020,9
2020-09-14,YYC-SE,IN_STORE,23,825,41.28,784,2020,9
2020-09-14,YYC-SE,ONLINE,11,477,23.87,453,2020,9
2020-09-15,YYC-DT,IN_STORE,46,1337,66.9,1271,2020,9
2020-09-15,YYC-DT,ONLINE,28,734,36.7,697,2020,9
2020-09-15,YYC-NW,IN_STORE,25,967,48.36,918,2020,9
2020-09-15,YYC-NW,ONLINE,17,452,22.6,429,2020,9
2020-09-15,YYC-SE,IN_STORE,26,745,37.29,708,2020,9
2020-09-15,YYC-SE,ONLINE,12,417,20.87,396,2020,9
2020-09-16,YYC-DT,IN_STORE,52,1359,67.95,1291,2020,9
2020-09-16,YYC-DT,ONLINE,29,695,34.78,660,2020,9
2020-09-16,YYC-NW,IN_STORE,25,958,47.91,910,2020,9
2020-09-16,YYC-NW,ONLINE,14,506,25.35,481,2020,9
2020-09-16,YYC-SE,IN_STORE,27,734,36.71,697,2020,9
2020-09-16,YYC-SE,ONLINE,12,507,25.38,482,2020,9
2020-09-17,YYC-DT,IN_STORE,39,1228,61.4,1166,2020,9
2020-09-17,YYC-DT,ONLINE,20,674,33.74,641,2020,9
2020-09-17,YYC-NW,IN_STORE,28,849,42.46,806,2020,9
2020-09-17,YYC-NW,ONLINE,12,440,22.04,418,2020,9
2020-09-17,YYC-SE,IN_STORE,19,741,37.09,704,2020,9
2020-09-17,YYC-SE,ONLINE,12,378,18.93,359,2020,9
2020-09-18,YYC-DT,IN_STORE,48,1162,58.14,1104,2020,9
2020-09-18,YYC-DT,ONLINE,19,591,29.56,561,2020,9
2020-09-18,YYC-NW,IN_STORE,34,835,41.77,793,2020,9
2020-09-18,YYC-NW,ONLINE,11,436,21.85,415,2020,9
2020-09-18,YYC-SE,IN_STORE,19,727,36.38,691,2020,9
2020-09-18,YYC-SE,ONLINE,14,391,19.58,371,2020,9
2020-09-19,YYC-DT,IN_STORE,53,1436,71.8,1364,2020,9
2020-09-19,YYC-DT,ONLINE,25,695,34.75,660,2020,9
2020-09-19,YYC-NW,IN_STORE,39,968,48.44,920,2020,9
2020-09-19,YYC-NW,ONLINE,16,533,26.68,506,2020,9
2020-09-19,YYC-SE,IN_STORE,27,806,40.33,766,2020,9
2020-09-19,YYC-SE,ONLINE,11,448,22.43,426,2020,9
2020-09-20,YYC-DT,IN_STORE,45,1320,66.04,1254,2020,9
2020-09-20,YYC-DT,ONLINE,27,756,37.83,718,2020,9
2020-09-20,YYC-NW,IN_STORE,24,950,47.52,902,2020,9
2020-09-20,YYC-NW,ONLINE,20,514,25.73,488,2020,9
2020-09-20,YYC-SE,IN_STORE,23,839,41.95,797,2020,9
2020-09-20,YYC-SE,ONLINE,15,495,24.76,470,2020,9
2020-09-21,YYC-DT,IN_STORE,47,1354,67.71,1286,2020,9
2020-09-21,YYC-DT,ONLINE,24,682,34.13,648,2020,9
2020-09-21,YYC-NW,IN_STORE,27,996,49.84,947,2020,9
2020-09-21,YYC-NW,ONLINE,13,449,22.46,426,2020,9
2020-09-21,YYC-SE,IN_STORE,24,817,40.88,776,2020,9
2020-09-21,YYC-SE,ONLINE,11,429,21.47,407,2020,9
2020-09-22,YYC-DT,IN_STORE,30,1128,56.43,1072,2020,9
2020-09-22,YYC-DT,ONLINE,18,569,28.49,541,2020,9
2020-09-22,YYC-NW,IN_STORE,22,859,42.96,816,2020,9
2020-09-22,YYC-NW,ONLINE,13,382,19.14,363,2020,9
2020-09-22,YYC-SE,IN_STORE,16,676,33.82,642,2020,9
2020-09-22,YYC-SE,ONLINE,12,388,19.45,369,2020,9
2020-09-23,YYC-DT,IN_STORE,46,1394,69.74,1325,2020,9
2020-09-23,YYC-DT,ONLINE,21,704,35.24,669,2020,9
2020-09-23,YYC-NW,IN_STORE,25,969,48.48,921,2020,9
2020-09-23,YYC-NW,ONLINE,16,516,25.82,490,2020,9
2020-09-23,YYC-SE,IN_STORE,21,862,43.11,819,2020,9
2020-09-23,YYC-SE,ONLINE,12,440,22.04,418,2020,9
2020-09-24,YYC-DT,IN_STORE,49,1158,57.95,1101,2020,9
2020-09-24,YYC-DT,ONLINE,18,593,29.68,563,2020,9
2020-09-24,YYC-NW,IN_STORE,24,875,43.78,831,2020,9
2020-09-24,YYC-NW,ONLINE,12,493,24.7,469,2020,9
2020-09-24,YYC-SE,IN_STORE,20,718,35.91,682,2020,9
2020-09-24,YYC-SE,ONLINE,14,443,22.17,421,2020,9
2020-09-25,YYC-DT,IN_STORE,51,1152,57.64,1095,2020,9
2020-09-25,YYC-DT,ONLINE,21,644,32.22,612,2020,9
2020-09-25,YYC-NW,IN_STORE,32,892,44.61,847,2020,9
2020-09-25,YYC-NW,ONLINE,11,407,20.36,386,2020,9
2020-09-25,YYC-SE,IN_STORE,28,732,36.64,696,2020,9
2020-09-25,YYC-SE,ONLINE,10,406,20.31,385,2020,9
2020-09-26,YYC-DT,IN_STORE,37,1405,70.26,1335,2020,9
2020-09-26,YYC-DT,ONLINE,27,703,35.18,668,2020,9
2020-09-26,YYC-NW,IN_STORE,32,983,49.16,933,2020,9
2020-09-26,YYC-NW,ONLINE,18,519,25.99,493,2020,9
2020-09-26,YYC-SE,IN_STORE,24,714,35.73,678,2020,9
2020-09-26,YYC-SE,ONLINE,11,430,21.53,409,2020,9
2020-09-27,YYC-DT,IN_STORE,50,1297,64.86,1232,2020,9
2020-09-27,YYC-DT,ONLINE,16,687,34.4,653,2020,9
2020-09-27,YYC-NW,IN_STORE,23,926,46.34,880,2020,9
2020-09-27,YYC-NW,ONLINE,17,498,24.92,473,2020,9
2020-09-27,YYC-SE,IN_STORE,29,769,38.5,731,2020,9
2020-09-27,YYC-SE,ONLINE,12,409,20.46,388,2020,9
2020-09-28,YYC-DT,IN_STORE,39,1311,65.56,1245,2020,9
2020-09-28,YYC-DT,ONLINE,25,698,34.94,663,2020,9
2020-09-28,YYC-NW,IN_STORE,23,968,48.44,920,2020,9
2020-09-28,YYC-NW,ONLINE,12,467,23.38,444,2020,9
2020-09-28,YYC-SE,IN_STORE,28,827,41.37,785,2020,9
2020-09-28,YYC-SE,ONLINE,11,441,22.09,419,2020,9
2020-09-29,YYC-DT,IN_STORE,38,1250,62.51,1187,2020,9
2020-09-29,YYC-DT,ONLINE,26,672,33.64,639,2020,9
2020-09-29,YYC-NW,IN_STORE,31,974,48.75,926,2020,9
2020-09-29,YYC-NW,ONLINE,14,480,24.03,456,2020,9
2020-09-29,YYC-SE,IN_STORE,27,734,36.73,697,2020,9
2020-09-29,YYC-SE,ONLINE,10,411,20.59,391,2020,9
2020-09-30,YYC-DT,IN_STORE,46,1137,56.89,1080,2020,9
2020-09-30,YYC-DT,ONLINE,16,623,31.17,592,2020,9
2020-09-30,YYC-NW,IN_STORE,21,852,42.63,809,2020,9
2020-09-30,YYC-NW,ONLINE,13,459,22.97,436,2020,9
2020-09-30,YYC-SE,IN_STORE,19,726,36.3,689,2020,9
2020-09-30,YYC-SE,ONLINE,13,379,18.96,360,2020,9
2020-10-01,YYC-DT,IN_STORE,32,1236,61.8,1174,2020,10
2020-10-01,YYC-DT,ONLINE,16,588,29.44,559,2020,10
2020-10-01,YYC-NW,IN_STORE,21,798,39.91,758,2020,10
2020-10-01,YYC-NW,ONLINE,12,509,25.48,484,2020,10
2020-10-01,YYC-SE,IN_STORE,20,710,35.52,674,2020,10
2020-10-01,YYC-SE,ONLINE,15,427,21.37,406,2020,10
2020-10-02,YYC-DT,IN_STORE,36,1290,64.5,1225,2020,10
2020-10-02,YYC-DT,ONLINE,17,730,36.53,694,2020,10
2020-10-02,YYC-NW,IN_STORE,31,849,42.45,806,2020,10
2020-10-02,YYC-NW,ONLINE,16,462,23.15,439,2020,10
2020-10-02,YYC-SE,IN_STORE,27,732,36.65,696,2020,10
2020-10-02,YYC-SE,ONLINE,10,429,21.49,408,2020,10
2020-10-03,YYC-DT,IN_STORE,52,1637,81.87,1555,2020,10
2020-10-03,YYC-DT,ONLINE,31,866,43.35,823,2020,10
2020-10-03,YYC-NW,IN_STORE,30,1139,56.99,1082,2020,10
2020-10-03,YYC-NW,ONLINE,20,551,27.57,523,2020,10
2020-10-03,YYC-SE,IN_STORE,23,921,46.09,875,2020,10
2020-10-03,YYC-SE,ONLINE,14,489,24.47,464,2020,10
2020-10-04,YYC-DT,IN_STORE,46,1469,73.48,1396,2020,10
2020-10-04,YYC-DT,ONLINE,20,750,37.54,713,2020,10
2020-10-04,YYC-NW,IN_STORE,30,973,48.66,924,2020,10
2020-10-04,YYC-NW,ONLINE,19,508,25.43,483,2020,10
2020-10-04,YYC-SE,IN_STORE,35,898,44.94,853,2020,10
2020-10-04,YYC-SE,ONLINE,15,433,21.66,411,2020,10
2020-10-05,YYC-DT,IN_STORE,36,1290,64.53,1226,2020,10
2020-10-05,YYC-DT,ONLINE,21,655,32.75,622,2020,10
2020-10-05,YYC-NW,IN_STORE,36,837,41.86,795,2020,10
2020-10-05,YYC-NW,ONLINE,17,406,20.32,386,2020,10
2020-10-05,YYC-SE,IN_STORE,28,759,37.95,721,2020,10
2020-10-05,YYC-SE,ONLINE,16,381,19.1,362,2020,10
2020-10-06,YYC-DT,IN_STORE,41,1268,63.4,1204,2020,10
2020-10-06,YYC-DT,ONLINE,17,723,36.2,687,2020,10
2020-10-06,YYC-NW,IN_STORE,25,944,47.22,897,2020,10
2020-10-06,YYC-NW,ONLINE,12,549,27.49,522,2020,10
2020-10-06,YYC-SE,IN_STORE,26,831,41.58,789,2020,10
2020-10-06,YYC-SE,ONLINE,11,424,21.24,403,2020,10
2020-10-07,YYC-DT,IN_STORE,36,1283,64.2,1219,2020,10
2020-10-07,YYC-DT,ONLINE,24,588,29.43,559,2020,10
2020-10-07,YYC-NW,IN_STORE,29,891,44.55,846,2020,10
2020-10-07,YYC-NW,ONLINE,13,471,23.58,448,2020,10
2020-10-07,YYC-SE,IN_STORE,23,781,39.08,742,2020,10
2020-10-07,YYC-SE,ONLINE,16,418,20.93,397,2020,10
2020-10-08,YYC-DT,IN_STORE,47,1080,54.05,1026,2020,10
2020-10-08,YYC-DT,ONLINE,15,642,32.14,610,2020,10
2020-10-08,YYC-NW,IN_STORE,20,767,38.36,728,2020,10
2020-10-08,YYC-NW,ONLINE,11,429,21.46,407,2020,10
2020-10-08,YYC-SE,IN_STORE,23,703,35.18,668,2020,10
2020-10-08,YYC-SE,ONLINE,12,392,19.65,373,2020,10
2020-10-09,YYC-DT,IN_STORE,36,1271,63.56,1207,2020,10
2020-10-09,YYC-DT,ONLINE,17,806,40.33,766,2020,10
2020-10-09,YYC-NW,IN_STORE,23,938,46.93,891,2020,10
2020-10-09,YYC-NW,ONLINE,13,411,20.58,391,2020,10
2020-10-09,YYC-SE,IN_STORE,19,749,37.48,712,2020,10
2020-10-09,YYC-SE,ONLINE,10,443,22.15,420,2020,10
2020-10-10,YYC-DT,IN_STORE,47,1376,68.83,1307,2020,10
2020-10-10,YYC-DT,ONLINE,25,721,36.05,684,2020,10
2020-10-10,YYC-NW,IN_STORE,29,1038,51.91,986,2020,10
2020-10-10,YYC-NW,ONLINE,15,498,24.95,474,2020,10
2020-10-10,YYC-SE,IN_STORE,24,932,46.62,885,2020,10
2020-10-10,YYC-SE,ONLINE,11,449,22.46,426,2020,10
2020-10-11,YYC-DT,IN_STORE,53,1504,75.24,1429,2020,10
2020-10-11,YYC-DT,ONLINE,24,808,40.4,767,2020,10
2020-10-11,YYC-NW,IN_STORE,32,960,48.01,912,2020,10
2020-10-11,YYC-NW,ONLINE,20,542,27.14,515,2020,10
2020-10-11,YYC-SE,IN_STORE,22,947,47.37,899,2020,10
2020-10-11,YYC-SE,ONLINE,20,474,23.7,450,2020,10
2020-10-12,YYC-DT,IN_STORE,36,1435,71.78,1363,2020,10
2020-10-12,YYC-DT,ONLINE,23,729,36.5,693,2020,10
2020-10-12,YYC-NW,IN_STORE,26,1047,52.38,995,2020,10
2020-10-12,YYC-NW,ONLINE,21,542,27.1,514,2020,10
2020-10-12,YYC-SE,IN_STORE,31,837,41.87,795,2020,10
2020-10-12,YYC-SE,ONLINE,13,451,22.56,428,2020,10
2020-10-13,YYC-DT,IN_STORE,35,1400,70.02,1330,2020,10
2020-10-13,YYC-DT,ONLINE,30,755,37.78,717,2020,10
2020-10-13,YYC-NW,IN_STORE,30,996,49.8,946,2020,10
2020-10-13,YYC-NW,ONLINE,15,520,26.04,494,2020,10
2020-10-13,YYC-SE,IN_STORE,23,921,46.08,875,2020,10
2020-10-13,YYC-SE,ONLINE,12,450,22.53,428,2020,10
2020-10-14,YYC-DT,IN_STORE,43,1272,63.65,1209,2020,10
2020-10-14,YYC-DT,ONLINE,25,675,33.77,641,2020,10
2020-10-14,YYC-NW,IN_STORE,27,895,44.75,850,2020,10
2020-10-14,YYC-NW,ONLINE,19,496,24.81,471,2020,10
2020-10-14,YYC-SE,IN_STORE,32,826,41.32,785,2020,10
2020-10-14,YYC-SE,ONLINE,10,417,20.89,396,2020,10
2020-10-15,YYC-DT,IN_STORE,30,1275,63.77,1211,2020,10
2020-10-15,YYC-DT,ONLINE,18,746,37.32,709,2020,10
2020-10-15,YYC-NW,IN_STORE,26,833,41.67,791,2020,10
2020-10-15,YYC-NW,ONLINE,13,510,25.52,484,2020,10
2020-10-15,YYC-SE,IN_STORE,23,715,35.78,679,2020,10
2020-10-15,YYC-SE,ONLINE,13,427,21.4,406,2020,10
2020-10-16,YYC-DT,IN_STORE,59,1584,79.21,1504,2020,10
2020-10-16,YYC-DT,ONLINE,21,802,40.12,762,2020,10
2020-10-16,YYC-NW,IN_STORE,25,1091,54.58,1037,2020,10
2020-10-16,YYC-NW,ONLINE,20,474,23.73,450,2020,10
2020-10-16,YYC-SE,IN_STORE,34,865,43.27,822,2020,10
2020-10-16,YYC-SE,ONLINE,14,498,24.91,473,2020,10
2020-10-17,YYC-DT,IN_STORE,41,1485,74.3,1411,2020,10
2020-10-17,YYC-DT,ONLINE,19,794,39.74,754,2020,10
2020-10-17,YYC-NW,IN_STORE,30,1095,54.78,1040,2020,10
2020-10-17,YYC-NW,ONLINE,18,630,31.54,599,2020,10
2020-10-17,YYC-SE,IN_STORE,36,886,44.34,842,2020,10
2020-10-17,YYC-SE,ONLINE,14,448,22.44,426,2020,10
2020-10-18,YYC-DT,IN_STORE,37,1551,77.6,1474,2020,10
2020-10-18,YYC-DT,ONLINE,20,751,37.6,714,2020,10
2020-10-18,YYC-NW,IN_STORE,25,941,47.05,894,2020,10
2020-10-18,YYC-NW,ONLINE,19,497,24.9,473,2020,10
2020-10-18,YYC-SE,IN_STORE,31,941,47.1,894,2020,10
2020-10-18,YYC-SE,ONLINE,12,417,20.87,396,2020,10
2020-10-19,YYC-DT,IN_STORE,51,1268,63.43,1205,2020,10
2020-10-19,YYC-DT,ONLINE,21,662,33.12,629,2020,10
2020-10-19,YYC-NW,IN_STORE,24,956,47.83,908,2020,10
2020-10-19,YYC-NW,ONLINE,15,478,23.9,454,2020,10
2020-10-19,YYC-SE,IN_STORE,22,841,42.08,799,2020,10
2020-10-19,YYC-SE,ONLINE,12,446,22.34,424,2020,10
2020-10-20,YYC-DT,IN_STORE,38,1429,71.47,1357,2020,10
2020-10-20,YYC-DT,ONLINE,21,693,34.67,658,2020,10
2020-10-20,YYC-NW,IN_STORE,33,960,48.01,912,2020,10
2020-10-20,YYC-NW,ONLINE,13,524,26.24,498,2020,10
2020-10-20,YYC-SE,IN_STORE,24,828,41.44,787,2020,10
2020-10-20,YYC-SE,ONLINE,13,424,21.22,403,2020,10
2020-10-21,YYC-DT,IN_STORE,50,1288,64.42,1223,2020,10
2020-10-21,YYC-DT,ONLINE,21,685,34.29,651,2020,10
2020-10-21,YYC-NW,IN_STORE,24,883,44.16,838,2020,10
2020-10-21,YYC-NW,ONLINE,16,494,24.7,469,2020,10
2020-10-21,YYC-SE,IN_STORE,19,720,36.03,684,2020,10
2020-10-21,YYC-SE,ONLINE,14,387,19.38,368,2020,10
2020-10-22,YYC-DT,IN_STORE,33,1237,61.88,1175,2020,10
2020-10-22,YYC-DT,ONLINE,23,634,31.73,602,2020,10
2020-10-22,YYC-NW,IN_STORE,26,981,49.06,932,2020,10
2020-10-22,YYC-NW,ONLINE,16,476,23.85,453,2020,10
2020-10-22,YYC-SE,IN_STORE,27,776,38.84,737,2020,10
2020-10-22,YYC-SE,ONLINE,12,403,20.19,383,2020,10
2020-10-23,YYC-DT,IN_STORE,51,1288,64.42,1224,2020,10
2020-10-23,YYC-DT,ONLINE,24,702,35.12,667,2020,10
2020-10-23,YYC-NW,IN_STORE,33,897,44.85,852,2020,10
2020-10-23,YYC-NW,ONLINE,14,491,24.56,466,2020,10
2020-10-23,YYC-SE,IN_STORE,23,739,36.95,702,2020,10
2020-10-23,YYC-SE,ONLINE,13,404,20.23,384,2020,10
2020-10-24,YYC-DT,IN_STORE,41,1550,77.53,1473,2020,10
2020-10-24,YYC-DT,ONLINE,26,783,39.18,744,2020,10
2020-10-24,YYC-NW,IN_STORE,41,1028,51.42,977,2020,10
2020-10-24,YYC-NW,ONLINE,20,521,26.07,495,2020,10
2020-10-24,YYC-SE,IN_STORE,21,852,42.64,810,2020,10
2020-10-24,YYC-SE,ONLINE,12,466,23.32,443,2020,10
2020-10-25,YYC-DT,IN_STORE,55,1399,69.99,1329,2020,10
2020-10-25,YYC-DT,ONLINE,29,760,38.02,722,2020,10
2020-10-25,YYC-NW,IN_STORE,25,961,48.09,913,2020,10
2020-10-25,YYC-NW,ONLINE,21,474,23.72,450,2020,10
2020-10-25,YYC-SE,IN_STORE,28,842,42.13,800,2020,10
2020-10-25,YYC-SE,ONLINE,13,506,25.3,480,2020,10
2020-10-26,YYC-DT,IN_STORE,36,1257,62.86,1194,2020,10
2020-10-26,YYC-DT,ONLINE,16,701,35.08,666,2020,10
2020-10-26,YYC-NW,IN_STORE,23,832,41.65,791,2020,10
2020-10-26,YYC-NW,ONLINE,16,528,26.42,501,2020,10
2020-10-26,YYC-SE,IN_STORE,19,801,40.06,761,2020,10
2020-10-26,YYC-SE,ONLINE,10,402,20.12,382,2020,10
2020-10-27,YYC-DT,IN_STORE,38,1304,65.22,1239,2020,10
2020-10-27,YYC-DT,ONLINE,28,708,35.44,673,2020,10
2020-10-27,YYC-NW,IN_STORE,31,974,48.75,926,2020,10
2020-10-27,YYC-NW,ONLINE,15,489,24.46,464,2020,10
2020-10-27,YYC-SE,IN_STORE,33,800,40.02,760,2020,10
2020-10-27,YYC-SE,ONLINE,15,422,21.12,401,2020,10
2020-10-28,YYC-DT,IN_STORE,40,1247,62.37,1185,2020,10
2020-10-28,YYC-DT,ONLINE,19,730,36.53,694,2020,10
2020-10-28,YYC-NW,IN_STORE,24,885,44.3,841,2020,10
2020-10-28,YYC-NW,ONLINE,15,467,23.36,443,2020,10
2020-10-28,YYC-SE,IN_STORE,29,738,36.9,701,2020,10
2020-10-28,YYC-SE,ONLINE,15,391,19.59,372,2020,10
2020-10-29,YYC-DT,IN_STORE,41,1309,65.46,1243,2020,10
2020-10-29,YYC-DT,ONLINE,24,771,38.59,733,2020,10
2020-10-29,YYC-NW,IN_STORE,41,982,49.1,932,2020,10
2020-10-29,YYC-NW,ONLINE,20,514,25.7,488,2020,10
2020-10-29,YYC-SE,IN_STORE,28,913,45.65,867,2020,10
2020-10-29,YYC-SE,ONLINE,14,452,22.61,429,2020,10
2020-10-30,YYC-DT,IN_STORE,28,1122,56.15,1066,2020,10
2020-10-30,YYC-DT,ONLINE,21,640,32.04,608,2020,10
2020-10-30,YYC-NW,IN_STORE,22,809,40.45,768,2020,10
2020-10-30,YYC-NW,ONLINE,16,443,22.16,420,2020,10
2020-10-30,YYC-SE,IN_STORE,18,729,36.48,693,2020,10
2020-10-30,YYC-SE,ONLINE,10,281,14.07,267,2020,10
2020-10-31,YYC-DT,IN_STORE,44,1497,74.87,1422,2020,10
2020-10-31,YYC-DT,ONLINE,30,780,39.01,741,2020,10
2020-10-31,YYC-NW,IN_STORE,38,1058,52.95,1005,2020,10
2020-10-31,YYC-NW,ONLINE,20,572,28.6,543,2020,10
2020-10-31,YYC-SE,IN_STORE,23,934,46.74,888,2020,10
2020-10-31,YYC-SE,ONLINE,14,531,26.58,504,2020,10
2020-11-01,YYC-DT,IN_STORE,47,1687,84.36,1602,2020,11
2020-11-01,YYC-DT,ONLINE,28,1050,52.52,997,2020,11
2020-11-01,YYC-NW,IN_STORE,48,1288,64.4,1223,2020,11
2020-11-01,YYC-NW,ONLINE,24,708,35.44,673,2020,11
2020-11-01,YYC-SE,IN_STORE,27,1046,52.33,994,2020,11
2020-11-01,YYC-SE,ONLINE,23,587,29.39,558,2020,11
2020-11-02,YYC-DT,IN_STORE,44,1354,67.71,1286,2020,11
2020-11-02,YYC-DT,ONLINE,21,715,35.75,679,2020,11
2020-11-02,YYC-NW,IN_STORE,37,907,45.36,861,2020,11
2020-11-02,YYC-NW,ONLINE,18,496,24.82,471,2020,11
2020-11-02,YYC-SE,IN_STORE,24,854,42.71,811,2020,11
2020-11-02,YYC-SE,ONLINE,13,446,22.3,423,2020,11
2020-11-03,YYC-DT,IN_STORE,39,1623,81.19,1542,2020,11
2020-11-03,YYC-DT,ONLINE,20,760,38.0,722,2020,11
2020-11-03,YYC-NW,IN_STORE,38,1128,56.4,1071,2020,11
2020-11-03,YYC-NW,ONLINE,14,528,26.42,501,2020,11
2020-11-03,YYC-SE,IN_STORE,25,874,43.74,831,2020,11
2020-11-03,YYC-SE,ONLINE,13,453,22.69,431,2020,11
2020-11-04,YYC-DT,IN_STORE,58,1472,73.64,1399,2020,11
2020-11-04,YYC-DT,ONLINE,31,816,40.81,775,2020,11
2020-11-04,YYC-NW,IN_STORE,36,1021,51.08,970,2020,11
2020-11-04,YYC-NW,ONLINE,18,517,25.9,492,2020,11
2020-11-04,YYC-SE,IN_STORE,29,925,46.29,879,2020,11
2020-11-04,YYC-SE,ONLINE,14,442,22.15,420,2020,11
2020-11-05,YYC-DT,IN_STORE,51,1369,68.46,1300,2020,11
2020-11-05,YYC-DT,ONLINE,25,805,40.25,764,2020,11
2020-11-05,YYC-NW,IN_STORE,25,991,49.56,941,2020,11
2020-11-05,YYC-NW,ONLINE,13,536,26.8,509,2020,11
2020-11-05,YYC-SE,IN_STORE,20,762,38.12,724,2020,11
2020-11-05,YYC-SE,ONLINE,17,424,21.22,403,2020,11
2020-11-06,YYC-DT,IN_STORE,51,1474,73.73,1400,2020,11
2020-11-06,YYC-DT,ONLINE,24,756,37.85,719,2020,11
2020-11-06,YYC-NW,IN_STORE,25,991,49.56,941,2020,11
2020-11-06,YYC-NW,ONLINE,16,590,29.55,561,2020,11
2020-11-06,YYC-SE,IN_STORE,25,858,42.92,815,2020,11
2020-11-06,YYC-SE,ONLINE,16,519,25.99,493,2020,11
2020-11-07,YYC-DT,IN_STORE,43,1611,80.59,1531,2020,11
2020-11-07,YYC-DT,ONLINE,24,913,45.69,868,2020,11
2020-11-07,YYC-NW,IN_STORE,27,1067,53.37,1013,2020,11
2020-11-07,YYC-NW,ONLINE,18,626,31.3,594,2020,11
2020-11-07,YYC-SE,IN_STORE,32,1027,51.37,976,2020,11
2020-11-07,YYC-SE,ONLINE,19,513,25.67,487,2020,11
2020-11-08,YYC-DT,IN_STORE,46,1666,83.34,1583,2020,11
2020-11-08,YYC-DT,ONLINE,23,1007,50.36,956,2020,11
2020-11-08,YYC-NW,IN_STORE,32,1302,65.13,1237,2020,11
2020-11-08,YYC-NW,ONLINE,20,761,38.09,723,2020,11
2020-11-08,YYC-SE,IN_STORE,35,1139,56.95,1082,2020,11
2020-11-08,YYC-SE,ONLINE,23,542,27.13,515,2020,11
2020-11-09,YYC-DT,IN_STORE,39,1633,81.68,1551,2020,11
2020-11-09,YYC-DT,ONLINE,24,914,45.71,868,2020,11
2020-11-09,YYC-NW,IN_STORE,29,1154,57.72,1096,2020,11
2020-11-09,YYC-NW,ONLINE,17,607,30.39,577,2020,11
2020-11-09,YYC-SE,IN_STORE,33,917,45.86,871,2020,11
2020-11-09,YYC-SE,ONLINE,13,458,22.91,435,2020,11
2020-11-10,YYC-DT,IN_STORE,48,1488,74.41,1413,2020,11
2020-11-10,YYC-DT,ONLINE,34,877,43.88,833,2020,11
2020-11-10,YYC-NW,IN_STORE,28,1135,56.75,1078,2020,11
2020-11-10,YYC-NW,ONLINE,17,651,32.58,618,2020,11
2020-11-10,YYC-SE,IN_STORE,35,989,49.49,940,2020,11
2020-11-10,YYC-SE,ONLINE,14,517,25.9,492,2020,11
2020-11-11,YYC-DT,IN_STORE,57,1631,81.57,1549,2020,11
2020-11-11,YYC-DT,ONLINE,22,856,42.83,813,2020,11
2020-11-11,YYC-NW,IN_STORE,35,1063,53.2,1010,2020,11
2020-11-11,YYC-NW,ONLINE,20,613,30.68,582,2020,11
2020-11-11,YYC-SE,IN_STORE,33,904,45.22,859,2020,11
2020-11-11,YYC-SE,ONLINE,19,501,25.09,476,2020,11
2020-11-12,YYC-DT,IN_STORE,49,1409,70.46,1338,2020,11
2020-11-12,YYC-DT,ONLINE,27,734,36.75,698,2020,11
2020-11-12,YYC-NW,IN_STORE,32,1008,50.42,957,2020,11
2020-11-12,YYC-NW,ONLINE,13,495,24.77,470,2020,11
2020-11-12,YYC-SE,IN_STORE,21,960,48.01,912,2020,11
2020-11-12,YYC-SE,ONLINE,13,399,19.98,379,2020,11
2020-11-13,YYC-DT,IN_STORE,40,1430,71.54,1359,2020,11
2020-11-13,YYC-DT,ONLINE,23,774,38.73,735,2020,11
2020-11-13,YYC-NW,IN_STORE,38,1014,50.71,963,2020,11
2020-11-13,YYC-NW,ONLINE,20,570,28.54,542,2020,11
2020-11-13,YYC-SE,IN_STORE,36,897,44.86,852,2020,11
2020-11-13,YYC-SE,ONLINE,11,470,23.54,447,2020,11
2020-11-14,YYC-DT,IN_STORE,47,1634,81.74,1553,2020,11
2020-11-14,YYC-DT,ONLINE,28,879,43.98,835,2020,11
2020-11-14,YYC-NW,IN_STORE,29,1151,57.57,1093,2020,11
2020-11-14,YYC-NW,ONLINE,20,687,34.36,652,2020,11
2020-11-14,YYC-SE,IN_STORE,34,1081,54.07,1027,2020,11
2020-11-14,YYC-SE,ONLINE,15,570,28.55,542,2020,11
2020-11-15,YYC-DT,IN_STORE,51,1545,77.3,1468,2020,11
2020-11-15,YYC-DT,ONLINE,20,843,42.16,801,2020,11
2020-11-15,YYC-NW,IN_STORE,32,1047,52.37,995,2020,11
2020-11-15,YYC-NW,ONLINE,17,566,28.33,538,2020,11
2020-11-15,YYC-SE,IN_STORE,23,973,48.67,924,2020,11
2020-11-15,YYC-SE,ONLINE,20,475,23.75,451,2020,11
2020-11-16,YYC-DT,IN_STORE,63,1538,76.93,1461,2020,11
2020-11-16,YYC-DT,ONLINE,31,795,39.8,756,2020,11
2020-11-16,YYC-NW,IN_STORE,31,1218,60.94,1157,2020,11
2020-11-16,YYC-NW,ONLINE,21,600,30.03,570,2020,11
2020-11-16,YYC-SE,IN_STORE,31,930,46.53,884,2020,11
2020-11-16,YYC-SE,ONLINE,16,499,24.98,474,2020,11
2020-11-17,YYC-DT,IN_STORE,57,1402,70.1,1331,2020,11
2020-11-17,YYC-DT,ONLINE,22,876,43.83,832,2020,11
2020-11-17,YYC-NW,IN_STORE,26,1123,56.16,1067,2020,11
2020-11-17,YYC-NW,ONLINE,16,540,27.04,513,2020,11
2020-11-17,YYC-SE,IN_STORE,29,877,43.88,833,2020,11
2020-11-17,YYC-SE,ONLINE,12,430,21.52,408,2020,11
2020-11-18,YYC-DT,IN_STORE,53,1483,74.19,1409,2020,11
2020-11-18,YYC-DT,ONLINE,32,742,37.11,705,2020,11
2020-11-18,YYC-NW,IN_STORE,32,1044,52.24,992,2020,11
2020-11-18,YYC-NW,ONLINE,15,589,29.47,559,2020,11
2020-11-18,YYC-SE,IN_STORE,36,932,46.6,885,2020,11
2020-11-18,YYC-SE,ONLINE,15,532,26.61,505,2020,11
2020-11-19,YYC-DT,IN_STORE,57,1548,77.41,1470,2020,11
2020-11-19,YYC-DT,ONLINE,31,778,38.93,739,2020,11
2020-11-19,YYC-NW,IN_STORE,28,1074,53.72,1020,2020,11
2020-11-19,YYC-NW,ONLINE,16,617,30.88,586,2020,11
2020-11-19,YYC-SE,IN_STORE,35,903,45.17,858,2020,11
2020-11-19,YYC-SE,ONLINE,16,504,25.2,478,2020,11
2020-11-20,YYC-DT,IN_STORE,42,1700,85.01,1615,2020,11
2020-11-20,YYC-DT,ONLINE,21,874,43.73,830,2020,11
2020-11-20,YYC-NW,IN_STORE,41,1142,57.12,1085,2020,11
2020-11-20,YYC-NW,ONLINE,18,579,28.96,550,2020,11
2020-11-20,YYC-SE,IN_STORE,30,906,45.32,861,2020,11
2020-11-20,YYC-SE,ONLINE,16,557,27.87,529,2020,11
2020-11-21,YYC-DT,IN_STORE,51,1574,78.74,1496,2020,11
2020-11-21,YYC-DT,ONLINE,29,933,46.66,886,2020,11
2020-11-21,YYC-NW,IN_STORE,29,1260,63.04,1197,2020,11
2020-11-21,YYC-NW,ONLINE,16,537,26.9,511,2020,11
2020-11-21,YYC-SE,IN_STORE,27,947,47.38,900,2020,11
2020-11-21,YYC-SE,ONLINE,13,516,25.83,490,2020,11
2020-11-22,YYC-DT,IN_STORE,46,1779,88.98,1690,2020,11
2020-11-22,YYC-DT,ONLINE,31,981,49.09,932,2020,11
2020-11-22,YYC-NW,IN_STORE,37,1223,61.17,1162,2020,11
2020-11-22,YYC-NW,ONLINE,16,668,33.43,635,2020,11
2020-11-22,YYC-SE,IN_STORE,35,1090,54.53,1036,2020,11
2020-11-22,YYC-SE,ONLINE,17,597,29.87,567,2020,11
2020-11-23,YYC-DT,IN_STORE,36,1453,72.65,1380,2020,11
2020-11-23,YYC-DT,ONLINE,29,750,37.52,712,2020,11
2020-11-23,YYC-NW,IN_STORE,27,1054,52.74,1001,2020,11
2020-11-23,YYC-NW,ONLINE,15,572,28.6,543,2020,11
2020-11-23,YYC-SE,IN_STORE,21,892,44.62,847,2020,11
2020-11-23,YYC-SE,ONLINE,13,478,23.93,454,2020,11
2020-11-24,YYC-DT,IN_STORE,55,1558,77.95,1480,2020,11
2020-11-24,YYC-DT,ONLINE,33,871,43.6,828,2020,11
2020-11-24,YYC-NW,IN_STORE,29,1125,56.29,1069,2020,11
2020-11-24,YYC-NW,ONLINE,16,540,27.03,513,2020,11
2020-11-24,YYC-SE,IN_STORE,26,948,47.4,900,2020,11
2020-11-24,YYC-SE,ONLINE,12,475,23.75,451,2020,11
2020-11-25,YYC-DT,IN_STORE,46,1585,79.28,1506,2020,11
2020-11-25,YYC-DT,ONLINE,20,801,40.08,761,2020,11
2020-11-25,YYC-NW,IN_STORE,34,1140,57.04,1083,2020,11
2020-11-25,YYC-NW,ONLINE,23,579,28.98,550,2020,11
2020-11-25,YYC-SE,IN_STORE,23,908,45.4,862,2020,11
2020-11-25,YYC-SE,ONLINE,16,518,25.94,492,2020,11
2020-11-26,YYC-DT,IN_STORE,59,1516,75.81,1440,2020,11
2020-11-26,YYC-DT,ONLINE,24,781,39.06,742,2020,11
2020-11-26,YYC-NW,IN_STORE,27,1062,53.14,1009,2020,11
2020-11-26,YYC-NW,ONLINE,14,485,24.27,461,2020,11
2020-11-26,YYC-SE,IN_STORE,29,875,43.76,831,2020,11
2020-11-26,YYC-SE,ONLINE,13,398,19.95,379,2020,11
2020-11-27,YYC-DT,IN_STORE,42,1505,75.29,1430,2020,11
2020-11-27,YYC-DT,ONLINE,33,804,40.25,764,2020,11
2020-11-27,YYC-NW,IN_STORE,34,1138,56.9,1081,2020,11
2020-11-27,YYC-NW,ONLINE,14,554,27.71,526,2020,11
2020-11-27,YYC-SE,IN_STORE,29,915,45.77,869,2020,11
2020-11-27,YYC-SE,ONLINE,13,528,26.44,502,2020,11
2020-11-28,YYC-DT,IN_STORE,52,1583,79.19,1504,2020,11
2020-11-28,YYC-DT,ONLINE,24,773,38.68,734,2020,11
2020-11-28,YYC-NW,IN_STORE,30,1045,52.29,993,2020,11
2020-11-28,YYC-NW,ONLINE,17,575,28.79,546,2020,11
2020-11-28,YYC-SE,IN_STORE,32,943,47.17,896,2020,11
2020-11-28,YYC-SE,ONLINE,19,454,22.7,431,2020,11
2020-11-29,YYC-DT,IN_STORE,59,1838,91.94,1746,2020,11
2020-11-29,YYC-DT,ONLINE,23,911,45.58,865,2020,11
2020-11-29,YYC-NW,IN_STORE,40,1160,58.05,1102,2020,11
2020-11-29,YYC-NW,ONLINE,16,753,37.65,715,2020,11
2020-11-29,YYC-SE,IN_STORE,32,1105,55.26,1050,2020,11
2020-11-29,YYC-SE,ONLINE,14,541,27.09,514,2020,11
2020-11-30,YYC-DT,IN_STORE,47,1446,72.34,1374,2020,11
2020-11-30,YYC-DT,ONLINE,20,814,40.71,773,2020,11
2020-11-30,YYC-NW,IN_STORE,43,1064,53.25,1011,2020,11
2020-11-30,YYC-NW,ONLINE,23,531,26.55,504,2020,11
2020-11-30,YYC-SE,IN_STORE,29,945,47.26,897,2020,11
2020-11-30,YYC-SE,ONLINE,14,453,22.65,430,2020,11
2020-12-01,YYC-DT,IN_STORE,65,1770,88.54,1682,2020,12
2020-12-01,YYC-DT,ONLINE,23,864,43.21,821,2020,12
2020-12-01,YYC-NW,IN_STORE,33,1254,62.74,1192,2020,12
2020-12-01,YYC-NW,ONLINE,19,565,28.27,537,2020,12
2020-12-01,YYC-SE,IN_STORE,39,1162,58.12,1104,2020,12
2020-12-01,YYC-SE,ONLINE,14,480,24.05,456,2020,12
2020-12-02,YYC-DT,IN_STORE,74,1900,95.03,1805,2020,12
2020-12-02,YYC-DT,ONLINE,30,1018,50.95,968,2020,12
2020-12-02,YYC-NW,IN_STORE,36,1221,61.06,1160,2020,12
2020-12-02,YYC-NW,ONLINE,19,585,29.28,556,2020,12
2020-12-02,YYC-SE,IN_STORE,30,1052,52.61,999,2020,12
2020-12-02,YYC-SE,ONLINE,14,585,29.28,556,2020,12
2020-12-03,YYC-DT,IN_STORE,54,1595,79.77,1515,2020,12
2020-12-03,YYC-DT,ONLINE,23,983,49.18,934,2020,12
2020-12-03,YYC-NW,IN_STORE,35,1250,62.54,1188,2020,12
2020-12-03,YYC-NW,ONLINE,26,608,30.42,578,2020,12
2020-12-03,YYC-SE,IN_STORE,27,1051,52.56,998,2020,12
2020-12-03,YYC-SE,ONLINE,16,523,26.17,497,2020,12
2020-12-04,YYC-DT,IN_STORE,50,1619,80.96,1538,2020,12
2020-12-04,YYC-DT,ONLINE,34,863,43.2,820,2020,12
2020-12-04,YYC-NW,IN_STORE,39,1179,58.99,1120,2020,12
2020-12-04,YYC-NW,ONLINE,21,628,31.42,596,2020,12
2020-12-04,YYC-SE,IN_STORE,27,991,49.56,941,2020,12
2020-12-04,YYC-SE,ONLINE,15,504,25.21,479,2020,12
2020-12-05,YYC-DT,IN_STORE,66,1864,93.22,1771,2020,12
2020-12-05,YYC-DT,ONLINE,38,931,46.59,885,2020,12
2020-12-05,YYC-NW,IN_STORE,34,1274,63.74,1211,2020,12
2020-12-05,YYC-NW,ONLINE,17,654,32.75,622,2020,12
2020-12-05,YYC-SE,IN_STORE,42,1087,54.38,1033,2020,12
2020-12-05,YYC-SE,ONLINE,17,596,29.82,566,2020,12
2020-12-06,YYC-DT,IN_STORE,60,1965,98.29,1867,2020,12
2020-12-06,YYC-DT,ONLINE,27,1085,54.26,1031,2020,12
2020-12-06,YYC-NW,IN_STORE,54,1367,68.38,1299,2020,12
2020-12-06,YYC-NW,ONLINE,20,813,40.68,773,2020,12
2020-12-06,YYC-SE,IN_STORE,45,1192,59.63,1132,2020,12
2020-12-06,YYC-SE,ONLINE,27,627,31.39,596,2020,12
2020-12-07,YYC-DT,IN_STORE,47,1722,86.11,1636,2020,12
2020-12-07,YYC-DT,ONLINE,22,820,41.03,779,2020,12
2020-12-07,YYC-NW,IN_STORE,38,1255,62.79,1192,2020,12
2020-12-07,YYC-NW,ONLINE,16,570,28.53,542,2020,12
2020-12-07,YYC-SE,IN_STORE,34,986,49.34,937,2020,12
2020-12-07,YYC-SE,ONLINE,14,551,27.57,523,2020,12
2020-12-08,YYC-DT,IN_STORE,58,1903,95.19,1808,2020,12
2020-12-08,YYC-DT,ONLINE,35,1100,55.0,1045,2020,12
2020-12-08,YYC-NW,IN_STORE,40,1324,66.23,1258,2020,12
2020-12-08,YYC-NW,ONLINE,26,792,39.63,752,2020,12
2020-12-08,YYC-SE,IN_STORE,28,1156,57.84,1098,2020,12
2020-12-08,YYC-SE,ONLINE,15,662,33.12,629,2020,12
2020-12-09,YYC-DT,IN_STORE,45,1521,76.06,1445,2020,12
2020-12-09,YYC-DT,ONLINE,23,890,44.54,846,2020,12
2020-12-09,YYC-NW,IN_STORE,28,1136,56.84,1079,2020,12
2020-12-09,YYC-NW,ONLINE,20,576,28.85,548,2020,12
2020-12-09,YYC-SE,IN_STORE,28,1026,51.33,975,2020,12
2020-12-09,YYC-SE,ONLINE,16,557,27.86,529,2020,12
2020-12-10,YYC-DT,IN_STORE,54,1941,97.06,1844,2020,12
2020-12-10,YYC-DT,ONLINE,27,1026,51.33,975,2020,12
2020-12-10,YYC-NW,IN_STORE,50,1378,68.9,1309,2020,12
2020-12-10,YYC-NW,ONLINE,22,696,34.84,662,2020,12
2020-12-10,YYC-SE,IN_STORE,28,1127,56.37,1070,2020,12
2020-12-10,YYC-SE,ONLINE,25,582,29.12,553,2020,12
2020-12-11,YYC-DT,IN_STORE,61,1824,91.21,1732,2020,12
2020-12-11,YYC-DT,ONLINE,29,907,45.4,862,2020,12
2020-12-11,YYC-NW,IN_STORE,35,1271,63.58,1208,2020,12
2020-12-11,YYC-NW,ONLINE,22,680,34.04,646,2020,12
2020-12-11,YYC-SE,IN_STORE,26,1068,53.43,1015,2020,12
2020-12-11,YYC-SE,ONLINE,16,556,27.81,528,2020,12
2020-12-12,YYC-DT,IN_STORE,55,1927,96.36,1830,2020,12
2020-12-12,YYC-DT,ONLINE,29,976,48.82,927,2020,12
2020-12-12,YYC-NW,IN_STORE,48,1340,67.0,1273,2020,12
2020-12-12,YYC-NW,ONLINE,21,797,39.88,757,2020,12
2020-12-12,YYC-SE,IN_STORE,39,1208,60.43,1148,2020,12
2020-12-12,YYC-SE,ONLINE,23,626,31.31,594,2020,12
2020-12-13,YYC-DT,IN_STORE,64,1923,96.16,1827,2020,12
2020-12-13,YYC-DT,ONLINE,25,1062,53.11,1009,2020,12
2020-12-13,YYC-NW,IN_STORE,54,1384,69.24,1315,2020,12
2020-12-13,YYC-NW,ONLINE,21,697,34.85,662,2020,12
2020-12-13,YYC-SE,IN_STORE,35,1172,58.62,1113,2020,12
2020-12-13,YYC-SE,ONLINE,17,618,30.92,587,2020,12
2020-12-14,YYC-DT,IN_STORE,50,1782,89.14,1693,2020,12
2020-12-14,YYC-DT,ONLINE,30,902,45.11,857,2020,12
2020-12-14,YYC-NW,IN_STORE,48,1267,63.39,1204,2020,12
2020-12-14,YYC-NW,ONLINE,22,645,32.25,612,2020,12
2020-12-14,YYC-SE,IN_STORE,40,1100,55.0,1045,2020,12
2020-12-14,YYC-SE,ONLINE,20,593,29.69,564,2020,12
2020-12-15,YYC-DT,IN_STORE,42,1714,85.73,1628,2020,12
2020-12-15,YYC-DT,ONLINE,39,996,49.84,946,2020,12
2020-12-15,YYC-NW,IN_STORE,34,1283,64.17,1219,2020,12
2020-12-15,YYC-NW,ONLINE,26,685,34.28,651,2020,12
2020-12-15,YYC-SE,IN_STORE,32,1083,54.2,1029,2020,12
2020-12-15,YYC-SE,ONLINE,19,582,29.13,553,2020,12
2020-12-16,YYC-DT,IN_STORE,49,1873,93.69,1780,2020,12
2020-12-16,YYC-DT,ONLINE,32,1028,51.44,977,2020,12
2020-12-16,YYC-NW,IN_STORE,34,1244,62.24,1182,2020,12
2020-12-16,YYC-NW,ONLINE,19,655,32.76,622,2020,12
2020-12-16,YYC-SE,IN_STORE,27,1171,58.6,1113,2020,12
2020-12-16,YYC-SE,ONLINE,24,598,29.93,568,2020,12
2020-12-17,YYC-DT,IN_STORE,43,1813,90.67,1722,2020,12
2020-12-17,YYC-DT,ONLINE,27,989,49.49,940,2020,12
2020-12-17,YYC-NW,IN_STORE,49,1263,63.18,1200,2020,12
2020-12-17,YYC-NW,ONLINE,16,668,33.43,635,2020,12
2020-12-17,YYC-SE,IN_STORE,43,1072,53.61,1018,2020,12
2020-12-17,YYC-SE,ONLINE,22,604,30.2,573,2020,12
2020-12-18,YYC-DT,IN_STORE,63,1814,90.72,1723,2020,12
2020-12-18,YYC-DT,ONLINE,28,966,48.31,917,2020,12
2020-12-18,YYC-NW,IN_STORE,35,1309,65.49,1244,2020,12
2020-12-18,YYC-NW,ONLINE,20,665,33.28,632,2020,12
2020-12-18,YYC-SE,IN_STORE,33,1142,57.12,1085,2020,12
2020-12-18,YYC-SE,ONLINE,20,550,27.53,522,2020,12
2020-12-19,YYC-DT,IN_STORE,62,1879,93.98,1785,2020,12
2020-12-19,YYC-DT,ONLINE,30,1011,50.58,961,2020,12
2020-12-19,YYC-NW,IN_STORE,53,1386,69.35,1317,2020,12
2020-12-19,YYC-NW,ONLINE,18,734,36.74,698,2020,12
2020-12-19,YYC-SE,IN_STORE,43,1122,56.12,1066,2020,12
2020-12-19,YYC-SE,ONLINE,17,683,34.19,649,2020,12
2020-12-20,YYC-DT,IN_STORE,68,2006,100.35,1906,2020,12
2020-12-20,YYC-DT,ONLINE,39,1038,51.9,986,2020,12
2020-12-20,YYC-NW,IN_STORE,45,1316,65.84,1250,2020,12
2020-12-20,YYC-NW,ONLINE,26,706,35.34,671,2020,12
2020-12-20,YYC-SE,IN_STORE,39,1086,54.3,1031,2020,12
2020-12-20,YYC-SE,ONLINE,19,601,30.06,571,2020,12
2020-12-21,YYC-DT,IN_STORE,45,1852,92.61,1759,2020,12
2020-12-21,YYC-DT,ONLINE,36,973,48.67,924,2020,12
2020-12-21,YYC-NW,IN_STORE,47,1334,66.75,1268,2020,12
2020-12-21,YYC-NW,ONLINE,20,714,35.72,678,2020,12
2020-12-21,YYC-SE,IN_STORE,43,1093,54.68,1038,2020,12
2020-12-21,YYC-SE,ONLINE,15,629,31.46,597,2020,12
2020-12-22,YYC-DT,IN_STORE,40,1679,83.99,1595,2020,12
2020-12-22,YYC-DT,ONLINE,25,880,44.0,836,2020,12
2020-12-22,YYC-NW,IN_STORE,45,1160,58.04,1102,2020,12
2020-12-22,YYC-NW,ONLINE,22,626,31.32,595,2020,12
2020-12-22,YYC-SE,IN_STORE,28,953,47.67,905,2020,12
2020-12-22,YYC-SE,ONLINE,18,528,26.43,502,2020,12
2020-12-23,YYC-DT,IN_STORE,59,1617,80.87,1536,2020,12
2020-12-23,YYC-DT,ONLINE,32,854,42.71,811,2020,12
2020-12-23,YYC-NW,IN_STORE,47,1195,59.79,1135,2020,12
2020-12-23,YYC-NW,ONLINE,20,655,32.76,622,2020,12
2020-12-23,YYC-SE,IN_STORE,35,894,44.72,849,2020,12
2020-12-23,YYC-SE,ONLINE,13,606,30.3,575,2020,12
2020-12-24,YYC-DT,IN_STORE,53,1880,94.04,1786,2020,12
2020-12-24,YYC-DT,ONLINE,26,957,47.88,909,2020,12
2020-12-24,YYC-NW,IN_STORE,31,1324,66.23,1258,2020,12
2020-12-24,YYC-NW,ONLINE,19,758,37.9,720,2020,12
2020-12-24,YYC-SE,IN_STORE,44,1130,56.51,1073,2020,12
2020-12-24,YYC-SE,ONLINE,24,619,30.98,588,2020,12
2020-12-25,YYC-DT,IN_STORE,54,1764,88.24,1676,2020,12
2020-12-25,YYC-DT,ONLINE,31,959,47.97,911,2020,12
2020-12-25,YYC-NW,IN_STORE,38,1301,65.05,1235,2020,12
2020-12-25,YYC-NW,ONLINE,25,674,33.72,640,2020,12
2020-12-25,YYC-SE,IN_STORE,37,1074,53.74,1021,2020,12
2020-12-25,YYC-SE,ONLINE,16,585,29.25,555,2020,12
2020-12-26,YYC-DT,IN_STORE,65,1909,95.47,1813,2020,12
2020-12-26,YYC-DT,ONLINE,29,1011,50.59,961,2020,12
2020-12-26,YYC-NW,IN_STORE,40,1415,70.76,1344,2020,12
2020-12-26,YYC-NW,ONLINE,18,720,36.04,684,2020,12
2020-12-26,YYC-SE,IN_STORE,44,1257,62.88,1194,2020,12
2020-12-26,YYC-SE,ONLINE,24,588,29.44,559,2020,12
2020-12-27,YYC-DT,IN_STORE,62,1883,94.2,1789,2020,12
2020-12-27,YYC-DT,ONLINE,36,1051,52.57,998,2020,12
2020-12-27,YYC-NW,IN_STORE,40,1379,68.99,1310,2020,12
2020-12-27,YYC-NW,ONLINE,20,689,34.49,655,2020,12
2020-12-27,YYC-SE,IN_STORE,48,1231,61.58,1169,2020,12
2020-12-27,YYC-SE,ONLINE,16,610,30.5,579,2020,12
2020-12-28,YYC-DT,IN_STORE,54,1801,90.08,1711,2020,12
2020-12-28,YYC-DT,ONLINE,30,924,46.22,878,2020,12
2020-12-28,YYC-NW,IN_STORE,52,1226,61.33,1165,2020,12
2020-12-28,YYC-NW,ONLINE,27,703,35.18,668,2020,12
2020-12-28,YYC-SE,IN_STORE,37,1088,54.43,1034,2020,12
2020-12-28,YYC-SE,ONLINE,18,572,28.65,544,2020,12
2020-12-29,YYC-DT,IN_STORE,56,1759,88.0,1671,2020,12
2020-12-29,YYC-DT,ONLINE,24,928,46.43,882,2020,12
2020-12-29,YYC-NW,IN_STORE,30,1253,62.68,1190,2020,12
2020-12-29,YYC-NW,ONLINE,16,636,31.81,604,2020,12
2020-12-29,YYC-SE,IN_STORE,43,1079,53.95,1025,2020,12
2020-12-29,YYC-SE,ONLINE,15,555,27.78,527,2020,12
2020-12-30,YYC-DT,IN_STORE,47,1776,88.81,1687,2020,12
2020-12-30,YYC-DT,ONLINE,26,903,45.18,858,2020,12
2020-12-30,YYC-NW,IN_STORE,41,1169,58.45,1110,2020,12
2020-12-30,YYC-NW,ONLINE,16,638,31.94,606,2020,12
2020-12-30,YYC-SE,IN_STORE,25,1000,50.02,950,2020,12
2020-12-30,YYC-SE,ONLINE,14,489,24.45,464,2020,12
2020-12-31,YYC-DT,IN_STORE,44,1779,88.98,1690,2020,12
2020-12-31,YYC-DT,ONLINE,25,1010,50.5,959,2020,12
2020-12-31,YYC-NW,IN_STORE,36,1331,66.57,1264,2020,12
2020-12-31,YYC-NW,ONLINE,26,692,34.63,658,2020,12
2020-12-31,YYC-SE,IN_STORE,32,1057,52.86,1004,2020,12
2020-12-31,YYC-SE,ONLINE,22,589,29.49,560,2020,12
2021-01-01,YYC-DT,IN_STORE,31,1212,60.62,1151,2021,1
2021-01-01,YYC-DT,ONLINE,13,498,24.92,473,2021,1
2021-01-01,YYC-NW,IN_STORE,24,881,44.07,837,2021,1
2021-01-01,YYC-NW,ONLINE,10,336,16.81,319,2021,1
2021-01-01,YYC-SE,IN_STORE,23,765,38.27,727,2021,1
2021-01-01,YYC-SE,ONLINE,7,271,13.58,258,2021,1
2021-01-02,YYC-DT,IN_STORE,36,1430,71.52,1358,2021,1
2021-01-02,YYC-DT,ONLINE,15,624,31.22,593,2021,1
2021-01-02,YYC-NW,IN_STORE,37,1076,53.82,1022,2021,1
2021-01-02,YYC-NW,ONLINE,11,397,19.89,377,2021,1
2021-01-02,YYC-SE,IN_STORE,27,875,43.77,831,2021,1
2021-01-02,YYC-SE,ONLINE,13,369,18.48,351,2021,1
2021-01-03,YYC-DT,IN_STORE,37,1303,65.16,1238,2021,1
2021-01-03,YYC-DT,ONLINE,21,585,29.26,555,2021,1
2021-01-03,YYC-NW,IN_STORE,30,969,48.47,920,2021,1
2021-01-03,YYC-NW,ONLINE,10,323,16.18,307,2021,1
2021-01-03,YYC-SE,IN_STORE,28,782,39.13,743,2021,1
2021-01-03,YYC-SE,ONLINE,9,328,16.41,311,2021,1
2021-01-04,YYC-DT,IN_STORE,45,1308,65.41,1242,2021,1
2021-01-04,YYC-DT,ONLINE,15,600,30.01,570,2021,1
2021-01-04,YYC-NW,IN_STORE,41,987,49.4,938,2021,1
2021-01-04,YYC-NW,ONLINE,12,428,21.42,407,2021,1
2021-01-04,YYC-SE,IN_STORE,20,838,41.91,796,2021,1
2021-01-04,YYC-SE,ONLINE,10,302,15.14,287,2021,1
2021-01-05,YYC-DT,IN_STORE,41,1456,72.85,1384,2021,1
2021-01-05,YYC-DT,ONLINE,20,525,26.27,499,2021,1
2021-01-05,YYC-NW,IN_STORE,36,905,45.25,859,2021,1
2021-01-05,YYC-NW,ONLINE,10,387,19.36,367,2021,1
2021-01-05,YYC-SE,IN_STORE,27,824,41.25,783,2021,1
2021-01-05,YYC-SE,ONLINE,9,343,17.19,326,2021,1
2021-01-06,YYC-DT,IN_STORE,43,1387,69.36,1317,2021,1
2021-01-06,YYC-DT,ONLINE,16,510,25.53,485,2021,1
2021-01-06,YYC-NW,IN_STORE,25,995,49.77,945,2021,1
2021-01-06,YYC-NW,ONLINE,11,398,19.93,378,2021,1
2021-01-06,YYC-SE,IN_STORE,20,903,45.18,858,2021,1
2021-01-06,YYC-SE,ONLINE,11,371,18.56,352,2021,1
2021-01-07,YYC-DT,IN_STORE,34,1356,67.82,1288,2021,1
2021-01-07,YYC-DT,ONLINE,19,595,29.8,566,2021,1
2021-01-07,YYC-NW,IN_STORE,37,971,48.58,922,2021,1
2021-01-07,YYC-NW,ONLINE,15,439,22.0,417,2021,1
2021-01-07,YYC-SE,IN_STORE,21,868,43.44,825,2021,1
2021-01-07,YYC-SE,ONLINE,10,356,17.83,338,2021,1
2021-01-08,YYC-DT,IN_STORE,42,1469,73.49,1396,2021,1
2021-01-08,YYC-DT,ONLINE,17,605,30.25,574,2021,1
2021-01-08,YYC-NW,IN_STORE,33,1037,51.87,985,2021,1
2021-01-08,YYC-NW,ONLINE,15,423,21.17,402,2021,1
2021-01-08,YYC-SE,IN_STORE,35,860,43.01,817,2021,1
2021-01-08,YYC-SE,ONLINE,14,406,20.35,386,2021,1
2021-01-09,YYC-DT,IN_STORE,40,1438,71.95,1367,2021,1
2021-01-09,YYC-DT,ONLINE,22,652,32.64,620,2021,1
2021-01-09,YYC-NW,IN_STORE,29,1142,57.14,1085,2021,1
2021-01-09,YYC-NW,ONLINE,15,482,24.11,458,2021,1
2021-01-09,YYC-SE,IN_STORE,28,941,47.1,894,2021,1
2021-01-09,YYC-SE,ONLINE,16,392,19.64,373,2021,1
2021-01-10,YYC-DT,IN_STORE,36,1242,62.15,1180,2021,1
2021-01-10,YYC-DT,ONLINE,15,603,30.18,573,2021,1
2021-01-10,YYC-NW,IN_STORE,30,972,48.61,923,2021,1
2021-01-10,YYC-NW,ONLINE,11,405,20.3,385,2021,1
2021-01-10,YYC-SE,IN_STORE,24,789,39.47,749,2021,1
2021-01-10,YYC-SE,ONLINE,11,299,14.99,284,2021,1
2021-01-11,YYC-DT,IN_STORE,47,1217,60.89,1156,2021,1
2021-01-11,YYC-DT,ONLINE,13,488,24.41,463,2021,1
2021-01-11,YYC-NW,IN_STORE,31,910,45.51,864,2021,1
2021-01-11,YYC-NW,ONLINE,10,367,18.39,349,2021,1
2021-01-11,YYC-SE,IN_STORE,29,797,39.86,757,2021,1
2021-01-11,YYC-SE,ONLINE,8,374,18.72,355,2021,1
2021-01-12,YYC-DT,IN_STORE,49,1363,68.16,1294,2021,1
2021-01-12,YYC-DT,ONLINE,14,523,26.17,497,2021,1
2021-01-12,YYC-NW,IN_STORE,25,960,48.01,912,2021,1
2021-01-12,YYC-NW,ONLINE,12,382,19.13,363,2021,1
2021-01-12,YYC-SE,IN_STORE,24,730,36.54,694,2021,1
2021-01-12,YYC-SE,ONLINE,12,325,16.3,309,2021,1
2021-01-13,YYC-DT,IN_STORE,52,1351,67.58,1284,2021,1
2021-01-13,YYC-DT,ONLINE,16,591,29.59,562,2021,1
2021-01-13,YYC-NW,IN_STORE,29,957,47.9,910,2021,1
2021-01-13,YYC-NW,ONLINE,13,376,18.84,357,2021,1
2021-01-13,YYC-SE,IN_STORE,20,743,37.2,706,2021,1
2021-01-13,YYC-SE,ONLINE,9,269,13.5,256,2021,1
2021-01-14,YYC-DT,IN_STORE,50,1380,69.0,1311,2021,1
2021-01-14,YYC-DT,ONLINE,16,557,27.87,529,2021,1
2021-01-14,YYC-NW,IN_STORE,25,943,47.17,896,2021,1
2021-01-14,YYC-NW,ONLINE,11,359,17.99,341,2021,1
2021-01-14,YYC-SE,IN_STORE,27,897,44.86,852,2021,1
2021-01-14,YYC-SE,ONLINE,11,352,17.64,335,2021,1
2021-01-15,YYC-DT,IN_STORE,31,1282,64.12,1218,2021,1
2021-01-15,YYC-DT,ONLINE,14,492,24.62,467,2021,1
2021-01-15,YYC-NW,IN_STORE,32,877,43.87,833,2021,1
2021-01-15,YYC-NW,ONLINE,10,356,17.83,338,2021,1
2021-01-15,YYC-SE,IN_STORE,22,791,39.56,751,2021,1
2021-01-15,YYC-SE,ONLINE,10,325,16.29,309,2021,1
2021-01-16,YYC-DT,IN_STORE,57,1394,69.72,1324,2021,1
2021-01-16,YYC-DT,ONLINE,17,610,30.51,579,2021,1
2021-01-16,YYC-NW,IN_STORE,31,1110,55.52,1054,2021,1
2021-01-16,YYC-NW,ONLINE,17,463,23.18,440,2021,1
2021-01-16,YYC-SE,IN_STORE,34,884,44.2,839,2021,1
2021-01-16,YYC-SE,ONLINE,9,392,19.62,372,2021,1
2021-01-17,YYC-DT,IN_STORE,35,1487,74.37,1413,2021,1
2021-01-17,YYC-DT,ONLINE,20,624,31.23,593,2021,1
2021-01-17,YYC-NW,IN_STORE,32,972,48.62,923,2021,1
2021-01-17,YYC-NW,ONLINE,11,389,19.48,370,2021,1
2021-01-17,YYC-SE,IN_STORE,23,763,38.18,725,2021,1
2021-01-17,YYC-SE,ONLINE,9,304,15.24,289,2021,1
2021-01-18,YYC-DT,IN_STORE,47,1253,62.65,1190,2021,1
2021-01-18,YYC-DT,ONLINE,15,519,25.97,493,2021,1
2021-01-18,YYC-NW,IN_STORE,22,886,44.33,842,2021,1
2021-01-18,YYC-NW,ONLINE,9,300,15.01,285,2021,1
2021-01-18,YYC-SE,IN_STORE,23,788,39.45,749,2021,1
2021-01-18,YYC-SE,ONLINE,10,272,13.63,259,2021,1
2021-01-19,YYC-DT,IN_STORE,38,1219,60.95,1158,2021,1
2021-01-19,YYC-DT,ONLINE,16,546,27.3,518,2021,1
2021-01-19,YYC-NW,IN_STORE,23,809,40.48,769,2021,1
2021-01-19,YYC-NW,ONLINE,14,341,17.1,324,2021,1
2021-01-19,YYC-SE,IN_STORE,24,801,40.06,761,2021,1
2021-01-19,YYC-SE,ONLINE,7,324,16.21,308,2021,1
2021-01-20,YYC-DT,IN_STORE,49,1216,60.84,1155,2021,1
2021-01-20,YYC-DT,ONLINE,15,525,26.26,498,2021,1
2021-01-20,YYC-NW,IN_STORE,29,851,42.59,809,2021,1
2021-01-20,YYC-NW,ONLINE,9,333,16.66,316,2021,1
2021-01-20,YYC-SE,IN_STORE,19,736,36.83,699,2021,1
2021-01-20,YYC-SE,ONLINE,11,294,14.75,280,2021,1
2021-01-21,YYC-DT,IN_STORE,36,1191,59.58,1132,2021,1
2021-01-21,YYC-DT,ONLINE,13,598,29.91,568,2021,1
2021-01-21,YYC-NW,IN_STORE,35,871,43.55,827,2021,1
2021-01-21,YYC-NW,ONLINE,11,343,17.17,326,2021,1
2021-01-21,YYC-SE,IN_STORE,18,732,36.61,695,2021,1
2021-01-21,YYC-SE,ONLINE,10,304,15.25,289,2021,1
2021-01-22,YYC-DT,IN_STORE,37,1292,64.61,1227,2021,1
2021-01-22,YYC-DT,ONLINE,16,504,25.22,479,2021,1
2021-01-22,YYC-NW,IN_STORE,29,882,44.15,838,2021,1
2021-01-22,YYC-NW,ONLINE,11,409,20.45,388,2021,1
2021-01-22,YYC-SE,IN_STORE,19,770,38.54,732,2021,1
2021-01-22,YYC-SE,ONLINE,13,292,14.63,278,2021,1
2021-01-23,YYC-DT,IN_STORE,52,1466,73.32,1393,2021,1
2021-01-23,YYC-DT,ONLINE,15,658,32.92,625,2021,1
2021-01-23,YYC-NW,IN_STORE,36,1068,53.42,1014,2021,1
2021-01-23,YYC-NW,ONLINE,11,477,23.9,454,2021,1
2021-01-23,YYC-SE,IN_STORE,31,855,42.79,812,2021,1
2021-01-23,YYC-SE,ONLINE,13,342,17.13,325,2021,1
2021-01-24,YYC-DT,IN_STORE,35,1314,65.7,1248,2021,1
2021-01-24,YYC-DT,ONLINE,19,608,30.43,578,2021,1
2021-01-24,YYC-NW,IN_STORE,23,973,48.68,924,2021,1
2021-01-24,YYC-NW,ONLINE,10,382,19.13,363,2021,1
2021-01-24,YYC-SE,IN_STORE,26,862,43.15,819,2021,1
2021-01-24,YYC-SE,ONLINE,12,385,19.28,366,2021,1
2021-01-25,YYC-DT,IN_STORE,36,1469,73.49,1396,2021,1
2021-01-25,YYC-DT,ONLINE,18,588,29.42,558,2021,1
2021-01-25,YYC-NW,IN_STORE,37,1083,54.16,1029,2021,1
2021-01-25,YYC-NW,ONLINE,13,443,22.17,421,2021,1
2021-01-25,YYC-SE,IN_STORE,32,917,45.87,871,2021,1
2021-01-25,YYC-SE,ONLINE,11,336,16.85,320,2021,1
2021-01-26,YYC-DT,IN_STORE,37,1354,67.73,1286,2021,1
2021-01-26,YYC-DT,ONLINE,20,549,27.49,522,2021,1
2021-01-26,YYC-NW,IN_STORE,38,1012,50.61,961,2021,1
2021-01-26,YYC-NW,ONLINE,10,442,22.15,420,2021,1
2021-01-26,YYC-SE,IN_STORE,21,803,40.18,763,2021,1
2021-01-26,YYC-SE,ONLINE,11,338,16.94,321,2021,1
2021-01-27,YYC-DT,IN_STORE,32,1286,64.32,1222,2021,1
2021-01-27,YYC-DT,ONLINE,18,590,29.51,560,2021,1
2021-01-27,YYC-NW,IN_STORE,23,841,42.08,799,2021,1
2021-01-27,YYC-NW,ONLINE,10,352,17.62,334,2021,1
2021-01-27,YYC-SE,IN_STORE,27,806,40.31,765,2021,1
2021-01-27,YYC-SE,ONLINE,11,326,16.32,310,2021,1
2021-01-28,YYC-DT,IN_STORE,42,1394,69.71,1324,2021,1
2021-01-28,YYC-DT,ONLINE,16,501,25.09,476,2021,1
2021-01-28,YYC-NW,IN_STORE,34,917,45.86,871,2021,1
2021-01-28,YYC-NW,ONLINE,9,348,17.43,331,2021,1
2021-01-28,YYC-SE,IN_STORE,24,730,36.54,694,2021,1
2021-01-28,YYC-SE,ONLINE,10,318,15.91,302,2021,1
2021-01-29,YYC-DT,IN_STORE,38,1324,66.2,1257,2021,1
2021-01-29,YYC-DT,ONLINE,16,580,29.02,551,2021,1
2021-01-29,YYC-NW,IN_STORE,30,970,48.51,921,2021,1
2021-01-29,YYC-NW,ONLINE,16,416,20.82,395,2021,1
2021-01-29,YYC-SE,IN_STORE,21,781,39.09,742,2021,1
2021-01-29,YYC-SE,ONLINE,9,322,16.12,306,2021,1
2021-01-30,YYC-DT,IN_STORE,36,1402,70.13,1332,2021,1
2021-01-30,YYC-DT,ONLINE,19,560,28.05,532,2021,1
2021-01-30,YYC-NW,IN_STORE,32,1014,50.73,963,2021,1
2021-01-30,YYC-NW,ONLINE,10,444,22.23,422,2021,1
2021-01-30,YYC-SE,IN_STORE,23,840,42.05,798,2021,1
2021-01-30,YYC-SE,ONLINE,11,383,19.17,364,2021,1
2021-01-31,YYC-DT,IN_STORE,50,1361,68.08,1293,2021,1
2021-01-31,YYC-DT,ONLINE,18,603,30.19,573,2021,1
2021-01-31,YYC-NW,IN_STORE,40,1056,52.83,1003,2021,1
2021-01-31,YYC-NW,ONLINE,18,422,21.13,401,2021,1
2021-01-31,YYC-SE,IN_STORE,24,799,39.97,759,2021,1
2021-01-31,YYC-SE,ONLINE,12,343,17.19,326,2021,1
2021-02-01,YYC-DT,IN_STORE,39,1627,81.36,1545,2021,2
2021-02-01,YYC-DT,ONLINE,29,660,33.02,627,2021,2
2021-02-01,YYC-NW,IN_STORE,32,1159,58.0,1101,2021,2
2021-02-01,YYC-NW,ONLINE,16,451,22.56,428,2021,2
2021-02-01,YYC-SE,IN_STORE,36,997,49.86,947,2021,2
2021-02-01,YYC-SE,ONLINE,15,384,19.25,365,2021,2
2021-02-02,YYC-DT,IN_STORE,55,1476,73.8,1402,2021,2
2021-02-02,YYC-DT,ONLINE,17,587,29.37,557,2021,2
2021-02-02,YYC-NW,IN_STORE,27,925,46.27,879,2021,2
2021-02-02,YYC-NW,ONLINE,12,451,22.59,429,2021,2
2021-02-02,YYC-SE,IN_STORE,32,871,43.55,827,2021,2
2021-02-02,YYC-SE,ONLINE,9,372,18.65,354,2021,2
2021-02-03,YYC-DT,IN_STORE,37,1542,77.15,1465,2021,2
2021-02-03,YYC-DT,ONLINE,17,580,29.02,551,2021,2
2021-02-03,YYC-NW,IN_STORE,41,1103,55.19,1048,2021,2
2021-02-03,YYC-NW,ONLINE,11,489,24.47,464,2021,2
2021-02-03,YYC-SE,IN_STORE,24,958,47.91,910,2021,2
2021-02-03,YYC-SE,ONLINE,13,401,20.08,381,2021,2
2021-02-04,YYC-DT,IN_STORE,51,1410,70.51,1339,2021,2
2021-02-04,YYC-DT,ONLINE,18,546,27.32,519,2021,2
2021-02-04,YYC-NW,IN_STORE,24,943,47.16,896,2021,2
2021-02-04,YYC-NW,ONLINE,17,413,20.69,393,2021,2
2021-02-04,YYC-SE,IN_STORE,20,834,41.74,793,2021,2
2021-02-04,YYC-SE,ONLINE,10,385,19.27,366,2021,2
2021-02-05,YYC-DT,IN_STORE,50,1446,72.3,1373,2021,2
2021-02-05,YYC-DT,ONLINE,18,620,31.03,589,2021,2
2021-02-05,YYC-NW,IN_STORE,30,971,48.59,923,2021,2
2021-02-05,YYC-NW,ONLINE,11,430,21.52,408,2021,2
2021-02-05,YYC-SE,IN_STORE,26,850,42.53,808,2021,2
2021-02-05,YYC-SE,ONLINE,12,341,17.08,324,2021,2
2021-02-06,YYC-DT,IN_STORE,44,1792,89.64,1703,2021,2
2021-02-06,YYC-DT,ONLINE,21,740,37.02,703,2021,2
2021-02-06,YYC-NW,IN_STORE,38,1263,63.18,1200,2021,2
2021-02-06,YYC-NW,ONLINE,14,511,25.57,485,2021,2
2021-02-06,YYC-SE,IN_STORE,25,1123,56.16,1066,2021,2
2021-02-06,YYC-SE,ONLINE,11,444,22.22,422,2021,2
2021-02-07,YYC-DT,IN_STORE,54,1461,73.07,1388,2021,2
2021-02-07,YYC-DT,ONLINE,17,624,31.24,593,2021,2
2021-02-07,YYC-NW,IN_STORE,46,1159,57.96,1101,2021,2
2021-02-07,YYC-NW,ONLINE,13,499,24.96,474,2021,2
2021-02-07,YYC-SE,IN_STORE,30,896,44.8,851,2021,2
2021-02-07,YYC-SE,ONLINE,9,402,20.12,382,2021,2
2021-02-08,YYC-DT,IN_STORE,51,1680,84.02,1596,2021,2
2021-02-08,YYC-DT,ONLINE,17,732,36.62,695,2021,2
2021-02-08,YYC-NW,IN_STORE,30,1137,56.88,1080,2021,2
2021-02-08,YYC-NW,ONLINE,15,459,22.95,436,2021,2
2021-02-08,YYC-SE,IN_STORE,24,1049,52.46,996,2021,2
2021-02-08,YYC-SE,ONLINE,11,457,22.9,435,2021,2
2021-02-09,YYC-DT,IN_STORE,38,1634,81.71,1552,2021,2
2021-02-09,YYC-DT,ONLINE,22,621,31.06,590,2021,2
2021-02-09,YYC-NW,IN_STORE,36,1103,55.18,1048,2021,2
2021-02-09,YYC-NW,ONLINE,16,430,21.54,409,2021,2
2021-02-09,YYC-SE,IN_STORE,33,888,44.44,844,2021,2
2021-02-09,YYC-SE,ONLINE,10,380,19.01,361,2021,2
2021-02-10,YYC-DT,IN_STORE,45,1404,70.24,1334,2021,2
2021-02-10,YYC-DT,ONLINE,22,523,26.19,497,2021,2
2021-02-10,YYC-NW,IN_STORE,30,982,49.13,933,2021,2
2021-02-10,YYC-NW,ONLINE,10,409,20.47,388,2021,2
2021-02-10,YYC-SE,IN_STORE,21,788,39.4,748,2021,2
2021-02-10,YYC-SE,ONLINE,14,371,18.58,352,2021,2
2021-02-11,YYC-DT,IN_STORE,50,1492,74.62,1417,2021,2
2021-02-11,YYC-DT,ONLINE,15,608,30.4,577,2021,2
2021-02-11,YYC-NW,IN_STORE,27,990,49.54,941,2021,2
2021-02-11,YYC-NW,ONLINE,18,432,21.62,410,2021,2
2021-02-11,YYC-SE,IN_STORE,35,899,44.98,854,2021,2
2021-02-11,YYC-SE,ONLINE,14,360,18.03,342,2021,2
2021-02-12,YYC-DT,IN_STORE,49,1525,76.3,1449,2021,2
2021-02-12,YYC-DT,ONLINE,18,611,30.56,580,2021,2
2021-02-12,YYC-NW,IN_STORE,37,1068,53.43,1015,2021,2
2021-02-12,YYC-NW,ONLINE,13,409,20.46,388,2021,2
2021-02-12,YYC-SE,IN_STORE,37,972,48.6,923,2021,2
2021-02-12,YYC-SE,ONLINE,10,392,19.6,372,2021,2
2021-02-13,YYC-DT,IN_STORE,48,1623,81.19,1542,2021,2
2021-02-13,YYC-DT,ONLINE,18,675,33.76,641,2021,2
2021-02-13,YYC-NW,IN_STORE,42,1154,57.72,1096,2021,2
2021-02-13,YYC-NW,ONLINE,14,446,22.34,424,2021,2
2021-02-13,YYC-SE,IN_STORE,32,1004,50.2,953,2021,2
2021-02-13,YYC-SE,ONLINE,14,394,19.71,374,2021,2
2021-02-14,YYC-DT,IN_STORE,50,1586,79.32,1507,2021,2
2021-02-14,YYC-DT,ONLINE,22,605,30.3,575,2021,2
2021-02-14,YYC-NW,IN_STORE,39,1011,50.6,961,2021,2
2021-02-14,YYC-NW,ONLINE,13,474,23.72,450,2021,2
2021-02-14,YYC-SE,IN_STORE,22,888,44.43,844,2021,2
2021-02-14,YYC-SE,ONLINE,9,403,20.18,383,2021,2
2021-02-15,YYC-DT,IN_STORE,38,1409,70.48,1339,2021,2
2021-02-15,YYC-DT,ONLINE,17,567,28.38,539,2021,2
2021-02-15,YYC-NW,IN_STORE,38,1038,51.9,986,2021,2
2021-02-15,YYC-NW,ONLINE,13,415,20.79,395,2021,2
2021-02-15,YYC-SE,IN_STORE,22,840,42.01,798,2021,2
2021-02-15,YYC-SE,ONLINE,13,359,17.99,341,2021,2
2021-02-16,YYC-DT,IN_STORE,52,1431,71.57,1359,2021,2
2021-02-16,YYC-DT,ONLINE,17,664,33.24,631,2021,2
2021-02-16,YYC-NW,IN_STORE,32,1041,52.08,989,2021,2
2021-02-16,YYC-NW,ONLINE,15,407,20.39,387,2021,2
2021-02-16,YYC-SE,IN_STORE,27,853,42.67,810,2021,2
2021-02-16,YYC-SE,ONLINE,12,355,17.75,337,2021,2
2021-02-17,YYC-DT,IN_STORE,39,1411,70.56,1340,2021,2
2021-02-17,YYC-DT,ONLINE,17,588,29.44,559,2021,2
2021-02-17,YYC-NW,IN_STORE,30,957,47.89,909,2021,2
2021-02-17,YYC-NW,ONLINE,12,468,23.42,445,2021,2
2021-02-17,YYC-SE,IN_STORE,32,852,42.61,809,2021,2
2021-02-17,YYC-SE,ONLINE,13,348,17.43,331,2021,2
2021-02-18,YYC-DT,IN_STORE,53,1445,72.3,1373,2021,2
2021-02-18,YYC-DT,ONLINE,15,628,31.45,597,2021,2
2021-02-18,YYC-NW,IN_STORE,42,1041,52.08,989,2021,2
2021-02-18,YYC-NW,ONLINE,18,438,21.93,416,2021,2
2021-02-18,YYC-SE,IN_STORE,27,912,45.65,867,2021,2
2021-02-18,YYC-SE,ONLINE,10,415,20.78,394,2021,2
2021-02-19,YYC-DT,IN_STORE,54,1453,72.67,1380,2021,2
2021-02-19,YYC-DT,ONLINE,15,654,32.74,622,2021,2
2021-02-19,YYC-NW,IN_STORE,25,931,46.6,885,2021,2
2021-02-19,YYC-NW,ONLINE,12,491,24.6,467,2021,2
2021-02-19,YYC-SE,IN_STORE,27,919,45.98,873,2021,2
2021-02-19,YYC-SE,ONLINE,10,395,19.77,375,2021,2
2021-02-20,YYC-DT,IN_STORE,43,1479,73.98,1405,2021,2
2021-02-20,YYC-DT,ONLINE,21,718,35.94,682,2021,2
2021-02-20,YYC-NW,IN_STORE,34,1023,51.16,972,2021,2
2021-02-20,YYC-NW,ONLINE,11,432,21.63,410,2021,2
2021-02-20,YYC-SE,IN_STORE,31,882,44.12,838,2021,2
2021-02-20,YYC-SE,ONLINE,10,345,17.27,328,2021,2
2021-02-21,YYC-DT,IN_STORE,52,1791,89.55,1701,2021,2
2021-02-21,YYC-DT,ONLINE,18,710,35.53,675,2021,2
2021-02-21,YYC-NW,IN_STORE,40,1143,57.18,1086,2021,2
2021-02-21,YYC-NW,ONLINE,14,468,23.4,444,2021,2
2021-02-21,YYC-SE,IN_STORE,27,952,47.61,904,2021,2
2021-02-21,YYC-SE,ONLINE,12,409,20.45,388,2021,2
2021-02-22,YYC-DT,IN_STORE,42,1495,74.77,1420,2021,2
2021-02-22,YYC-DT,ONLINE,21,628,31.41,596,2021,2
2021-02-22,YYC-NW,IN_STORE,32,1029,51.45,977,2021,2
2021-02-22,YYC-NW,ONLINE,12,375,18.78,356,2021,2
2021-02-22,YYC-SE,IN_STORE,37,912,45.65,867,2021,2
2021-02-22,YYC-SE,ONLINE,14,345,17.3,328,2021,2
2021-02-23,YYC-DT,IN_STORE,59,1447,72.36,1374,2021,2
2021-02-23,YYC-DT,ONLINE,20,671,33.59,638,2021,2
2021-02-23,YYC-NW,IN_STORE,28,1034,51.72,982,2021,2
2021-02-23,YYC-NW,ONLINE,12,411,20.59,391,2021,2
2021-02-23,YYC-SE,IN_STORE,35,933,46.68,886,2021,2
2021-02-23,YYC-SE,ONLINE,13,407,20.37,387,2021,2
2021-02-24,YYC-DT,IN_STORE,52,1464,73.23,1391,2021,2
2021-02-24,YYC-DT,ONLINE,16,661,33.09,628,2021,2
2021-02-24,YYC-NW,IN_STORE,31,1144,57.2,1086,2021,2
2021-02-24,YYC-NW,ONLINE,14,394,19.74,375,2021,2
2021-02-24,YYC-SE,IN_STORE,26,873,43.66,829,2021,2
2021-02-24,YYC-SE,ONLINE,11,313,15.66,297,2021,2
2021-02-25,YYC-DT,IN_STORE,42,1500,75.0,1425,2021,2
2021-02-25,YYC-DT,ONLINE,26,624,31.22,593,2021,2
2021-02-25,YYC-NW,IN_STORE,25,1097,54.89,1042,2021,2
2021-02-25,YYC-NW,ONLINE,15,404,20.23,384,2021,2
2021-02-25,YYC-SE,IN_STORE,38,928,46.42,881,2021,2
2021-02-25,YYC-SE,ONLINE,9,394,19.73,374,2021,2
2021-02-26,YYC-DT,IN_STORE,50,1543,77.16,1466,2021,2
2021-02-26,YYC-DT,ONLINE,18,591,29.58,562,2021,2
2021-02-26,YYC-NW,IN_STORE,35,1037,51.87,985,2021,2
2021-02-26,YYC-NW,ONLINE,12,429,21.49,408,2021,2
2021-02-26,YYC-SE,IN_STORE,25,810,40.5,769,2021,2
2021-02-26,YYC-SE,ONLINE,13,369,18.47,351,2021,2
2021-02-27,YYC-DT,IN_STORE,63,1581,79.07,1502,2021,2
2021-02-27,YYC-DT,ONLINE,26,625,31.26,593,2021,2
2021-02-27,YYC-NW,IN_STORE,29,1228,61.44,1167,2021,2
2021-02-27,YYC-NW,ONLINE,15,476,23.82,452,2021,2
2021-02-27,YYC-SE,IN_STORE,37,958,47.91,910,2021,2
2021-02-27,YYC-SE,ONLINE,11,426,21.32,405,2021,2
2021-02-28,YYC-DT,IN_STORE,50,1415,70.77,1344,2021,2
2021-02-28,YYC-DT,ONLINE,21,656,32.85,624,2021,2
2021-02-28,YYC-NW,IN_STORE,39,1099,54.96,1044,2021,2
2021-02-28,YYC-NW,ONLINE,14,463,23.2,440,2021,2
2021-02-28,YYC-SE,IN_STORE,29,887,44.37,843,2021,2
2021-02-28,YYC-SE,ONLINE,10,307,15.39,292,2021,2
2021-03-01,YYC-DT,IN_STORE,43,1550,77.51,1472,2021,3
2021-03-01,YYC-DT,ONLINE,18,628,31.41,596,2021,3
2021-03-01,YYC-NW,IN_STORE,32,1146,57.32,1089,2021,3
2021-03-01,YYC-NW,ONLINE,17,497,24.89,472,2021,3
2021-03-01,YYC-SE,IN_STORE,25,917,45.87,871,2021,3
2021-03-01,YYC-SE,ONLINE,16,385,19.27,366,2021,3
2021-03-02,YYC-DT,IN_STORE,49,1529,76.45,1452,2021,3
2021-03-02,YYC-DT,ONLINE,25,674,33.74,641,2021,3
2021-03-02,YYC-NW,IN_STORE,36,1121,56.06,1065,2021,3
2021-03-02,YYC-NW,ONLINE,14,424,21.24,403,2021,3
2021-03-02,YYC-SE,IN_STORE,25,962,48.12,914,2021,3
2021-03-02,YYC-SE,ONLINE,11,396,19.84,377,2021,3
2021-03-03,YYC-DT,IN_STORE,50,1576,78.82,1497,2021,3
2021-03-03,YYC-DT,ONLINE,22,715,35.79,680,2021,3
2021-03-03,YYC-NW,IN_STORE,29,1225,61.25,1163,2021,3
2021-03-03,YYC-NW,ONLINE,12,526,26.3,499,2021,3
2021-03-03,YYC-SE,IN_STORE,26,921,46.06,875,2021,3
2021-03-03,YYC-SE,ONLINE,14,409,20.48,389,2021,3
2021-03-04,YYC-DT,IN_STORE,53,1466,73.33,1393,2021,3
2021-03-04,YYC-DT,ONLINE,22,565,28.26,536,2021,3
2021-03-04,YYC-NW,IN_STORE,42,1079,53.99,1025,2021,3
2021-03-04,YYC-NW,ONLINE,11,398,19.91,378,2021,3
2021-03-04,YYC-SE,IN_STORE,25,953,47.68,905,2021,3
2021-03-04,YYC-SE,ONLINE,10,359,17.99,341,2021,3
2021-03-05,YYC-DT,IN_STORE,40,1419,70.96,1348,2021,3
2021-03-05,YYC-DT,ONLINE,21,639,31.96,607,2021,3
2021-03-05,YYC-NW,IN_STORE,28,1185,59.25,1125,2021,3
2021-03-05,YYC-NW,ONLINE,11,465,23.28,442,2021,3
2021-03-05,YYC-SE,IN_STORE,24,946,47.33,899,2021,3
2021-03-05,YYC-SE,ONLINE,15,370,18.54,352,2021,3
2021-03-06,YYC-DT,IN_STORE,60,1801,90.07,1711,2021,3
2021-03-06,YYC-DT,ONLINE,18,769,38.5,731,2021,3
2021-03-06,YYC-NW,IN_STORE,31,1452,72.63,1379,2021,3
2021-03-06,YYC-NW,ONLINE,13,521,26.1,495,2021,3
2021-03-06,YYC-SE,IN_STORE,38,1119,55.96,1063,2021,3
2021-03-06,YYC-SE,ONLINE,18,441,22.06,419,2021,3
2021-03-07,YYC-DT,IN_STORE,41,1674,83.71,1590,2021,3
2021-03-07,YYC-DT,ONLINE,18,747,37.36,709,2021,3
2021-03-07,YYC-NW,IN_STORE,31,1302,65.11,1237,2021,3
2021-03-07,YYC-NW,ONLINE,19,525,26.29,499,2021,3
2021-03-07,YYC-SE,IN_STORE,39,1098,54.92,1043,2021,3
2021-03-07,YYC-SE,ONLINE,15,426,21.31,404,2021,3
2021-03-08,YYC-DT,IN_STORE,57,1610,80.51,1529,2021,3
2021-03-08,YYC-DT,ONLINE,18,722,36.14,686,2021,3
2021-03-08,YYC-NW,IN_STORE,31,1095,54.76,1040,2021,3
2021-03-08,YYC-NW,ONLINE,18,461,23.07,438,2021,3
2021-03-08,YYC-SE,IN_STORE,30,1012,50.62,961,2021,3
2021-03-08,YYC-SE,ONLINE,10,448,22.42,426,2021,3
2021-03-09,YYC-DT,IN_STORE,57,1487,74.4,1413,2021,3
2021-03-09,YYC-DT,ONLINE,16,666,33.31,632,2021,3
2021-03-09,YYC-NW,IN_STORE,28,963,48.19,915,2021,3
2021-03-09,YYC-NW,ONLINE,13,493,24.66,468,2021,3
2021-03-09,YYC-SE,IN_STORE,33,942,47.15,895,2021,3
2021-03-09,YYC-SE,ONLINE,12,375,18.77,356,2021,3
2021-03-10,YYC-DT,IN_STORE,41,1506,75.32,1431,2021,3
2021-03-10,YYC-DT,ONLINE,23,652,32.64,620,2021,3
2021-03-10,YYC-NW,IN_STORE,37,1091,54.56,1036,2021,3
2021-03-10,YYC-NW,ONLINE,14,469,23.49,446,2021,3
2021-03-10,YYC-SE,IN_STORE,25,978,48.92,929,2021,3
2021-03-10,YYC-SE,ONLINE,10,469,23.49,446,2021,3
2021-03-11,YYC-DT,IN_STORE,57,1592,79.64,1513,2021,3
2021-03-11,YYC-DT,ONLINE,17,744,37.21,706,2021,3
2021-03-11,YYC-NW,IN_STORE,38,1173,58.69,1115,2021,3
2021-03-11,YYC-NW,ONLINE,13,554,27.74,527,2021,3
2021-03-11,YYC-SE,IN_STORE,32,1041,52.07,989,2021,3
2021-03-11,YYC-SE,ONLINE,15,430,21.51,408,2021,3
2021-03-12,YYC-DT,IN_STORE,50,1518,75.93,1442,2021,3
2021-03-12,YYC-DT,ONLINE,16,601,30.07,571,2021,3
2021-03-12,YYC-NW,IN_STORE,28,983,49.19,934,2021,3
2021-03-12,YYC-NW,ONLINE,12,530,26.51,503,2021,3
2021-03-12,YYC-SE,IN_STORE,24,949,47.46,901,2021,3
2021-03-12,YYC-SE,ONLINE,15,447,22.35,424,2021,3
2021-03-13,YYC-DT,IN_STORE,50,1656,82.8,1573,2021,3
2021-03-13,YYC-DT,ONLINE,27,695,34.75,660,2021,3
2021-03-13,YYC-NW,IN_STORE,40,1217,60.88,1156,2021,3
2021-03-13,YYC-NW,ONLINE,16,554,27.74,527,2021,3
2021-03-13,YYC-SE,IN_STORE,31,1009,50.49,959,2021,3
2021-03-13,YYC-SE,ONLINE,12,438,21.94,416,2021,3
2021-03-14,YYC-DT,IN_STORE,44,1681,84.06,1597,2021,3
2021-03-14,YYC-DT,ONLINE,18,732,36.6,695,2021,3
2021-03-14,YYC-NW,IN_STORE,40,1262,63.13,1199,2021,3
2021-03-14,YYC-NW,ONLINE,13,563,28.2,535,2021,3
2021-03-14,YYC-SE,IN_STORE,41,1054,52.74,1002,2021,3
2021-03-14,YYC-SE,ONLINE,12,449,22.45,426,2021,3
2021-03-15,YYC-DT,IN_STORE,57,1535,76.79,1459,2021,3
2021-03-15,YYC-DT,ONLINE,23,597,29.86,567,2021,3
2021-03-15,YYC-NW,IN_STORE,33,1105,55.26,1049,2021,3
2021-03-15,YYC-NW,ONLINE,15,416,20.83,395,2021,3
2021-03-15,YYC-SE,IN_STORE,27,912,45.62,866,2021,3
2021-03-15,YYC-SE,ONLINE,11,372,18.65,354,2021,3
2021-03-16,YYC-DT,IN_STORE,42,1498,74.94,1423,2021,3
2021-03-16,YYC-DT,ONLINE,20,650,32.53,618,2021,3
2021-03-16,YYC-NW,IN_STORE,35,1096,54.84,1042,2021,3
2021-03-16,YYC-NW,ONLINE,13,439,21.97,417,2021,3
2021-03-16,YYC-SE,IN_STORE,25,862,43.13,819,2021,3
2021-03-16,YYC-SE,ONLINE,10,420,21.0,399,2021,3
2021-03-17,YYC-DT,IN_STORE,51,1586,79.31,1506,2021,3
2021-03-17,YYC-DT,ONLINE,21,757,37.88,719,2021,3
2021-03-17,YYC-NW,IN_STORE,37,1179,58.97,1120,2021,3
2021-03-17,YYC-NW,ONLINE,16,477,23.88,453,2021,3
2021-03-17,YYC-SE,IN_STORE,31,1031,51.59,980,2021,3
2021-03-17,YYC-SE,ONLINE,12,377,18.85,358,2021,3
2021-03-18,YYC-DT,IN_STORE,60,1602,80.11,1522,2021,3
2021-03-18,YYC-DT,ONLINE,21,601,30.06,571,2021,3
2021-03-18,YYC-NW,IN_STORE,26,1137,56.86,1080,2021,3
2021-03-18,YYC-NW,ONLINE,15,457,22.87,434,2021,3
2021-03-18,YYC-SE,IN_STORE,37,933,46.67,886,2021,3
2021-03-18,YYC-SE,ONLINE,12,406,20.34,386,2021,3
2021-03-19,YYC-DT,IN_STORE,51,1702,85.12,1617,2021,3
2021-03-19,YYC-DT,ONLINE,27,689,34.46,654,2021,3
2021-03-19,YYC-NW,IN_STORE,31,1219,60.98,1158,2021,3
2021-03-19,YYC-NW,ONLINE,15,497,24.87,472,2021,3
2021-03-19,YYC-SE,IN_STORE,26,975,48.77,926,2021,3
2021-03-19,YYC-SE,ONLINE,12,420,21.01,399,2021,3
2021-03-20,YYC-DT,IN_STORE,51,1695,84.76,1610,2021,3
2021-03-20,YYC-DT,ONLINE,19,699,35.0,664,2021,3
2021-03-20,YYC-NW,IN_STORE,28,1182,59.14,1123,2021,3
2021-03-20,YYC-NW,ONLINE,13,476,23.81,452,2021,3
2021-03-20,YYC-SE,IN_STORE,41,978,48.92,929,2021,3
2021-03-20,YYC-SE,ONLINE,13,410,20.54,390,2021,3
2021-03-21,YYC-DT,IN_STORE,45,1796,89.83,1706,2021,3
2021-03-21,YYC-DT,ONLINE,19,724,36.23,688,2021,3
2021-03-21,YYC-NW,IN_STORE,38,1172,58.65,1114,2021,3
2021-03-21,YYC-NW,ONLINE,12,472,23.61,448,2021,3
2021-03-21,YYC-SE,IN_STORE,40,1022,51.1,970,2021,3
2021-03-21,YYC-SE,ONLINE,14,413,20.66,392,2021,3
2021-03-22,YYC-DT,IN_STORE,46,1541,77.08,1464,2021,3
2021-03-22,YYC-DT,ONLINE,19,639,31.96,607,2021,3
2021-03-22,YYC-NW,IN_STORE,42,1101,55.06,1046,2021,3
2021-03-22,YYC-NW,ONLINE,15,470,23.54,447,2021,3
2021-03-22,YYC-SE,IN_STORE,23,941,47.09,894,2021,3
2021-03-22,YYC-SE,ONLINE,12,393,19.65,373,2021,3
2021-03-23,YYC-DT,IN_STORE,57,1741,87.07,1654,2021,3
2021-03-23,YYC-DT,ONLINE,25,715,35.77,679,2021,3
2021-03-23,YYC-NW,IN_STORE,29,1252,62.61,1189,2021,3
2021-03-23,YYC-NW,ONLINE,14,555,27.76,527,2021,3
2021-03-23,YYC-SE,IN_STORE,37,1013,50.7,963,2021,3
2021-03-23,YYC-SE,ONLINE,11,402,20.11,382,2021,3
2021-03-24,YYC-DT,IN_STORE,40,1590,79.55,1511,2021,3
2021-03-24,YYC-DT,ONLINE,27,690,34.53,656,2021,3
2021-03-24,YYC-NW,IN_STORE,28,1127,56.36,1070,2021,3
2021-03-24,YYC-NW,ONLINE,19,525,26.25,498,2021,3
2021-03-24,YYC-SE,IN_STORE,39,973,48.66,924,2021,3
2021-03-24,YYC-SE,ONLINE,17,460,23.04,437,2021,3
2021-03-25,YYC-DT,IN_STORE,42,1837,91.89,1745,2021,3
2021-03-25,YYC-DT,ONLINE,24,663,33.18,630,2021,3
2021-03-25,YYC-NW,IN_STORE,33,1231,61.59,1170,2021,3
2021-03-25,YYC-NW,ONLINE,17,475,23.79,451,2021,3
2021-03-25,YYC-SE,IN_STORE,31,1016,50.83,965,2021,3
2021-03-25,YYC-SE,ONLINE,16,414,20.71,393,2021,3
2021-03-26,YYC-DT,IN_STORE,59,1411,70.56,1340,2021,3
2021-03-26,YYC-DT,ONLINE,23,609,30.49,579,2021,3
2021-03-26,YYC-NW,IN_STORE,26,982,49.13,933,2021,3
2021-03-26,YYC-NW,ONLINE,17,377,18.87,358,2021,3
2021-03-26,YYC-SE,IN_STORE,26,897,44.86,852,2021,3
2021-03-26,YYC-SE,ONLINE,11,339,16.97,322,2021,3
2021-03-27,YYC-DT,IN_STORE,51,1710,85.51,1624,2021,3
2021-03-27,YYC-DT,ONLINE,18,763,38.18,725,2021,3
2021-03-27,YYC-NW,IN_STORE,46,1179,58.98,1120,2021,3
2021-03-27,YYC-NW,ONLINE,13,530,26.52,503,2021,3
2021-03-27,YYC-SE,IN_STORE,32,1117,55.85,1061,2021,3
2021-03-27,YYC-SE,ONLINE,12,451,22.59,429,2021,3
2021-03-28,YYC-DT,IN_STORE,70,1812,90.62,1721,2021,3
2021-03-28,YYC-DT,ONLINE,26,832,41.63,791,2021,3
2021-03-28,YYC-NW,IN_STORE,34,1315,65.77,1249,2021,3
2021-03-28,YYC-NW,ONLINE,18,476,23.82,452,2021,3
2021-03-28,YYC-SE,IN_STORE,32,1085,54.29,1031,2021,3
2021-03-28,YYC-SE,ONLINE,12,494,24.73,469,2021,3
2021-03-29,YYC-DT,IN_STORE,58,1600,80.03,1520,2021,3
2021-03-29,YYC-DT,ONLINE,21,613,30.68,582,2021,3
2021-03-29,YYC-NW,IN_STORE,41,1117,55.88,1061,2021,3
2021-03-29,YYC-NW,ONLINE,18,511,25.55,485,2021,3
2021-03-29,YYC-SE,IN_STORE,23,961,48.06,913,2021,3
2021-03-29,YYC-SE,ONLINE,11,420,21.03,399,2021,3
2021-03-30,YYC-DT,IN_STORE,56,1614,80.73,1533,2021,3
2021-03-30,YYC-DT,ONLINE,27,704,35.21,669,2021,3
2021-03-30,YYC-NW,IN_STORE,40,1157,57.86,1099,2021,3
2021-03-30,YYC-NW,ONLINE,19,489,24.45,464,2021,3
2021-03-30,YYC-SE,IN_STORE,38,1005,50.27,955,2021,3
2021-03-30,YYC-SE,ONLINE,10,415,20.76,394,2021,3
2021-03-31,YYC-DT,IN_STORE,47,1486,74.32,1412,2021,3
2021-03-31,YYC-DT,ONLINE,16,640,32.04,608,2021,3
2021-03-31,YYC-NW,IN_STORE,30,1146,57.32,1089,2021,3
2021-03-31,YYC-NW,ONLINE,11,442,22.15,420,2021,3
2021-03-31,YYC-SE,IN_STORE,37,908,45.43,863,2021,3
2021-03-31,YYC-SE,ONLINE,10,390,19.54,371,2021,3
2021-04-01,YYC-DT,IN_STORE,49,1842,92.12,1750,2021,4
2021-04-01,YYC-DT,ONLINE,18,712,35.62,676,2021,4
2021-04-01,YYC-NW,IN_STORE,32,1272,63.64,1209,2021,4
2021-04-01,YYC-NW,ONLINE,16,479,23.96,455,2021,4
2021-04-01,YYC-SE,IN_STORE,30,1114,55.71,1058,2021,4
2021-04-01,YYC-SE,ONLINE,11,424,21.25,403,2021,4
2021-04-02,YYC-DT,IN_STORE,44,1886,94.34,1792,2021,4
2021-04-02,YYC-DT,ONLINE,27,783,39.17,744,2021,4
2021-04-02,YYC-NW,IN_STORE,37,1379,68.98,1310,2021,4
2021-04-02,YYC-NW,ONLINE,23,587,29.36,557,2021,4
2021-04-02,YYC-SE,IN_STORE,44,1128,56.43,1072,2021,4
2021-04-02,YYC-SE,ONLINE,12,457,22.89,434,2021,4
2021-04-03,YYC-DT,IN_STORE,53,1839,91.98,1747,2021,4
2021-04-03,YYC-DT,ONLINE,28,799,40.0,759,2021,4
2021-04-03,YYC-NW,IN_STORE,31,1168,58.44,1110,2021,4
2021-04-03,YYC-NW,ONLINE,20,555,27.75,527,2021,4
2021-04-03,YYC-SE,IN_STORE,37,1070,53.53,1017,2021,4
2021-04-03,YYC-SE,ONLINE,13,415,20.79,395,2021,4
2021-04-04,YYC-DT,IN_STORE,52,1820,91.02,1729,2021,4
2021-04-04,YYC-DT,ONLINE,26,697,34.89,662,2021,4
2021-04-04,YYC-NW,IN_STORE,48,1186,59.35,1127,2021,4
2021-04-04,YYC-NW,ONLINE,22,512,25.61,486,2021,4
2021-04-04,YYC-SE,IN_STORE,30,1055,52.78,1002,2021,4
2021-04-04,YYC-SE,ONLINE,12,419,20.99,398,2021,4
2021-04-05,YYC-DT,IN_STORE,52,1836,91.82,1744,2021,4
2021-04-05,YYC-DT,ONLINE,19,693,34.68,658,2021,4
2021-04-05,YYC-NW,IN_STORE,35,1274,63.72,1210,2021,4
2021-04-05,YYC-NW,ONLINE,17,558,27.94,530,2021,4
2021-04-05,YYC-SE,IN_STORE,27,1140,57.02,1083,2021,4
2021-04-05,YYC-SE,ONLINE,17,412,20.64,392,2021,4
2021-04-06,YYC-DT,IN_STORE,48,1729,86.45,1642,2021,4
2021-04-06,YYC-DT,ONLINE,19,801,40.09,761,2021,4
2021-04-06,YYC-NW,IN_STORE,31,1221,61.06,1160,2021,4
2021-04-06,YYC-NW,ONLINE,18,560,28.03,532,2021,4
2021-04-06,YYC-SE,IN_STORE,26,1169,58.49,1111,2021,4
2021-04-06,YYC-SE,ONLINE,15,408,20.4,387,2021,4
2021-04-07,YYC-DT,IN_STORE,63,1632,81.62,1550,2021,4
2021-04-07,YYC-DT,ONLINE,23,739,37.0,702,2021,4
2021-04-07,YYC-NW,IN_STORE,27,1166,58.33,1108,2021,4
2021-04-07,YYC-NW,ONLINE,14,458,22.94,435,2021,4
2021-04-07,YYC-SE,IN_STORE,34,1039,52.0,987,2021,4
2021-04-07,YYC-SE,ONLINE,11,445,22.29,423,2021,4
2021-04-08,YYC-DT,IN_STORE,61,1597,79.85,1517,2021,4
2021-04-08,YYC-DT,ONLINE,16,645,32.28,613,2021,4
2021-04-08,YYC-NW,IN_STORE,48,1167,58.38,1109,2021,4
2021-04-08,YYC-NW,ONLINE,17,441,22.06,419,2021,4
2021-04-08,YYC-SE,IN_STORE,29,979,48.97,930,2021,4
2021-04-08,YYC-SE,ONLINE,15,424,21.24,403,2021,4
2021-04-09,YYC-DT,IN_STORE,44,1625,81.26,1544,2021,4
2021-04-09,YYC-DT,ONLINE,22,695,34.78,660,2021,4
2021-04-09,YYC-NW,IN_STORE,29,1183,59.19,1124,2021,4
2021-04-09,YYC-NW,ONLINE,17,518,25.92,492,2021,4
2021-04-09,YYC-SE,IN_STORE,29,915,45.78,869,2021,4
2021-04-09,YYC-SE,ONLINE,13,399,19.97,379,2021,4
2021-04-10,YYC-DT,IN_STORE,67,1658,82.91,1575,2021,4
2021-04-10,YYC-DT,ONLINE,23,665,33.25,631,2021,4
2021-04-10,YYC-NW,IN_STORE,33,1219,60.95,1158,2021,4
2021-04-10,YYC-NW,ONLINE,13,505,25.29,480,2021,4
2021-04-10,YYC-SE,IN_STORE,28,976,48.84,928,2021,4
2021-04-10,YYC-SE,ONLINE,13,435,21.75,413,2021,4
2021-04-11,YYC-DT,IN_STORE,49,1771,88.55,1682,2021,4
2021-04-11,YYC-DT,ONLINE,24,722,36.12,686,2021,4
2021-04-11,YYC-NW,IN_STORE,32,1338,66.92,1271,2021,4
2021-04-11,YYC-NW,ONLINE,14,507,25.37,481,2021,4
2021-04-11,YYC-SE,IN_STORE,26,1004,50.24,954,2021,4
2021-04-11,YYC-SE,ONLINE,17,478,23.93,454,2021,4
2021-04-12,YYC-DT,IN_STORE,38,1526,76.35,1450,2021,4
2021-04-12,YYC-DT,ONLINE,26,635,31.8,604,2021,4
2021-04-12,YYC-NW,IN_STORE,36,1040,52.02,988,2021,4
2021-04-12,YYC-NW,ONLINE,12,533,26.65,506,2021,4
2021-04-12,YYC-SE,IN_STORE,22,904,45.22,859,2021,4
2021-04-12,YYC-SE,ONLINE,10,398,19.94,378,2021,4
2021-04-13,YYC-DT,IN_STORE,43,1683,84.15,1598,2021,4
2021-04-13,YYC-DT,ONLINE,26,662,33.14,629,2021,4
2021-04-13,YYC-NW,IN_STORE,39,1108,55.44,1053,2021,4
2021-04-13,YYC-NW,ONLINE,11,478,23.94,454,2021,4
2021-04-13,YYC-SE,IN_STORE,23,980,49.02,931,2021,4
2021-04-13,YYC-SE,ONLINE,13,397,19.88,377,2021,4
2021-04-14,YYC-DT,IN_STORE,49,1644,82.24,1562,2021,4
2021-04-14,YYC-DT,ONLINE,17,633,31.69,602,2021,4
2021-04-14,YYC-NW,IN_STORE,34,1209,60.47,1148,2021,4
2021-04-14,YYC-NW,ONLINE,21,457,22.89,434,2021,4
2021-04-14,YYC-SE,IN_STORE,33,988,49.44,939,2021,4
2021-04-14,YYC-SE,ONLINE,10,390,19.55,371,2021,4
2021-04-15,YYC-DT,IN_STORE,49,1622,81.13,1541,2021,4
2021-04-15,YYC-DT,ONLINE,18,709,35.49,674,2021,4
2021-04-15,YYC-NW,IN_STORE,31,1140,57.02,1083,2021,4
2021-04-15,YYC-NW,ONLINE,16,548,27.4,520,2021,4
2021-04-15,YYC-SE,IN_STORE,25,937,46.88,890,2021,4
2021-04-15,YYC-SE,ONLINE,10,424,21.24,403,2021,4
2021-04-16,YYC-DT,IN_STORE,44,1797,89.88,1707,2021,4
2021-04-16,YYC-DT,ONLINE,31,708,35.43,673,2021,4
2021-04-16,YYC-NW,IN_STORE,52,1227,61.35,1165,2021,4
2021-04-16,YYC-NW,ONLINE,17,496,24.81,471,2021,4
2021-04-16,YYC-SE,IN_STORE,27,1046,52.34,994,2021,4
2021-04-16,YYC-SE,ONLINE,12,437,21.86,415,2021,4
2021-04-17,YYC-DT,IN_STORE,58,1728,86.43,1642,2021,4
2021-04-17,YYC-DT,ONLINE,24,728,36.42,691,2021,4
2021-04-17,YYC-NW,IN_STORE,30,1270,63.5,1206,2021,4
2021-04-17,YYC-NW,ONLINE,15,611,30.58,580,2021,4
2021-04-17,YYC-SE,IN_STORE,29,985,49.26,935,2021,4
2021-04-17,YYC-SE,ONLINE,15,422,21.12,401,2021,4
2021-04-18,YYC-DT,IN_STORE,61,1823,91.17,1732,2021,4
2021-04-18,YYC-DT,ONLINE,34,853,42.67,810,2021,4
2021-04-18,YYC-NW,IN_STORE,34,1394,69.7,1324,2021,4
2021-04-18,YYC-NW,ONLINE,20,554,27.73,526,2021,4
2021-04-18,YYC-SE,IN_STORE,44,1204,60.24,1144,2021,4
2021-04-18,YYC-SE,ONLINE,15,521,26.07,495,2021,4
2021-04-19,YYC-DT,IN_STORE,63,1515,75.76,1439,2021,4
2021-04-19,YYC-DT,ONLINE,18,670,33.54,637,2021,4
2021-04-19,YYC-NW,IN_STORE,29,1117,55.87,1061,2021,4
2021-04-19,YYC-NW,ONLINE,12,530,26.51,503,2021,4
2021-04-19,YYC-SE,IN_STORE,37,1022,51.14,971,2021,4
2021-04-19,YYC-SE,ONLINE,14,461,23.07,438,2021,4
2021-04-20,YYC-DT,IN_STORE,50,1632,81.65,1551,2021,4
2021-04-20,YYC-DT,ONLINE,25,665,33.26,631,2021,4
2021-04-20,YYC-NW,IN_STORE,36,1244,62.24,1182,2021,4
2021-04-20,YYC-NW,ONLINE,17,475,23.79,451,2021,4
2021-04-20,YYC-SE,IN_STORE,30,1071,53.57,1017,2021,4
2021-04-20,YYC-SE,ONLINE,12,386,19.34,367,2021,4
2021-04-21,YYC-DT,IN_STORE,43,1647,82.37,1565,2021,4
2021-04-21,YYC-DT,ONLINE,26,685,34.29,651,2021,4
2021-04-21,YYC-NW,IN_STORE,38,1292,64.6,1227,2021,4
2021-04-21,YYC-NW,ONLINE,17,503,25.2,478,2021,4
2021-04-21,YYC-SE,IN_STORE,29,977,48.85,928,2021,4
2021-04-21,YYC-SE,ONLINE,11,385,19.28,366,2021,4
2021-04-22,YYC-DT,IN_STORE,65,1628,81.4,1546,2021,4
2021-04-22,YYC-DT,ONLINE,18,673,33.66,639,2021,4
2021-04-22,YYC-NW,IN_STORE,28,1109,55.46,1053,2021,4
2021-04-22,YYC-NW,ONLINE,13,489,24.49,465,2021,4
2021-04-22,YYC-SE,IN_STORE,35,939,46.96,892,2021,4
2021-04-22,YYC-SE,ONLINE,10,382,19.1,362,2021,4
2021-04-23,YYC-DT,IN_STORE,55,1673,83.68,1589,2021,4
2021-04-23,YYC-DT,ONLINE,23,744,37.22,707,2021,4
2021-04-23,YYC-NW,IN_STORE,33,1213,60.66,1152,2021,4
2021-04-23,YYC-NW,ONLINE,19,505,25.27,480,2021,4
2021-04-23,YYC-SE,IN_STORE,36,1066,53.34,1013,2021,4
2021-04-23,YYC-SE,ONLINE,12,452,22.65,430,2021,4
2021-04-24,YYC-DT,IN_STORE,55,1797,89.9,1708,2021,4
2021-04-24,YYC-DT,ONLINE,21,832,41.6,790,2021,4
2021-04-24,YYC-NW,IN_STORE,41,1303,65.2,1238,2021,4
2021-04-24,YYC-NW,ONLINE,22,585,29.28,556,2021,4
2021-04-24,YYC-SE,IN_STORE,34,992,49.64,943,2021,4
2021-04-24,YYC-SE,ONLINE,11,448,22.44,426,2021,4
2021-04-25,YYC-DT,IN_STORE,61,1928,96.41,1831,2021,4
2021-04-25,YYC-DT,ONLINE,32,774,38.75,736,2021,4
2021-04-25,YYC-NW,IN_STORE,51,1336,66.84,1269,2021,4
2021-04-25,YYC-NW,ONLINE,14,565,28.3,537,2021,4
2021-04-25,YYC-SE,IN_STORE,28,1122,56.12,1066,2021,4
2021-04-25,YYC-SE,ONLINE,11,471,23.59,448,2021,4
2021-04-26,YYC-DT,IN_STORE,48,1674,83.74,1591,2021,4
2021-04-26,YYC-DT,ONLINE,21,705,35.29,670,2021,4
2021-04-26,YYC-NW,IN_STORE,34,1178,58.93,1119,2021,4
2021-04-26,YYC-NW,ONLINE,18,530,26.51,503,2021,4
2021-04-26,YYC-SE,IN_STORE,35,1004,50.24,954,2021,4
2021-04-26,YYC-SE,ONLINE,11,469,23.46,445,2021,4
2021-04-27,YYC-DT,IN_STORE,60,1951,97.57,1853,2021,4
2021-04-27,YYC-DT,ONLINE,31,812,40.62,771,2021,4
2021-04-27,YYC-NW,IN_STORE,34,1258,62.92,1195,2021,4
2021-04-27,YYC-NW,ONLINE,21,537,26.88,510,2021,4
2021-04-27,YYC-SE,IN_STORE,46,1060,53.01,1007,2021,4
2021-04-27,YYC-SE,ONLINE,14,485,24.29,461,2021,4
2021-04-28,YYC-DT,IN_STORE,39,1612,80.6,1531,2021,4
2021-04-28,YYC-DT,ONLINE,19,696,34.85,662,2021,4
2021-04-28,YYC-NW,IN_STORE,32,1249,62.46,1186,2021,4
2021-04-28,YYC-NW,ONLINE,17,509,25.47,483,2021,4
2021-04-28,YYC-SE,IN_STORE,23,985,49.25,935,2021,4
2021-04-28,YYC-SE,ONLINE,11,375,18.77,356,2021,4
2021-04-29,YYC-DT,IN_STORE,58,1600,80.0,1520,2021,4
2021-04-29,YYC-DT,ONLINE,24,718,35.91,682,2021,4
2021-04-29,YYC-NW,IN_STORE,36,1177,58.89,1118,2021,4
2021-04-29,YYC-NW,ONLINE,13,454,22.74,432,2021,4
2021-04-29,YYC-SE,IN_STORE,34,918,45.91,872,2021,4
2021-04-29,YYC-SE,ONLINE,16,358,17.9,340,2021,4
2021-04-30,YYC-DT,IN_STORE,43,1426,71.32,1355,2021,4
2021-04-30,YYC-DT,ONLINE,17,691,34.59,657,2021,4
2021-04-30,YYC-NW,IN_STORE,42,1086,54.3,1031,2021,4
2021-04-30,YYC-NW,ONLINE,13,440,22.03,418,2021,4
2021-04-30,YYC-SE,IN_STORE,27,974,48.71,925,2021,4
2021-04-30,YYC-SE,ONLINE,10,360,18.01,342,2021,4
2021-05-01,YYC-DT,IN_STORE,43,1712,85.62,1626,2021,5
2021-05-01,YYC-DT,ONLINE,21,806,40.31,765,2021,5
2021-05-01,YYC-NW,IN_STORE,49,1274,63.71,1210,2021,5
2021-05-01,YYC-NW,ONLINE,16,541,27.07,514,2021,5
2021-05-01,YYC-SE,IN_STORE,30,1114,55.7,1058,2021,5
2021-05-01,YYC-SE,ONLINE,14,482,24.15,458,2021,5
2021-05-02,YYC-DT,IN_STORE,69,1843,92.17,1751,2021,5
2021-05-02,YYC-DT,ONLINE,25,754,37.73,716,2021,5
2021-05-02,YYC-NW,IN_STORE,44,1287,64.39,1223,2021,5
2021-05-02,YYC-NW,ONLINE,15,537,26.86,510,2021,5
2021-05-02,YYC-SE,IN_STORE,27,1079,54.0,1025,2021,5
2021-05-02,YYC-SE,ONLINE,15,421,21.08,400,2021,5
2021-05-03,YYC-DT,IN_STORE,67,1744,87.23,1657,2021,5
2021-05-03,YYC-DT,ONLINE,30,744,37.24,707,2021,5
2021-05-03,YYC-NW,IN_STORE,40,1223,61.2,1162,2021,5
2021-05-03,YYC-NW,ONLINE,22,573,28.67,544,2021,5
2021-05-03,YYC-SE,IN_STORE,28,1107,55.38,1052,2021,5
2021-05-03,YYC-SE,ONLINE,12,440,22.02,418,2021,5
2021-05-04,YYC-DT,IN_STORE,51,1777,88.88,1688,2021,5
2021-05-04,YYC-DT,ONLINE,27,803,40.18,763,2021,5
2021-05-04,YYC-NW,IN_STORE,47,1224,61.24,1163,2021,5
2021-05-04,YYC-NW,ONLINE,18,623,31.2,592,2021,5
2021-05-04,YYC-SE,IN_STORE,34,1059,52.96,1006,2021,5
2021-05-04,YYC-SE,ONLINE,16,447,22.38,425,2021,5
2021-05-05,YYC-DT,IN_STORE,46,1652,82.63,1569,2021,5
2021-05-05,YYC-DT,ONLINE,21,700,35.03,665,2021,5
2021-05-05,YYC-NW,IN_STORE,35,1139,56.96,1082,2021,5
2021-05-05,YYC-NW,ONLINE,12,471,23.56,447,2021,5
2021-05-05,YYC-SE,IN_STORE,33,1008,50.44,958,2021,5
2021-05-05,YYC-SE,ONLINE,13,432,21.61,410,2021,5
2021-05-06,YYC-DT,IN_STORE,45,1526,76.33,1450,2021,5
2021-05-06,YYC-DT,ONLINE,17,665,33.28,632,2021,5
2021-05-06,YYC-NW,IN_STORE,32,1272,63.64,1209,2021,5
2021-05-06,YYC-NW,ONLINE,13,445,22.29,423,2021,5
2021-05-06,YYC-SE,IN_STORE,28,929,46.48,883,2021,5
2021-05-06,YYC-SE,ONLINE,10,431,21.57,409,2021,5
2021-05-07,YYC-DT,IN_STORE,50,1670,83.51,1586,2021,5
2021-05-07,YYC-DT,ONLINE,19,670,33.54,637,2021,5
2021-05-07,YYC-NW,IN_STORE,39,1231,61.56,1169,2021,5
2021-05-07,YYC-NW,ONLINE,15,484,24.21,459,2021,5
2021-05-07,YYC-SE,IN_STORE,32,1023,51.18,972,2021,5
2021-05-07,YYC-SE,ONLINE,11,431,21.56,409,2021,5
2021-05-08,YYC-DT,IN_STORE,69,1860,93.0,1767,2021,5
2021-05-08,YYC-DT,ONLINE,27,767,38.37,729,2021,5
2021-05-08,YYC-NW,IN_STORE,48,1368,68.44,1300,2021,5
2021-05-08,YYC-NW,ONLINE,21,531,26.57,504,2021,5
2021-05-08,YYC-SE,IN_STORE,29,1140,57.03,1083,2021,5
2021-05-08,YYC-SE,ONLINE,13,416,20.8,395,2021,5
2021-05-09,YYC-DT,IN_STORE,63,1938,96.94,1841,2021,5
2021-05-09,YYC-DT,ONLINE,25,902,45.13,857,2021,5
2021-05-09,YYC-NW,IN_STORE,37,1453,72.66,1380,2021,5
2021-05-09,YYC-NW,ONLINE,14,617,30.86,586,2021,5
2021-05-09,YYC-SE,IN_STORE,38,1148,57.43,1091,2021,5
2021-05-09,YYC-SE,ONLINE,12,461,23.06,438,2021,5
2021-05-10,YYC-DT,IN_STORE,42,1572,78.62,1493,2021,5
2021-05-10,YYC-DT,ONLINE,21,673,33.7,640,2021,5
2021-05-10,YYC-NW,IN_STORE,35,1139,57.0,1082,2021,5
2021-05-10,YYC-NW,ONLINE,13,566,28.35,538,2021,5
2021-05-10,YYC-SE,IN_STORE,27,1039,51.98,987,2021,5
2021-05-10,YYC-SE,ONLINE,13,425,21.28,404,2021,5
2021-05-11,YYC-DT,IN_STORE,54,1591,79.6,1512,2021,5
2021-05-11,YYC-DT,ONLINE,20,651,32.56,618,2021,5
2021-05-11,YYC-NW,IN_STORE,46,1074,53.72,1020,2021,5
2021-05-11,YYC-NW,ONLINE,16,411,20.6,391,2021,5
2021-05-11,YYC-SE,IN_STORE,37,942,47.11,895,2021,5
2021-05-11,YYC-SE,ONLINE,15,370,18.51,351,2021,5
2021-05-12,YYC-DT,IN_STORE,50,1794,89.71,1704,2021,5
2021-05-12,YYC-DT,ONLINE,27,774,38.73,735,2021,5
2021-05-12,YYC-NW,IN_STORE,35,1232,61.64,1171,2021,5
2021-05-12,YYC-NW,ONLINE,16,599,30.0,569,2021,5
2021-05-12,YYC-SE,IN_STORE,34,1016,50.82,965,2021,5
2021-05-12,YYC-SE,ONLINE,13,499,24.99,474,2021,5
2021-05-13,YYC-DT,IN_STORE,67,1865,93.26,1771,2021,5
2021-05-13,YYC-DT,ONLINE,20,871,43.55,827,2021,5
2021-05-13,YYC-NW,IN_STORE,31,1240,62.04,1178,2021,5
2021-05-13,YYC-NW,ONLINE,19,576,28.84,547,2021,5
2021-05-13,YYC-SE,IN_STORE,32,1120,56.04,1064,2021,5
2021-05-13,YYC-SE,ONLINE,16,495,24.76,470,2021,5
2021-05-14,YYC-DT,IN_STORE,62,1691,84.57,1606,2021,5
2021-05-14,YYC-DT,ONLINE,23,629,31.48,598,2021,5
2021-05-14,YYC-NW,IN_STORE,34,1180,59.03,1121,2021,5
2021-05-14,YYC-NW,ONLINE,14,480,24.01,456,2021,5
2021-05-14,YYC-SE,IN_STORE,36,1053,52.69,1001,2021,5
2021-05-14,YYC-SE,ONLINE,12,387,19.36,367,2021,5
2021-05-15,YYC-DT,IN_STORE,45,1767,88.38,1679,2021,5
2021-05-15,YYC-DT,ONLINE,29,762,38.14,724,2021,5
2021-05-15,YYC-NW,IN_STORE,37,1339,66.98,1272,2021,5
2021-05-15,YYC-NW,ONLINE,18,561,28.07,533,2021,5
2021-05-15,YYC-SE,IN_STORE,45,1155,57.79,1098,2021,5
2021-05-15,YYC-SE,ONLINE,11,438,21.9,416,2021,5
2021-05-16,YYC-DT,IN_STORE,67,1884,94.24,1790,2021,5
2021-05-16,YYC-DT,ONLINE,25,734,36.74,698,2021,5
2021-05-16,YYC-NW,IN_STORE,45,1409,70.49,1339,2021,5
2021-05-16,YYC-NW,ONLINE,22,609,30.46,578,2021,5
2021-05-16,YYC-SE,IN_STORE,28,1093,54.66,1038,2021,5
2021-05-16,YYC-SE,ONLINE,15,452,22.63,429,2021,5
2021-05-17,YYC-DT,IN_STORE,65,1785,89.29,1696,2021,5
2021-05-17,YYC-DT,ONLINE,17,720,36.0,684,2021,5
2021-05-17,YYC-NW,IN_STORE,38,1224,61.23,1163,2021,5
2021-05-17,YYC-NW,ONLINE,19,509,25.47,483,2021,5
2021-05-17,YYC-SE,IN_STORE,26,1014,50.73,963,2021,5
2021-05-17,YYC-SE,ONLINE,12,430,21.53,409,2021,5
2021-05-18,YYC-DT,IN_STORE,47,1794,89.75,1705,2021,5
2021-05-18,YYC-DT,ONLINE,29,735,36.77,698,2021,5
2021-05-18,YYC-NW,IN_STORE,30,1190,59.51,1130,2021,5
2021-05-18,YYC-NW,ONLINE,20,526,26.31,499,2021,5
2021-05-18,YYC-SE,IN_STORE,34,1007,50.39,957,2021,5
2021-05-18,YYC-SE,ONLINE,14,457,22.89,434,2021,5
2021-05-19,YYC-DT,IN_STORE,57,1904,95.24,1809,2021,5
2021-05-19,YYC-DT,ONLINE,22,734,36.73,697,2021,5
2021-05-19,YYC-NW,IN_STORE,49,1418,70.93,1347,2021,5
2021-05-19,YYC-NW,ONLINE,17,518,25.94,492,2021,5
2021-05-19,YYC-SE,IN_STORE,36,1135,56.79,1078,2021,5
2021-05-19,YYC-SE,ONLINE,14,429,21.5,408,2021,5
2021-05-20,YYC-DT,IN_STORE,43,1788,89.43,1699,2021,5
2021-05-20,YYC-DT,ONLINE,24,659,32.99,626,2021,5
2021-05-20,YYC-NW,IN_STORE,40,1198,59.92,1138,2021,5
2021-05-20,YYC-NW,ONLINE,15,447,22.4,425,2021,5
2021-05-20,YYC-SE,IN_STORE,41,973,48.69,925,2021,5
2021-05-20,YYC-SE,ONLINE,11,409,20.5,389,2021,5
2021-05-21,YYC-DT,IN_STORE,45,1685,84.26,1600,2021,5
2021-05-21,YYC-DT,ONLINE,24,742,37.12,705,2021,5
2021-05-21,YYC-NW,IN_STORE,30,1116,55.82,1060,2021,5
2021-05-21,YYC-NW,ONLINE,13,478,23.9,454,2021,5
2021-05-21,YYC-SE,IN_STORE,27,1008,50.42,958,2021,5
2021-05-21,YYC-SE,ONLINE,13,405,20.26,384,2021,5
2021-05-22,YYC-DT,IN_STORE,53,1769,88.5,1681,2021,5
2021-05-22,YYC-DT,ONLINE,18,744,37.24,707,2021,5
2021-05-22,YYC-NW,IN_STORE,37,1218,60.94,1157,2021,5
2021-05-22,YYC-NW,ONLINE,14,528,26.43,502,2021,5
2021-05-22,YYC-SE,IN_STORE,39,1033,51.65,981,2021,5
2021-05-22,YYC-SE,ONLINE,13,384,19.25,365,2021,5
2021-05-23,YYC-DT,IN_STORE,64,1835,91.78,1743,2021,5
2021-05-23,YYC-DT,ONLINE,18,873,43.68,829,2021,5
2021-05-23,YYC-NW,IN_STORE,31,1231,61.58,1169,2021,5
2021-05-23,YYC-NW,ONLINE,21,542,27.14,515,2021,5
2021-05-23,YYC-SE,IN_STORE,31,1101,55.09,1046,2021,5
2021-05-23,YYC-SE,ONLINE,19,456,22.81,433,2021,5
2021-05-24,YYC-DT,IN_STORE,59,1707,85.38,1622,2021,5
2021-05-24,YYC-DT,ONLINE,27,697,34.88,662,2021,5
2021-05-24,YYC-NW,IN_STORE,45,1156,57.84,1098,2021,5
2021-05-24,YYC-NW,ONLINE,12,426,21.34,405,2021,5
2021-05-24,YYC-SE,IN_STORE,36,1048,52.41,995,2021,5
2021-05-24,YYC-SE,ONLINE,16,428,21.43,407,2021,5
2021-05-25,YYC-DT,IN_STORE,61,1866,93.34,1773,2021,5
2021-05-25,YYC-DT,ONLINE,22,806,40.32,766,2021,5
2021-05-25,YYC-NW,IN_STORE,32,1287,64.39,1223,2021,5
2021-05-25,YYC-NW,ONLINE,16,510,25.54,485,2021,5
2021-05-25,YYC-SE,IN_STORE,38,1091,54.56,1036,2021,5
2021-05-25,YYC-SE,ONLINE,15,435,21.8,414,2021,5
2021-05-26,YYC-DT,IN_STORE,63,1633,81.68,1551,2021,5
2021-05-26,YYC-DT,ONLINE,22,766,38.31,727,2021,5
2021-05-26,YYC-NW,IN_STORE,31,1171,58.59,1113,2021,5
2021-05-26,YYC-NW,ONLINE,13,475,23.77,451,2021,5
2021-05-26,YYC-SE,IN_STORE,25,935,46.76,888,2021,5
2021-05-26,YYC-SE,ONLINE,13,396,19.83,376,2021,5
2021-05-27,YYC-DT,IN_STORE,50,1719,85.95,1633,2021,5
2021-05-27,YYC-DT,ONLINE,30,737,36.88,700,2021,5
2021-05-27,YYC-NW,IN_STORE,34,1271,63.58,1208,2021,5
2021-05-27,YYC-NW,ONLINE,13,494,24.74,470,2021,5
2021-05-27,YYC-SE,IN_STORE,33,1003,50.18,953,2021,5
2021-05-27,YYC-SE,ONLINE,12,426,21.34,405,2021,5
2021-05-28,YYC-DT,IN_STORE,48,1688,84.43,1604,2021,5
2021-05-28,YYC-DT,ONLINE,22,766,38.3,727,2021,5
2021-05-28,YYC-NW,IN_STORE,30,1190,59.55,1131,2021,5
2021-05-28,YYC-NW,ONLINE,12,467,23.38,444,2021,5
2021-05-28,YYC-SE,IN_STORE,38,1007,50.39,957,2021,5
2021-05-28,YYC-SE,ONLINE,16,408,20.44,388,2021,5
2021-05-29,YYC-DT,IN_STORE,79,1992,99.63,1892,2021,5
2021-05-29,YYC-DT,ONLINE,33,777,38.86,738,2021,5
2021-05-29,YYC-NW,IN_STORE,44,1425,71.28,1354,2021,5
2021-05-29,YYC-NW,ONLINE,15,638,31.92,606,2021,5
2021-05-29,YYC-SE,IN_STORE,34,1239,61.96,1177,2021,5
2021-05-29,YYC-SE,ONLINE,18,511,25.58,486,2021,5
2021-05-30,YYC-DT,IN_STORE,57,2030,101.54,1929,2021,5
2021-05-30,YYC-DT,ONLINE,29,861,43.1,818,2021,5
2021-05-30,YYC-NW,IN_STORE,57,1553,77.65,1475,2021,5
2021-05-30,YYC-NW,ONLINE,18,577,28.88,548,2021,5
2021-05-30,YYC-SE,IN_STORE,37,1120,56.03,1064,2021,5
2021-05-30,YYC-SE,ONLINE,13,520,26.02,494,2021,5
2021-05-31,YYC-DT,IN_STORE,65,1676,83.83,1592,2021,5
2021-05-31,YYC-DT,ONLINE,19,675,33.78,641,2021,5
2021-05-31,YYC-NW,IN_STORE,46,1126,56.31,1069,2021,5
2021-05-31,YYC-NW,ONLINE,13,464,23.21,441,2021,5
2021-05-31,YYC-SE,IN_STORE,25,949,47.47,901,2021,5
2021-05-31,YYC-SE,ONLINE,15,457,22.9,435,2021,5
2021-06-01,YYC-DT,IN_STORE,43,1742,87.15,1655,2021,6
2021-06-01,YYC-DT,ONLINE,27,701,35.1,666,2021,6
2021-06-01,YYC-NW,IN_STORE,47,1225,61.3,1164,2021,6
2021-06-01,YYC-NW,ONLINE,12,496,24.83,471,2021,6
2021-06-01,YYC-SE,IN_STORE,38,1005,50.26,954,2021,6
2021-06-01,YYC-SE,ONLINE,17,468,23.42,444,2021,6
2021-06-02,YYC-DT,IN_STORE,76,1771,88.59,1683,2021,6
2021-06-02,YYC-DT,ONLINE,23,761,38.06,723,2021,6
2021-06-02,YYC-NW,IN_STORE,52,1248,62.42,1186,2021,6
2021-06-02,YYC-NW,ONLINE,22,575,28.77,546,2021,6
2021-06-02,YYC-SE,IN_STORE,29,1062,53.12,1009,2021,6
2021-06-02,YYC-SE,ONLINE,11,371,18.59,353,2021,6
2021-06-03,YYC-DT,IN_STORE,52,1813,90.67,1722,2021,6
2021-06-03,YYC-DT,ONLINE,20,758,37.94,720,2021,6
2021-06-03,YYC-NW,IN_STORE,42,1223,61.17,1162,2021,6
2021-06-03,YYC-NW,ONLINE,15,546,27.34,519,2021,6
2021-06-03,YYC-SE,IN_STORE,27,1054,52.73,1001,2021,6
2021-06-03,YYC-SE,ONLINE,13,483,24.16,458,2021,6
2021-06-04,YYC-DT,IN_STORE,50,1729,86.48,1643,2021,6
2021-06-04,YYC-DT,ONLINE,24,758,37.92,720,2021,6
2021-06-04,YYC-NW,IN_STORE,40,1514,75.7,1438,2021,6
2021-06-04,YYC-NW,ONLINE,17,571,28.57,542,2021,6
2021-06-04,YYC-SE,IN_STORE,45,1139,56.96,1082,2021,6
2021-06-04,YYC-SE,ONLINE,17,449,22.49,427,2021,6
2021-06-05,YYC-DT,IN_STORE,47,2059,102.99,1956,2021,6
2021-06-05,YYC-DT,ONLINE,23,802,40.15,762,2021,6
2021-06-05,YYC-NW,IN_STORE,35,1480,74.02,1406,2021,6
2021-06-05,YYC-NW,ONLINE,17,561,28.06,533,2021,6
2021-06-05,YYC-SE,IN_STORE,34,1223,61.19,1162,2021,6
2021-06-05,YYC-SE,ONLINE,20,543,27.16,515,2021,6
2021-06-06,YYC-DT,IN_STORE,49,1910,95.52,1814,2021,6
2021-06-06,YYC-DT,ONLINE,32,749,37.48,712,2021,6
2021-06-06,YYC-NW,IN_STORE,38,1387,69.37,1317,2021,6
2021-06-06,YYC-NW,ONLINE,21,575,28.77,546,2021,6
2021-06-06,YYC-SE,IN_STORE,35,1095,54.79,1041,2021,6
2021-06-06,YYC-SE,ONLINE,13,404,20.21,383,2021,6
2021-06-07,YYC-DT,IN_STORE,62,1832,91.6,1740,2021,6
2021-06-07,YYC-DT,ONLINE,18,660,33.01,627,2021,6
2021-06-07,YYC-NW,IN_STORE,43,1222,61.12,1161,2021,6
2021-06-07,YYC-NW,ONLINE,17,599,29.98,569,2021,6
2021-06-07,YYC-SE,IN_STORE,31,1037,51.88,985,2021,6
2021-06-07,YYC-SE,ONLINE,16,445,22.28,423,2021,6
2021-06-08,YYC-DT,IN_STORE,45,1960,98.01,1862,2021,6
2021-06-08,YYC-DT,ONLINE,25,832,41.63,791,2021,6
2021-06-08,YYC-NW,IN_STORE,33,1304,65.2,1238,2021,6
2021-06-08,YYC-NW,ONLINE,20,630,31.54,599,2021,6
2021-06-08,YYC-SE,IN_STORE,31,1115,55.78,1059,2021,6
2021-06-08,YYC-SE,ONLINE,18,443,22.16,421,2021,6
2021-06-09,YYC-DT,IN_STORE,52,1796,89.84,1706,2021,6
2021-06-09,YYC-DT,ONLINE,21,747,37.37,709,2021,6
2021-06-09,YYC-NW,IN_STORE,32,1258,62.94,1195,2021,6
2021-06-09,YYC-NW,ONLINE,16,557,27.89,529,2021,6
2021-06-09,YYC-SE,IN_STORE,43,1060,53.02,1007,2021,6
2021-06-09,YYC-SE,ONLINE,14,455,22.77,432,2021,6
2021-06-10,YYC-DT,IN_STORE,57,1777,88.88,1688,2021,6
2021-06-10,YYC-DT,ONLINE,18,740,37.01,703,2021,6
2021-06-10,YYC-NW,IN_STORE,53,1317,65.88,1251,2021,6
2021-06-10,YYC-NW,ONLINE,13,508,25.42,482,2021,6
2021-06-10,YYC-SE,IN_STORE,32,1052,52.64,1000,2021,6
2021-06-10,YYC-SE,ONLINE,17,413,20.65,392,2021,6
2021-06-11,YYC-DT,IN_STORE,76,1858,92.9,1765,2021,6
2021-06-11,YYC-DT,ONLINE,19,792,39.65,753,2021,6
2021-06-11,YYC-NW,IN_STORE,38,1354,67.71,1286,2021,6
2021-06-11,YYC-NW,ONLINE,14,543,27.19,516,2021,6
2021-06-11,YYC-SE,IN_STORE,44,1157,57.9,1100,2021,6
2021-06-11,YYC-SE,ONLINE,14,508,25.43,483,2021,6
2021-06-12,YYC-DT,IN_STORE,51,1977,98.87,1878,2021,6
2021-06-12,YYC-DT,ONLINE,25,842,42.1,799,2021,6
2021-06-12,YYC-NW,IN_STORE,43,1455,72.78,1382,2021,6
2021-06-12,YYC-NW,ONLINE,19,570,28.53,541,2021,6
2021-06-12,YYC-SE,IN_STORE,30,1313,65.7,1248,2021,6
2021-06-12,YYC-SE,ONLINE,13,513,25.7,488,2021,6
2021-06-13,YYC-DT,IN_STORE,60,2116,105.85,2011,2021,6
2021-06-13,YYC-DT,ONLINE,25,794,39.72,754,2021,6
2021-06-13,YYC-NW,IN_STORE,44,1472,73.61,1398,2021,6
2021-06-13,YYC-NW,ONLINE,21,598,29.95,568,2021,6
2021-06-13,YYC-SE,IN_STORE,44,1280,64.04,1216,2021,6
2021-06-13,YYC-SE,ONLINE,22,502,25.13,477,2021,6
2021-06-14,YYC-DT,IN_STORE,67,1819,90.96,1728,2021,6
2021-06-14,YYC-DT,ONLINE,25,768,38.4,729,2021,6
2021-06-14,YYC-NW,IN_STORE,34,1368,68.44,1300,2021,6
2021-06-14,YYC-NW,ONLINE,13,557,27.88,529,2021,6
2021-06-14,YYC-SE,IN_STORE,36,1060,53.03,1007,2021,6
2021-06-14,YYC-SE,ONLINE,13,449,22.49,427,2021,6
2021-06-15,YYC-DT,IN_STORE,69,1725,86.26,1638,2021,6
2021-06-15,YYC-DT,ONLINE,23,720,36.03,684,2021,6
2021-06-15,YYC-NW,IN_STORE,51,1130,56.54,1074,2021,6
2021-06-15,YYC-NW,ONLINE,13,466,23.34,443,2021,6
2021-06-15,YYC-SE,IN_STORE,29,1066,53.33,1013,2021,6
2021-06-15,YYC-SE,ONLINE,11,382,19.12,363,2021,6
2021-06-16,YYC-DT,IN_STORE,50,1719,85.98,1633,2021,6
2021-06-16,YYC-DT,ONLINE,20,741,37.08,704,2021,6
2021-06-16,YYC-NW,IN_STORE,38,1246,62.33,1184,2021,6
2021-06-16,YYC-NW,ONLINE,15,553,27.69,526,2021,6
2021-06-16,YYC-SE,IN_STORE,31,1104,55.24,1049,2021,6
2021-06-16,YYC-SE,ONLINE,15,442,22.11,420,2021,6
2021-06-17,YYC-DT,IN_STORE,47,1879,93.95,1785,2021,6
2021-06-17,YYC-DT,ONLINE,22,746,37.32,709,2021,6
2021-06-17,YYC-NW,IN_STORE,45,1362,68.14,1294,2021,6
2021-06-17,YYC-NW,ONLINE,16,526,26.33,500,2021,6
2021-06-17,YYC-SE,IN_STORE,33,1119,55.96,1063,2021,6
2021-06-17,YYC-SE,ONLINE,15,458,22.93,435,2021,6
2021-06-18,YYC-DT,IN_STORE,61,1726,86.32,1640,2021,6
2021-06-18,YYC-DT,ONLINE,17,658,32.9,625,2021,6
2021-06-18,YYC-NW,IN_STORE,40,1197,59.87,1137,2021,6
2021-06-18,YYC-NW,ONLINE,19,447,22.35,424,2021,6
2021-06-18,YYC-SE,IN_STORE,25,1035,51.76,983,2021,6
2021-06-18,YYC-SE,ONLINE,15,418,20.95,398,2021,6
2021-06-19,YYC-DT,IN_STORE,74,1847,92.4,1755,2021,6
2021-06-19,YYC-DT,ONLINE,22,848,42.4,805,2021,6
2021-06-19,YYC-NW,IN_STORE,37,1316,65.81,1250,2021,6
2021-06-19,YYC-NW,ONLINE,24,563,28.18,535,2021,6
2021-06-19,YYC-SE,IN_STORE,33,1178,58.91,1119,2021,6
2021-06-19,YYC-SE,ONLINE,12,473,23.66,449,2021,6
2021-06-20,YYC-DT,IN_STORE,64,2044,102.22,1942,2021,6
2021-06-20,YYC-DT,ONLINE,23,836,41.84,794,2021,6
2021-06-20,YYC-NW,IN_STORE,33,1371,68.58,1302,2021,6
2021-06-20,YYC-NW,ONLINE,15,524,26.25,498,2021,6
2021-06-20,YYC-SE,IN_STORE,33,1087,54.37,1033,2021,6
2021-06-20,YYC-SE,ONLINE,18,469,23.49,446,2021,6
2021-06-21,YYC-DT,IN_STORE,60,1773,88.68,1684,2021,6
2021-06-21,YYC-DT,ONLINE,26,663,33.19,630,2021,6
2021-06-21,YYC-NW,IN_STORE,30,1246,62.34,1184,2021,6
2021-06-21,YYC-NW,ONLINE,20,521,26.09,495,2021,6
2021-06-21,YYC-SE,IN_STORE,25,941,47.09,894,2021,6
2021-06-21,YYC-SE,ONLINE,13,438,21.94,416,2021,6
2021-06-22,YYC-DT,IN_STORE,62,1780,89.01,1691,2021,6
2021-06-22,YYC-DT,ONLINE,22,832,41.63,791,2021,6
2021-06-22,YYC-NW,IN_STORE,42,1311,65.58,1246,2021,6
2021-06-22,YYC-NW,ONLINE,16,536,26.84,509,2021,6
2021-06-22,YYC-SE,IN_STORE,32,1087,54.36,1032,2021,6
2021-06-22,YYC-SE,ONLINE,13,524,26.21,497,2021,6
2021-06-23,YYC-DT,IN_STORE,42,1800,90.01,1710,2021,6
2021-06-23,YYC-DT,ONLINE,23,757,37.89,719,2021,6
2021-06-23,YYC-NW,IN_STORE,34,1103,55.2,1048,2021,6
2021-06-23,YYC-NW,ONLINE,18,493,24.68,468,2021,6
2021-06-23,YYC-SE,IN_STORE,44,1004,50.22,954,2021,6
2021-06-23,YYC-SE,ONLINE,13,475,23.78,451,2021,6
2021-06-24,YYC-DT,IN_STORE,45,1689,84.48,1605,2021,6
2021-06-24,YYC-DT,ONLINE,26,753,37.66,715,2021,6
2021-06-24,YYC-NW,IN_STORE,36,1186,59.32,1126,2021,6
2021-06-24,YYC-NW,ONLINE,13,584,29.22,555,2021,6
2021-06-24,YYC-SE,IN_STORE,31,1086,54.3,1031,2021,6
2021-06-24,YYC-SE,ONLINE,12,430,21.52,408,2021,6
2021-06-25,YYC-DT,IN_STORE,40,1638,81.93,1556,2021,6
2021-06-25,YYC-DT,ONLINE,28,718,35.93,682,2021,6
2021-06-25,YYC-NW,IN_STORE,38,1211,60.56,1150,2021,6
2021-06-25,YYC-NW,ONLINE,20,483,24.15,458,2021,6
2021-06-25,YYC-SE,IN_STORE,27,904,45.24,859,2021,6
2021-06-25,YYC-SE,ONLINE,10,388,19.43,369,2021,6
2021-06-26,YYC-DT,IN_STORE,81,1927,96.38,1831,2021,6
2021-06-26,YYC-DT,ONLINE,27,804,40.21,763,2021,6
2021-06-26,YYC-NW,IN_STORE,43,1442,72.14,1370,2021,6
2021-06-26,YYC-NW,ONLINE,23,583,29.18,554,2021,6
2021-06-26,YYC-SE,IN_STORE,33,1237,61.86,1175,2021,6
2021-06-26,YYC-SE,ONLINE,15,541,27.06,514,2021,6
2021-06-27,YYC-DT,IN_STORE,48,2101,105.08,1996,2021,6
2021-06-27,YYC-DT,ONLINE,25,786,39.3,746,2021,6
2021-06-27,YYC-NW,IN_STORE,36,1478,73.91,1404,2021,6
2021-06-27,YYC-NW,ONLINE,15,577,28.86,548,2021,6
2021-06-27,YYC-SE,IN_STORE,49,1146,57.31,1088,2021,6
2021-06-27,YYC-SE,ONLINE,17,529,26.45,502,2021,6
2021-06-28,YYC-DT,IN_STORE,63,1926,96.32,1830,2021,6
2021-06-28,YYC-DT,ONLINE,29,823,41.2,782,2021,6
2021-06-28,YYC-NW,IN_STORE,34,1520,76.02,1444,2021,6
2021-06-28,YYC-NW,ONLINE,15,617,30.89,586,2021,6
2021-06-28,YYC-SE,IN_STORE,46,1145,57.3,1088,2021,6
2021-06-28,YYC-SE,ONLINE,12,488,24.43,464,2021,6
2021-06-29,YYC-DT,IN_STORE,70,1784,89.21,1695,2021,6
2021-06-29,YYC-DT,ONLINE,24,715,35.8,680,2021,6
2021-06-29,YYC-NW,IN_STORE,41,1252,62.65,1190,2021,6
2021-06-29,YYC-NW,ONLINE,19,531,26.58,505,2021,6
2021-06-29,YYC-SE,IN_STORE,29,1092,54.64,1038,2021,6
2021-06-29,YYC-SE,ONLINE,17,422,21.14,401,2021,6
2021-06-30,YYC-DT,IN_STORE,70,1779,89.0,1690,2021,6
2021-06-30,YYC-DT,ONLINE,23,765,38.26,726,2021,6
2021-06-30,YYC-NW,IN_STORE,35,1185,59.27,1126,2021,6
2021-06-30,YYC-NW,ONLINE,19,544,27.2,516,2021,6
2021-06-30,YYC-SE,IN_STORE,34,968,48.45,920,2021,6
2021-06-30,YYC-SE,ONLINE,11,410,20.53,390,2021,6
2021-07-01,YYC-DT,IN_STORE,58,1831,91.56,1739,2021,7
2021-07-01,YYC-DT,ONLINE,30,808,40.43,768,2021,7
2021-07-01,YYC-NW,IN_STORE,32,1239,61.97,1177,2021,7
2021-07-01,YYC-NW,ONLINE,17,591,29.57,561,2021,7
2021-07-01,YYC-SE,IN_STORE,40,1005,50.3,955,2021,7
2021-07-01,YYC-SE,ONLINE,15,437,21.89,415,2021,7
2021-07-02,YYC-DT,IN_STORE,45,1847,92.37,1755,2021,7
2021-07-02,YYC-DT,ONLINE,19,691,34.57,656,2021,7
2021-07-02,YYC-NW,IN_STORE,34,1312,65.62,1246,2021,7
2021-07-02,YYC-NW,ONLINE,16,553,27.69,526,2021,7
2021-07-02,YYC-SE,IN_STORE,37,1101,55.1,1046,2021,7
2021-07-02,YYC-SE,ONLINE,19,439,21.99,417,2021,7
2021-07-03,YYC-DT,IN_STORE,56,1882,94.1,1787,2021,7
2021-07-03,YYC-DT,ONLINE,27,765,38.29,727,2021,7
2021-07-03,YYC-NW,IN_STORE,33,1320,66.04,1254,2021,7
2021-07-03,YYC-NW,ONLINE,18,560,28.04,532,2021,7
2021-07-03,YYC-SE,IN_STORE,30,1080,54.02,1026,2021,7
2021-07-03,YYC-SE,ONLINE,18,482,24.12,458,2021,7
2021-07-04,YYC-DT,IN_STORE,69,1962,98.11,1864,2021,7
2021-07-04,YYC-DT,ONLINE,27,828,41.44,787,2021,7
2021-07-04,YYC-NW,IN_STORE,34,1401,70.06,1331,2021,7
2021-07-04,YYC-NW,ONLINE,17,514,25.72,488,2021,7
2021-07-04,YYC-SE,IN_STORE,28,1069,53.48,1016,2021,7
2021-07-04,YYC-SE,ONLINE,17,481,24.08,457,2021,7
2021-07-05,YYC-DT,IN_STORE,58,1669,83.47,1585,2021,7
2021-07-05,YYC-DT,ONLINE,20,780,39.02,741,2021,7
2021-07-05,YYC-NW,IN_STORE,40,1252,62.63,1190,2021,7
2021-07-05,YYC-NW,ONLINE,14,489,24.5,465,2021,7
2021-07-05,YYC-SE,IN_STORE,27,1039,51.99,987,2021,7
2021-07-05,YYC-SE,ONLINE,13,433,21.68,411,2021,7
2021-07-06,YYC-DT,IN_STORE,48,1681,84.07,1597,2021,7
2021-07-06,YYC-DT,ONLINE,21,688,34.41,653,2021,7
2021-07-06,YYC-NW,IN_STORE,45,1238,61.9,1176,2021,7
2021-07-06,YYC-NW,ONLINE,15,529,26.46,502,2021,7
2021-07-06,YYC-SE,IN_STORE,33,999,49.99,949,2021,7
2021-07-06,YYC-SE,ONLINE,16,410,20.55,390,2021,7
2021-07-07,YYC-DT,IN_STORE,43,1627,81.37,1546,2021,7
2021-07-07,YYC-DT,ONLINE,22,724,36.21,687,2021,7
2021-07-07,YYC-NW,IN_STORE,46,1141,57.1,1084,2021,7
2021-07-07,YYC-NW,ONLINE,15,493,24.68,468,2021,7
2021-07-07,YYC-SE,IN_STORE,26,956,47.82,908,2021,7
2021-07-07,YYC-SE,ONLINE,16,452,22.62,429,2021,7
2021-07-08,YYC-DT,IN_STORE,58,1793,89.65,1703,2021,7
2021-07-08,YYC-DT,ONLINE,21,734,36.71,697,2021,7
2021-07-08,YYC-NW,IN_STORE,29,1247,62.36,1184,2021,7
2021-07-08,YYC-NW,ONLINE,15,484,24.23,460,2021,7
2021-07-08,YYC-SE,IN_STORE,33,1110,55.53,1054,2021,7
2021-07-08,YYC-SE,ONLINE,17,458,22.95,435,2021,7
2021-07-09,YYC-DT,IN_STORE,44,1838,91.91,1746,2021,7
2021-07-09,YYC-DT,ONLINE,23,754,37.73,716,2021,7
2021-07-09,YYC-NW,IN_STORE,50,1265,63.29,1202,2021,7
2021-07-09,YYC-NW,ONLINE,16,636,31.82,604,2021,7
2021-07-09,YYC-SE,IN_STORE,34,1076,53.83,1022,2021,7
2021-07-09,YYC-SE,ONLINE,13,511,25.56,485,2021,7
2021-07-10,YYC-DT,IN_STORE,62,1769,88.49,1681,2021,7
2021-07-10,YYC-DT,ONLINE,23,777,38.88,738,2021,7
2021-07-10,YYC-NW,IN_STORE,49,1271,63.59,1208,2021,7
2021-07-10,YYC-NW,ONLINE,16,492,24.64,468,2021,7
2021-07-10,YYC-SE,IN_STORE,33,975,48.76,926,2021,7
2021-07-10,YYC-SE,ONLINE,15,434,21.74,413,2021,7
2021-07-11,YYC-DT,IN_STORE,58,1873,93.66,1779,2021,7
2021-07-11,YYC-DT,ONLINE,31,848,42.42,805,2021,7
2021-07-11,YYC-NW,IN_STORE,49,1328,66.43,1262,2021,7
2021-07-11,YYC-NW,ONLINE,20,563,28.19,535,2021,7
2021-07-11,YYC-SE,IN_STORE,39,1065,53.25,1011,2021,7
2021-07-11,YYC-SE,ONLINE,15,424,21.22,403,2021,7
2021-07-12,YYC-DT,IN_STORE,42,1760,88.03,1672,2021,7
2021-07-12,YYC-DT,ONLINE,25,662,33.14,629,2021,7
2021-07-12,YYC-NW,IN_STORE,31,1055,52.76,1002,2021,7
2021-07-12,YYC-NW,ONLINE,16,528,26.4,501,2021,7
2021-07-12,YYC-SE,IN_STORE,36,981,49.09,932,2021,7
2021-07-12,YYC-SE,ONLINE,13,402,20.14,382,2021,7
2021-07-13,YYC-DT,IN_STORE,58,1933,96.68,1836,2021,7
2021-07-13,YYC-DT,ONLINE,22,789,39.46,749,2021,7
2021-07-13,YYC-NW,IN_STORE,41,1324,66.21,1258,2021,7
2021-07-13,YYC-NW,ONLINE,16,563,28.19,535,2021,7
2021-07-13,YYC-SE,IN_STORE,26,1074,53.72,1020,2021,7
2021-07-13,YYC-SE,ONLINE,17,463,23.18,440,2021,7
2021-07-14,YYC-DT,IN_STORE,54,1585,79.3,1506,2021,7
2021-07-14,YYC-DT,ONLINE,27,665,33.27,632,2021,7
2021-07-14,YYC-NW,IN_STORE,40,1173,58.69,1115,2021,7
2021-07-14,YYC-NW,ONLINE,14,474,23.72,450,2021,7
2021-07-14,YYC-SE,IN_STORE,24,952,47.6,904,2021,7
2021-07-14,YYC-SE,ONLINE,16,378,18.94,359,2021,7
2021-07-15,YYC-DT,IN_STORE,53,1714,85.72,1628,2021,7
2021-07-15,YYC-DT,ONLINE,17,759,37.97,721,2021,7
2021-07-15,YYC-NW,IN_STORE,33,1075,53.78,1021,2021,7
2021-07-15,YYC-NW,ONLINE,14,434,21.75,413,2021,7
2021-07-15,YYC-SE,IN_STORE,27,964,48.25,916,2021,7
2021-07-15,YYC-SE,ONLINE,11,415,20.75,394,2021,7
2021-07-16,YYC-DT,IN_STORE,46,1732,86.64,1646,2021,7
2021-07-16,YYC-DT,ONLINE,26,780,39.05,741,2021,7
2021-07-16,YYC-NW,IN_STORE,30,1239,61.96,1177,2021,7
2021-07-16,YYC-NW,ONLINE,16,520,26.05,494,2021,7
2021-07-16,YYC-SE,IN_STORE,36,1010,50.5,959,2021,7
2021-07-16,YYC-SE,ONLINE,13,408,20.41,387,2021,7
2021-07-17,YYC-DT,IN_STORE,73,2045,102.29,1943,2021,7
2021-07-17,YYC-DT,ONLINE,23,846,42.35,804,2021,7
2021-07-17,YYC-NW,IN_STORE,41,1439,72.0,1367,2021,7
2021-07-17,YYC-NW,ONLINE,19,576,28.81,547,2021,7
2021-07-17,YYC-SE,IN_STORE,34,1133,56.69,1077,2021,7
2021-07-17,YYC-SE,ONLINE,19,507,25.37,482,2021,7
2021-07-18,YYC-DT,IN_STORE,48,1879,93.97,1785,2021,7
2021-07-18,YYC-DT,ONLINE,28,801,40.09,761,2021,7
2021-07-18,YYC-NW,IN_STORE,32,1287,64.36,1222,2021,7
2021-07-18,YYC-NW,ONLINE,17,545,27.28,518,2021,7
2021-07-18,YYC-SE,IN_STORE,33,1202,60.1,1141,2021,7
2021-07-18,YYC-SE,ONLINE,14,505,25.26,479,2021,7
2021-07-19,YYC-DT,IN_STORE,63,1633,81.69,1552,2021,7
2021-07-19,YYC-DT,ONLINE,18,713,35.7,678,2021,7
2021-07-19,YYC-NW,IN_STORE,31,1202,60.13,1142,2021,7
2021-07-19,YYC-NW,ONLINE,14,496,24.8,471,2021,7
2021-07-19,YYC-SE,IN_STORE,27,1000,50.04,950,2021,7
2021-07-19,YYC-SE,ONLINE,14,443,22.16,421,2021,7
2021-07-20,YYC-DT,IN_STORE,59,1887,94.36,1792,2021,7
2021-07-20,YYC-DT,ONLINE,23,819,40.96,778,2021,7
2021-07-20,YYC-NW,IN_STORE,33,1309,65.48,1244,2021,7
2021-07-20,YYC-NW,ONLINE,14,593,29.69,564,2021,7
2021-07-20,YYC-SE,IN_STORE,35,1203,60.18,1143,2021,7
2021-07-20,YYC-SE,ONLINE,11,490,24.52,465,2021,7
2021-07-21,YYC-DT,IN_STORE,46,1613,80.65,1532,2021,7
2021-07-21,YYC-DT,ONLINE,17,731,36.57,694,2021,7
2021-07-21,YYC-NW,IN_STORE,41,1104,55.22,1049,2021,7
2021-07-21,YYC-NW,ONLINE,14,431,21.56,409,2021,7
2021-07-21,YYC-SE,IN_STORE,25,971,48.58,922,2021,7
2021-07-21,YYC-SE,ONLINE,13,420,21.04,399,2021,7
2021-07-22,YYC-DT,IN_STORE,55,1565,78.27,1487,2021,7
2021-07-22,YYC-DT,ONLINE,26,597,29.86,567,2021,7
2021-07-22,YYC-NW,IN_STORE,32,1088,54.44,1034,2021,7
2021-07-22,YYC-NW,ONLINE,11,405,20.26,384,2021,7
2021-07-22,YYC-SE,IN_STORE,26,890,44.5,845,2021,7
2021-07-22,YYC-SE,ONLINE,13,386,19.31,366,2021,7
2021-07-23,YYC-DT,IN_STORE,63,1853,92.69,1761,2021,7
2021-07-23,YYC-DT,ONLINE,28,712,35.61,676,2021,7
2021-07-23,YYC-NW,IN_STORE,43,1177,58.87,1118,2021,7
2021-07-23,YYC-NW,ONLINE,16,509,25.48,484,2021,7
2021-07-23,YYC-SE,IN_STORE,26,1027,51.37,976,2021,7
2021-07-23,YYC-SE,ONLINE,16,405,20.25,384,2021,7
2021-07-24,YYC-DT,IN_STORE,57,1866,93.34,1773,2021,7
2021-07-24,YYC-DT,ONLINE,28,873,43.7,830,2021,7
2021-07-24,YYC-NW,IN_STORE,45,1309,65.49,1244,2021,7
2021-07-24,YYC-NW,ONLINE,20,526,26.33,500,2021,7
2021-07-24,YYC-SE,IN_STORE,34,1124,56.23,1068,2021,7
2021-07-24,YYC-SE,ONLINE,15,417,20.87,396,2021,7
2021-07-25,YYC-DT,IN_STORE,45,1828,91.44,1737,2021,7
2021-07-25,YYC-DT,ONLINE,21,762,38.14,724,2021,7
2021-07-25,YYC-NW,IN_STORE,42,1289,64.46,1224,2021,7
2021-07-25,YYC-NW,ONLINE,13,517,25.86,491,2021,7
2021-07-25,YYC-SE,IN_STORE,35,1079,53.99,1025,2021,7
2021-07-25,YYC-SE,ONLINE,18,487,24.37,463,2021,7
2021-07-26,YYC-DT,IN_STORE,51,1809,90.45,1718,2021,7
2021-07-26,YYC-DT,ONLINE,25,712,35.61,676,2021,7
2021-07-26,YYC-NW,IN_STORE,31,1258,62.92,1195,2021,7
2021-07-26,YYC-NW,ONLINE,17,518,25.93,492,2021,7
2021-07-26,YYC-SE,IN_STORE,41,1171,58.59,1113,2021,7
2021-07-26,YYC-SE,ONLINE,11,414,20.7,393,2021,7
2021-07-27,YYC-DT,IN_STORE,60,1678,83.91,1594,2021,7
2021-07-27,YYC-DT,ONLINE,22,734,36.72,697,2021,7
2021-07-27,YYC-NW,IN_STORE,34,1254,62.74,1191,2021,7
2021-07-27,YYC-NW,ONLINE,21,448,22.43,426,2021,7
2021-07-27,YYC-SE,IN_STORE,42,1017,50.86,966,2021,7
2021-07-27,YYC-SE,ONLINE,17,488,24.45,464,2021,7
2021-07-28,YYC-DT,IN_STORE,40,1687,84.36,1602,2021,7
2021-07-28,YYC-DT,ONLINE,25,686,34.32,652,2021,7
2021-07-28,YYC-NW,IN_STORE,46,1130,56.51,1073,2021,7
2021-07-28,YYC-NW,ONLINE,13,472,23.63,448,2021,7
2021-07-28,YYC-SE,IN_STORE,28,959,47.98,911,2021,7
2021-07-28,YYC-SE,ONLINE,10,360,18.05,342,2021,7
2021-07-29,YYC-DT,IN_STORE,52,1592,79.6,1512,2021,7
2021-07-29,YYC-DT,ONLINE,28,679,34.0,645,2021,7
2021-07-29,YYC-NW,IN_STORE,40,1153,57.69,1096,2021,7
2021-07-29,YYC-NW,ONLINE,16,438,21.92,416,2021,7
2021-07-29,YYC-SE,IN_STORE,23,959,48.0,911,2021,7
2021-07-29,YYC-SE,ONLINE,13,408,20.41,387,2021,7
2021-07-30,YYC-DT,IN_STORE,43,1705,85.26,1619,2021,7
2021-07-30,YYC-DT,ONLINE,29,764,38.23,726,2021,7
2021-07-30,YYC-NW,IN_STORE,31,1218,60.92,1157,2021,7
2021-07-30,YYC-NW,ONLINE,20,502,25.13,477,2021,7
2021-07-30,YYC-SE,IN_STORE,32,1131,56.58,1075,2021,7
2021-07-30,YYC-SE,ONLINE,13,422,21.1,400,2021,7
2021-07-31,YYC-DT,IN_STORE,57,1973,98.67,1874,2021,7
2021-07-31,YYC-DT,ONLINE,22,829,41.45,787,2021,7
2021-07-31,YYC-NW,IN_STORE,52,1336,66.8,1269,2021,7
2021-07-31,YYC-NW,ONLINE,21,595,29.76,565,2021,7
2021-07-31,YYC-SE,IN_STORE,28,1085,54.27,1031,2021,7
2021-07-31,YYC-SE,ONLINE,12,514,25.74,489,2021,7
2021-08-01,YYC-DT,IN_STORE,65,1920,96.02,1824,2021,8
2021-08-01,YYC-DT,ONLINE,21,746,37.32,709,2021,8
2021-08-01,YYC-NW,IN_STORE,33,1370,68.5,1301,2021,8
2021-08-01,YYC-NW,ONLINE,21,580,29.04,551,2021,8
2021-08-01,YYC-SE,IN_STORE,46,1160,58.0,1102,2021,8
2021-08-01,YYC-SE,ONLINE,12,413,20.69,393,2021,8
2021-08-02,YYC-DT,IN_STORE,61,1866,93.3,1772,2021,8
2021-08-02,YYC-DT,ONLINE,30,773,38.67,734,2021,8
2021-08-02,YYC-NW,IN_STORE,36,1268,63.42,1205,2021,8
2021-08-02,YYC-NW,ONLINE,15,566,28.33,538,2021,8
2021-08-02,YYC-SE,IN_STORE,42,1127,56.4,1071,2021,8
2021-08-02,YYC-SE,ONLINE,14,485,24.3,461,2021,8
2021-08-03,YYC-DT,IN_STORE,47,1589,79.46,1509,2021,8
2021-08-03,YYC-DT,ONLINE,28,615,30.76,584,2021,8
2021-08-03,YYC-NW,IN_STORE,37,1101,55.07,1046,2021,8
2021-08-03,YYC-NW,ONLINE,11,418,20.94,397,2021,8
2021-08-03,YYC-SE,IN_STORE,24,880,44.04,836,2021,8
2021-08-03,YYC-SE,ONLINE,11,384,19.24,365,2021,8
2021-08-04,YYC-DT,IN_STORE,54,1521,76.08,1445,2021,8
2021-08-04,YYC-DT,ONLINE,17,649,32.46,616,2021,8
2021-08-04,YYC-NW,IN_STORE,41,990,49.52,940,2021,8
2021-08-04,YYC-NW,ONLINE,12,433,21.68,411,2021,8
2021-08-04,YYC-SE,IN_STORE,29,909,45.46,863,2021,8
2021-08-04,YYC-SE,ONLINE,11,392,19.64,373,2021,8
2021-08-05,YYC-DT,IN_STORE,52,1725,86.26,1639,2021,8
2021-08-05,YYC-DT,ONLINE,19,716,35.81,680,2021,8
2021-08-05,YYC-NW,IN_STORE,48,1125,56.28,1069,2021,8
2021-08-05,YYC-NW,ONLINE,14,492,24.61,467,2021,8
2021-08-05,YYC-SE,IN_STORE,26,1004,50.23,954,2021,8
2021-08-05,YYC-SE,ONLINE,13,418,20.91,397,2021,8
2021-08-06,YYC-DT,IN_STORE,64,1776,88.8,1687,2021,8
2021-08-06,YYC-DT,ONLINE,21,726,36.35,690,2021,8
2021-08-06,YYC-NW,IN_STORE,32,1275,63.79,1211,2021,8
2021-08-06,YYC-NW,ONLINE,20,501,25.07,476,2021,8
2021-08-06,YYC-SE,IN_STORE,36,1049,52.46,996,2021,8
2021-08-06,YYC-SE,ONLINE,11,487,24.4,463,2021,8
2021-08-07,YYC-DT,IN_STORE,74,1812,90.62,1721,2021,8
2021-08-07,YYC-DT,ONLINE,21,744,37.21,706,2021,8
2021-08-07,YYC-NW,IN_STORE,40,1384,69.22,1315,2021,8
2021-08-07,YYC-NW,ONLINE,22,589,29.46,559,2021,8
2021-08-07,YYC-SE,IN_STORE,32,1088,54.44,1034,2021,8
2021-08-07,YYC-SE,ONLINE,17,489,24.48,465,2021,8
2021-08-08,YYC-DT,IN_STORE,45,1858,92.9,1765,2021,8
2021-08-08,YYC-DT,ONLINE,27,742,37.15,705,2021,8
2021-08-08,YYC-NW,IN_STORE,42,1318,65.92,1252,2021,8
2021-08-08,YYC-NW,ONLINE,17,549,27.45,521,2021,8
2021-08-08,YYC-SE,IN_STORE,30,1027,51.36,975,2021,8
2021-08-08,YYC-SE,ONLINE,18,500,25.02,475,2021,8
2021-08-09,YYC-DT,IN_STORE,69,1632,81.61,1550,2021,8
2021-08-09,YYC-DT,ONLINE,18,726,36.34,690,2021,8
2021-08-09,YYC-NW,IN_STORE,42,1210,60.5,1149,2021,8
2021-08-09,YYC-NW,ONLINE,18,541,27.07,514,2021,8
2021-08-09,YYC-SE,IN_STORE,36,1008,50.44,958,2021,8
2021-08-09,YYC-SE,ONLINE,13,472,23.64,449,2021,8
2021-08-10,YYC-DT,IN_STORE,49,1607,80.39,1527,2021,8
2021-08-10,YYC-DT,ONLINE,18,792,39.62,752,2021,8
2021-08-10,YYC-NW,IN_STORE,33,1197,59.88,1137,2021,8
2021-08-10,YYC-NW,ONLINE,12,412,20.63,391,2021,8
2021-08-10,YYC-SE,IN_STORE,26,924,46.2,877,2021,8
2021-08-10,YYC-SE,ONLINE,11,441,22.08,419,2021,8
2021-08-11,YYC-DT,IN_STORE,66,1798,89.92,1708,2021,8
2021-08-11,YYC-DT,ONLINE,19,800,40.01,760,2021,8
2021-08-11,YYC-NW,IN_STORE,32,1188,59.4,1128,2021,8
2021-08-11,YYC-NW,ONLINE,16,497,24.85,472,2021,8
2021-08-11,YYC-SE,IN_STORE,38,1091,54.59,1037,2021,8
2021-08-11,YYC-SE,ONLINE,16,435,21.78,413,2021,8
2021-08-12,YYC-DT,IN_STORE,40,1637,81.89,1555,2021,8
2021-08-12,YYC-DT,ONLINE,25,743,37.19,706,2021,8
2021-08-12,YYC-NW,IN_STORE,40,1141,57.05,1084,2021,8
2021-08-12,YYC-NW,ONLINE,15,483,24.19,459,2021,8
2021-08-12,YYC-SE,IN_STORE,38,975,48.76,926,2021,8
2021-08-12,YYC-SE,ONLINE,10,455,22.8,433,2021,8
2021-08-13,YYC-DT,IN_STORE,52,1722,86.13,1636,2021,8
2021-08-13,YYC-DT,ONLINE,27,822,41.12,781,2021,8
2021-08-13,YYC-NW,IN_STORE,32,1226,61.34,1165,2021,8
2021-08-13,YYC-NW,ONLINE,15,505,25.28,480,2021,8
2021-08-13,YYC-SE,IN_STORE,29,1024,51.2,972,2021,8
2021-08-13,YYC-SE,ONLINE,17,435,21.78,413,2021,8
2021-08-14,YYC-DT,IN_STORE,49,1845,92.28,1753,2021,8
2021-08-14,YYC-DT,ONLINE,22,802,40.15,762,2021,8
2021-08-14,YYC-NW,IN_STORE,50,1221,61.07,1160,2021,8
2021-08-14,YYC-NW,ONLINE,18,507,25.38,482,2021,8
2021-08-14,YYC-SE,IN_STORE,42,1082,54.1,1027,2021,8
2021-08-14,YYC-SE,ONLINE,12,512,25.62,486,2021,8
2021-08-15,YYC-DT,IN_STORE,60,1934,96.72,1837,2021,8
2021-08-15,YYC-DT,ONLINE,33,797,39.86,757,2021,8
2021-08-15,YYC-NW,IN_STORE,53,1409,70.48,1339,2021,8
2021-08-15,YYC-NW,ONLINE,17,562,28.15,534,2021,8
2021-08-15,YYC-SE,IN_STORE,31,1142,57.11,1085,2021,8
2021-08-15,YYC-SE,ONLINE,17,525,26.29,499,2021,8
2021-08-16,YYC-DT,IN_STORE,55,1763,88.17,1675,2021,8
2021-08-16,YYC-DT,ONLINE,29,731,36.57,694,2021,8
2021-08-16,YYC-NW,IN_STORE,42,1180,59.01,1121,2021,8
2021-08-16,YYC-NW,ONLINE,21,517,25.85,491,2021,8
2021-08-16,YYC-SE,IN_STORE,26,1106,55.33,1051,2021,8
2021-08-16,YYC-SE,ONLINE,16,439,21.96,417,2021,8
2021-08-17,YYC-DT,IN_STORE,49,1646,82.33,1564,2021,8
2021-08-17,YYC-DT,ONLINE,21,708,35.42,672,2021,8
2021-08-17,YYC-NW,IN_STORE,44,1191,59.6,1132,2021,8
2021-08-17,YYC-NW,ONLINE,20,524,26.24,498,2021,8
2021-08-17,YYC-SE,IN_STORE,26,1052,52.63,1000,2021,8
2021-08-17,YYC-SE,ONLINE,11,473,23.66,449,2021,8
2021-08-18,YYC-DT,IN_STORE,56,1742,87.11,1655,2021,8
2021-08-18,YYC-DT,ONLINE,27,753,37.68,715,2021,8
2021-08-18,YYC-NW,IN_STORE,30,1278,63.9,1214,2021,8
2021-08-18,YYC-NW,ONLINE,14,532,26.6,505,2021,8
2021-08-18,YYC-SE,IN_STORE,32,1102,55.14,1047,2021,8
2021-08-18,YYC-SE,ONLINE,16,430,21.51,408,2021,8
2021-08-19,YYC-DT,IN_STORE,56,1808,90.41,1717,2021,8
2021-08-19,YYC-DT,ONLINE,30,800,40.03,760,2021,8
2021-08-19,YYC-NW,IN_STORE,47,1316,65.82,1250,2021,8
2021-08-19,YYC-NW,ONLINE,19,580,29.02,551,2021,8
2021-08-19,YYC-SE,IN_STORE,39,1095,54.78,1040,2021,8
2021-08-19,YYC-SE,ONLINE,12,470,23.51,446,2021,8
2021-08-20,YYC-DT,IN_STORE,52,1580,79.03,1501,2021,8
2021-08-20,YYC-DT,ONLINE,18,748,37.42,710,2021,8
2021-08-20,YYC-NW,IN_STORE,29,1226,61.34,1165,2021,8
2021-08-20,YYC-NW,ONLINE,16,492,24.6,467,2021,8
2021-08-20,YYC-SE,IN_STORE,41,1008,50.45,958,2021,8
2021-08-20,YYC-SE,ONLINE,18,435,21.78,413,2021,8
2021-08-21,YYC-DT,IN_STORE,55,1812,90.62,1721,2021,8
2021-08-21,YYC-DT,ONLINE,25,720,36.02,684,2021,8
2021-08-21,YYC-NW,IN_STORE,53,1309,65.49,1244,2021,8
2021-08-21,YYC-NW,ONLINE,17,635,31.8,604,2021,8
2021-08-21,YYC-SE,IN_STORE,34,1069,53.5,1016,2021,8
2021-08-21,YYC-SE,ONLINE,20,526,26.34,500,2021,8
2021-08-22,YYC-DT,IN_STORE,72,1873,93.67,1779,2021,8
2021-08-22,YYC-DT,ONLINE,32,820,41.01,779,2021,8
2021-08-22,YYC-NW,IN_STORE,47,1249,62.49,1187,2021,8
2021-08-22,YYC-NW,ONLINE,16,551,27.6,524,2021,8
2021-08-22,YYC-SE,IN_STORE,41,1132,56.62,1075,2021,8
2021-08-22,YYC-SE,ONLINE,17,480,24.05,456,2021,8
2021-08-23,YYC-DT,IN_STORE,57,1734,86.71,1647,2021,8
2021-08-23,YYC-DT,ONLINE,32,726,36.34,690,2021,8
2021-08-23,YYC-NW,IN_STORE,33,1319,65.99,1253,2021,8
2021-08-23,YYC-NW,ONLINE,13,493,24.68,468,2021,8
2021-08-23,YYC-SE,IN_STORE,39,1072,53.6,1018,2021,8
2021-08-23,YYC-SE,ONLINE,16,429,21.47,407,2021,8
2021-08-24,YYC-DT,IN_STORE,44,1689,84.46,1604,2021,8
2021-08-24,YYC-DT,ONLINE,17,703,35.17,668,2021,8
2021-08-24,YYC-NW,IN_STORE,31,1041,52.09,989,2021,8
2021-08-24,YYC-NW,ONLINE,15,505,25.3,480,2021,8
2021-08-24,YYC-SE,IN_STORE,25,1010,50.51,959,2021,8
2021-08-24,YYC-SE,ONLINE,17,453,22.65,430,2021,8
2021-08-25,YYC-DT,IN_STORE,52,1847,92.36,1754,2021,8
2021-08-25,YYC-DT,ONLINE,23,763,38.17,725,2021,8
2021-08-25,YYC-NW,IN_STORE,31,1246,62.33,1184,2021,8
2021-08-25,YYC-NW,ONLINE,19,524,26.24,498,2021,8
2021-08-25,YYC-SE,IN_STORE,43,1081,54.06,1027,2021,8
2021-08-25,YYC-SE,ONLINE,11,437,21.9,416,2021,8
2021-08-26,YYC-DT,IN_STORE,44,1716,85.83,1630,2021,8
2021-08-26,YYC-DT,ONLINE,20,775,38.76,736,2021,8
2021-08-26,YYC-NW,IN_STORE,32,1272,63.61,1208,2021,8
2021-08-26,YYC-NW,ONLINE,14,499,24.96,474,2021,8
2021-08-26,YYC-SE,IN_STORE,39,1014,50.72,963,2021,8
2021-08-26,YYC-SE,ONLINE,16,355,17.78,337,2021,8
2021-08-27,YYC-DT,IN_STORE,61,1538,76.93,1461,2021,8
2021-08-27,YYC-DT,ONLINE,22,696,34.85,662,2021,8
2021-08-27,YYC-NW,IN_STORE,27,1059,52.96,1006,2021,8
2021-08-27,YYC-NW,ONLINE,15,473,23.67,449,2021,8
2021-08-27,YYC-SE,IN_STORE,29,940,47.03,893,2021,8
2021-08-27,YYC-SE,ONLINE,11,446,22.32,424,2021,8
2021-08-28,YYC-DT,IN_STORE,49,1911,95.58,1816,2021,8
2021-08-28,YYC-DT,ONLINE,24,846,42.35,804,2021,8
2021-08-28,YYC-NW,IN_STORE,38,1275,63.79,1212,2021,8
2021-08-28,YYC-NW,ONLINE,19,528,26.41,501,2021,8
2021-08-28,YYC-SE,IN_STORE,37,1147,57.39,1090,2021,8
2021-08-28,YYC-SE,ONLINE,12,517,25.88,491,2021,8
2021-08-29,YYC-DT,IN_STORE,56,1749,87.45,1661,2021,8
2021-08-29,YYC-DT,ONLINE,19,709,35.46,673,2021,8
2021-08-29,YYC-NW,IN_STORE,34,1314,65.71,1248,2021,8
2021-08-29,YYC-NW,ONLINE,17,595,29.78,565,2021,8
2021-08-29,YYC-SE,IN_STORE,29,1107,55.4,1052,2021,8
2021-08-29,YYC-SE,ONLINE,11,522,26.14,496,2021,8
2021-08-30,YYC-DT,IN_STORE,53,1752,87.6,1664,2021,8
2021-08-30,YYC-DT,ONLINE,25,812,40.62,771,2021,8
2021-08-30,YYC-NW,IN_STORE,31,1288,64.41,1223,2021,8
2021-08-30,YYC-NW,ONLINE,13,491,24.6,467,2021,8
2021-08-30,YYC-SE,IN_STORE,35,1101,55.06,1046,2021,8
2021-08-30,YYC-SE,ONLINE,14,445,22.25,422,2021,8
2021-08-31,YYC-DT,IN_STORE,63,1635,81.75,1553,2021,8
2021-08-31,YYC-DT,ONLINE,20,687,34.4,653,2021,8
2021-08-31,YYC-NW,IN_STORE,40,1099,54.99,1044,2021,8
2021-08-31,YYC-NW,ONLINE,16,521,26.07,495,2021,8
2021-08-31,YYC-SE,IN_STORE,32,948,47.42,900,2021,8
2021-08-31,YYC-SE,ONLINE,11,407,20.39,387,2021,8
2021-09-01,YYC-DT,IN_STORE,65,1573,78.65,1494,2021,9
2021-09-01,YYC-DT,ONLINE,25,684,34.21,649,2021,9
2021-09-01,YYC-NW,IN_STORE,39,1127,56.39,1071,2021,9
2021-09-01,YYC-NW,ONLINE,13,424,21.22,403,2021,9
2021-09-01,YYC-SE,IN_STORE,25,1021,51.08,970,2021,9
2021-09-01,YYC-SE,ONLINE,13,445,22.26,422,2021,9
2021-09-02,YYC-DT,IN_STORE,47,1493,74.66,1418,2021,9
2021-09-02,YYC-DT,ONLINE,26,623,31.19,592,2021,9
2021-09-02,YYC-NW,IN_STORE,36,1065,53.26,1011,2021,9
2021-09-02,YYC-NW,ONLINE,16,501,25.09,476,2021,9
2021-09-02,YYC-SE,IN_STORE,36,902,45.14,857,2021,9
2021-09-02,YYC-SE,ONLINE,14,372,18.63,353,2021,9
2021-09-03,YYC-DT,IN_STORE,39,1709,85.5,1624,2021,9
2021-09-03,YYC-DT,ONLINE,17,642,32.13,610,2021,9
2021-09-03,YYC-NW,IN_STORE,44,1165,58.25,1106,2021,9
2021-09-03,YYC-NW,ONLINE,13,526,26.34,500,2021,9
2021-09-03,YYC-SE,IN_STORE,26,1036,51.84,984,2021,9
2021-09-03,YYC-SE,ONLINE,12,463,23.16,440,2021,9
2021-09-04,YYC-DT,IN_STORE,56,1577,78.89,1498,2021,9
2021-09-04,YYC-DT,ONLINE,18,693,34.67,658,2021,9
2021-09-04,YYC-NW,IN_STORE,37,1110,55.54,1055,2021,9
2021-09-04,YYC-NW,ONLINE,12,422,21.14,401,2021,9
2021-09-04,YYC-SE,IN_STORE,28,922,46.13,876,2021,9
2021-09-04,YYC-SE,ONLINE,15,404,20.23,384,2021,9
2021-09-05,YYC-DT,IN_STORE,51,1644,82.21,1562,2021,9
2021-09-05,YYC-DT,ONLINE,19,746,37.31,708,2021,9
2021-09-05,YYC-NW,IN_STORE,34,1242,62.14,1180,2021,9
2021-09-05,YYC-NW,ONLINE,17,475,23.79,452,2021,9
2021-09-05,YYC-SE,IN_STORE,30,1000,50.04,950,2021,9
2021-09-05,YYC-SE,ONLINE,11,415,20.78,394,2021,9
2021-09-06,YYC-DT,IN_STORE,43,1868,93.43,1775,2021,9
2021-09-06,YYC-DT,ONLINE,19,667,33.37,634,2021,9
2021-09-06,YYC-NW,IN_STORE,47,1271,63.57,1207,2021,9
2021-09-06,YYC-NW,ONLINE,12,501,25.05,476,2021,9
2021-09-06,YYC-SE,IN_STORE,41,1137,56.88,1080,2021,9
2021-09-06,YYC-SE,ONLINE,11,391,19.6,372,2021,9
2021-09-07,YYC-DT,IN_STORE,65,1717,85.87,1631,2021,9
2021-09-07,YYC-DT,ONLINE,24,757,37.89,719,2021,9
2021-09-07,YYC-NW,IN_STORE,41,1188,59.4,1128,2021,9
2021-09-07,YYC-NW,ONLINE,14,528,26.42,501,2021,9
2021-09-07,YYC-SE,IN_STORE,27,1108,55.4,1052,2021,9
2021-09-07,YYC-SE,ONLINE,11,488,24.42,463,2021,9
2021-09-08,YYC-DT,IN_STORE,53,1563,78.18,1485,2021,9
2021-09-08,YYC-DT,ONLINE,18,695,34.77,660,2021,9
2021-09-08,YYC-NW,IN_STORE,29,1203,60.19,1143,2021,9
2021-09-08,YYC-NW,ONLINE,15,492,24.65,468,2021,9
2021-09-08,YYC-SE,IN_STORE,24,1108,55.41,1052,2021,9
2021-09-08,YYC-SE,ONLINE,15,452,22.6,429,2021,9
2021-09-09,YYC-DT,IN_STORE,38,1589,79.46,1509,2021,9
2021-09-09,YYC-DT,ONLINE,19,714,35.72,678,2021,9
2021-09-09,YYC-NW,IN_STORE,36,1140,57.05,1083,2021,9
2021-09-09,YYC-NW,ONLINE,12,503,25.16,477,2021,9
2021-09-09,YYC-SE,IN_STORE,30,998,49.91,948,2021,9
2021-09-09,YYC-SE,ONLINE,16,403,20.19,383,2021,9
2021-09-10,YYC-DT,IN_STORE,44,1701,85.05,1615,2021,9
2021-09-10,YYC-DT,ONLINE,20,688,34.43,654,2021,9
2021-09-10,YYC-NW,IN_STORE,29,1247,62.36,1184,2021,9
2021-09-10,YYC-NW,ONLINE,14,489,24.48,465,2021,9
2021-09-10,YYC-SE,IN_STORE,30,985,49.3,936,2021,9
2021-09-10,YYC-SE,ONLINE,13,413,20.67,392,2021,9
2021-09-11,YYC-DT,IN_STORE,45,1738,86.91,1651,2021,9
2021-09-11,YYC-DT,ONLINE,30,757,37.87,719,2021,9
2021-09-11,YYC-NW,IN_STORE,36,1242,62.12,1180,2021,9
2021-09-11,YYC-NW,ONLINE,14,524,26.25,498,2021,9
2021-09-11,YYC-SE,IN_STORE,33,1137,56.88,1080,2021,9
2021-09-11,YYC-SE,ONLINE,16,471,23.58,448,2021,9
2021-09-12,YYC-DT,IN_STORE,50,1667,83.39,1584,2021,9
2021-09-12,YYC-DT,ONLINE,27,705,35.28,670,2021,9
2021-09-12,YYC-NW,IN_STORE,51,1255,62.77,1192,2021,9
2021-09-12,YYC-NW,ONLINE,18,570,28.54,542,2021,9
2021-09-12,YYC-SE,IN_STORE,30,1098,54.93,1043,2021,9
2021-09-12,YYC-SE,ONLINE,16,418,20.93,397,2021,9
2021-09-13,YYC-DT,IN_STORE,58,1819,90.98,1728,2021,9
2021-09-13,YYC-DT,ONLINE,18,758,37.9,720,2021,9
2021-09-13,YYC-NW,IN_STORE,32,1323,66.18,1257,2021,9
2021-09-13,YYC-NW,ONLINE,19,495,24.76,470,2021,9
2021-09-13,YYC-SE,IN_STORE,33,1090,54.51,1035,2021,9
2021-09-13,YYC-SE,ONLINE,12,441,22.06,419,2021,9
2021-09-14,YYC-DT,IN_STORE,44,1688,84.41,1603,2021,9
2021-09-14,YYC-DT,ONLINE,19,707,35.36,671,2021,9
2021-09-14,YYC-NW,IN_STORE,34,1339,66.96,1272,2021,9
2021-09-14,YYC-NW,ONLINE,14,519,25.97,493,2021,9
2021-09-14,YYC-SE,IN_STORE,37,1096,54.8,1041,2021,9
2021-09-14,YYC-SE,ONLINE,17,456,22.82,433,2021,9
2021-09-15,YYC-DT,IN_STORE,48,1612,80.62,1531,2021,9
2021-09-15,YYC-DT,ONLINE,17,706,35.31,670,2021,9
2021-09-15,YYC-NW,IN_STORE,39,1240,62.04,1178,2021,9
2021-09-15,YYC-NW,ONLINE,19,446,22.32,424,2021,9
2021-09-15,YYC-SE,IN_STORE,24,993,49.66,943,2021,9
2021-09-15,YYC-SE,ONLINE,17,422,21.13,401,2021,9
2021-09-16,YYC-DT,IN_STORE,45,1550,77.53,1473,2021,9
2021-09-16,YYC-DT,ONLINE,18,753,37.7,716,2021,9
2021-09-16,YYC-NW,IN_STORE,29,1119,55.96,1063,2021,9
2021-09-16,YYC-NW,ONLINE,16,522,26.12,496,2021,9
2021-09-16,YYC-SE,IN_STORE,30,949,47.48,902,2021,9
2021-09-16,YYC-SE,ONLINE,12,424,21.21,403,2021,9
2021-09-17,YYC-DT,IN_STORE,51,1585,79.28,1506,2021,9
2021-09-17,YYC-DT,ONLINE,22,682,34.1,647,2021,9
2021-09-17,YYC-NW,IN_STORE,31,1142,57.14,1085,2021,9
2021-09-17,YYC-NW,ONLINE,14,510,25.52,484,2021,9
2021-09-17,YYC-SE,IN_STORE,35,1021,51.08,970,2021,9
2021-09-17,YYC-SE,ONLINE,11,426,21.31,404,2021,9
2021-09-18,YYC-DT,IN_STORE,59,1672,83.61,1588,2021,9
2021-09-18,YYC-DT,ONLINE,27,709,35.47,673,2021,9
2021-09-18,YYC-NW,IN_STORE,32,1046,52.32,994,2021,9
2021-09-18,YYC-NW,ONLINE,15,495,24.78,470,2021,9
2021-09-18,YYC-SE,IN_STORE,39,992,49.62,942,2021,9
2021-09-18,YYC-SE,ONLINE,15,406,20.34,386,2021,9
2021-09-19,YYC-DT,IN_STORE,49,1852,92.6,1759,2021,9
2021-09-19,YYC-DT,ONLINE,22,798,39.92,758,2021,9
2021-09-19,YYC-NW,IN_STORE,34,1239,61.99,1177,2021,9
2021-09-19,YYC-NW,ONLINE,16,551,27.6,524,2021,9
2021-09-19,YYC-SE,IN_STORE,30,1087,54.37,1032,2021,9
2021-09-19,YYC-SE,ONLINE,11,386,19.31,366,2021,9
2021-09-20,YYC-DT,IN_STORE,53,1558,77.93,1480,2021,9
2021-09-20,YYC-DT,ONLINE,19,683,34.18,649,2021,9
2021-09-20,YYC-NW,IN_STORE,33,1110,55.54,1055,2021,9
2021-09-20,YYC-NW,ONLINE,20,475,23.77,451,2021,9
2021-09-20,YYC-SE,IN_STORE,32,991,49.58,942,2021,9
2021-09-20,YYC-SE,ONLINE,17,452,22.64,430,2021,9
2021-09-21,YYC-DT,IN_STORE,47,1618,80.92,1537,2021,9
2021-09-21,YYC-DT,ONLINE,19,672,33.64,639,2021,9
2021-09-21,YYC-NW,IN_STORE,41,1039,51.97,987,2021,9
2021-09-21,YYC-NW,ONLINE,11,419,20.99,398,2021,9
2021-09-21,YYC-SE,IN_STORE,25,903,45.17,858,2021,9
2021-09-21,YYC-SE,ONLINE,16,389,19.5,370,2021,9
2021-09-22,YYC-DT,IN_STORE,55,1619,80.99,1538,2021,9
2021-09-22,YYC-DT,ONLINE,24,680,34.01,646,2021,9
2021-09-22,YYC-NW,IN_STORE,28,1104,55.22,1049,2021,9
2021-09-22,YYC-NW,ONLINE,12,463,23.15,439,2021,9
2021-09-22,YYC-SE,IN_STORE,28,954,47.73,906,2021,9
2021-09-22,YYC-SE,ONLINE,13,332,16.62,315,2021,9
2021-09-23,YYC-DT,IN_STORE,63,1795,89.77,1705,2021,9
2021-09-23,YYC-DT,ONLINE,30,752,37.61,714,2021,9
2021-09-23,YYC-NW,IN_STORE,39,1304,65.2,1238,2021,9
2021-09-23,YYC-NW,ONLINE,13,515,25.77,489,2021,9
2021-09-23,YYC-SE,IN_STORE,44,1083,54.15,1028,2021,9
2021-09-23,YYC-SE,ONLINE,12,482,24.13,458,2021,9
2021-09-24,YYC-DT,IN_STORE,52,1740,87.05,1653,2021,9
2021-09-24,YYC-DT,ONLINE,28,696,34.85,662,2021,9
2021-09-24,YYC-NW,IN_STORE,37,1225,61.27,1164,2021,9
2021-09-24,YYC-NW,ONLINE,20,450,22.5,427,2021,9
2021-09-24,YYC-SE,IN_STORE,34,987,49.37,938,2021,9
2021-09-24,YYC-SE,ONLINE,16,438,21.92,416,2021,9
2021-09-25,YYC-DT,IN_STORE,62,1677,83.88,1593,2021,9
2021-09-25,YYC-DT,ONLINE,25,754,37.7,716,2021,9
2021-09-25,YYC-NW,IN_STORE,51,1251,62.56,1188,2021,9
2021-09-25,YYC-NW,ONLINE,16,470,23.51,446,2021,9
2021-09-25,YYC-SE,IN_STORE,34,1023,51.19,972,2021,9
2021-09-25,YYC-SE,ONLINE,17,450,22.54,428,2021,9
2021-09-26,YYC-DT,IN_STORE,45,1928,96.43,1832,2021,9
2021-09-26,YYC-DT,ONLINE,26,755,37.77,717,2021,9
2021-09-26,YYC-NW,IN_STORE,53,1286,64.34,1222,2021,9
2021-09-26,YYC-NW,ONLINE,23,594,29.75,565,2021,9
2021-09-26,YYC-SE,IN_STORE,32,1128,56.4,1071,2021,9
2021-09-26,YYC-SE,ONLINE,19,501,25.09,476,2021,9
2021-09-27,YYC-DT,IN_STORE,69,1710,85.5,1624,2021,9
2021-09-27,YYC-DT,ONLINE,27,728,36.41,691,2021,9
2021-09-27,YYC-NW,IN_STORE,42,1260,63.01,1197,2021,9
2021-09-27,YYC-NW,ONLINE,14,585,29.26,555,2021,9
2021-09-27,YYC-SE,IN_STORE,35,1047,52.38,995,2021,9
2021-09-27,YYC-SE,ONLINE,16,443,22.17,421,2021,9
2021-09-28,YYC-DT,IN_STORE,49,1649,82.45,1566,2021,9
2021-09-28,YYC-DT,ONLINE,25,731,36.55,694,2021,9
2021-09-28,YYC-NW,IN_STORE,31,1299,64.95,1234,2021,9
2021-09-28,YYC-NW,ONLINE,17,534,26.72,507,2021,9
2021-09-28,YYC-SE,IN_STORE,41,1045,52.27,993,2021,9
2021-09-28,YYC-SE,ONLINE,10,378,18.93,359,2021,9
2021-09-29,YYC-DT,IN_STORE,58,1689,84.46,1604,2021,9
2021-09-29,YYC-DT,ONLINE,19,659,33.0,626,2021,9
2021-09-29,YYC-NW,IN_STORE,43,1221,61.07,1160,2021,9
2021-09-29,YYC-NW,ONLINE,13,477,23.87,453,2021,9
2021-09-29,YYC-SE,IN_STORE,35,961,48.09,913,2021,9
2021-09-29,YYC-SE,ONLINE,15,405,20.26,384,2021,9
2021-09-30,YYC-DT,IN_STORE,40,1676,83.84,1592,2021,9
2021-09-30,YYC-DT,ONLINE,26,668,33.44,635,2021,9
2021-09-30,YYC-NW,IN_STORE,47,1081,54.07,1027,2021,9
2021-09-30,YYC-NW,ONLINE,13,461,23.05,437,2021,9
2021-09-30,YYC-SE,IN_STORE,35,1048,52.44,996,2021,9
2021-09-30,YYC-SE,ONLINE,13,431,21.58,410,2021,9
2021-10-01,YYC-DT,IN_STORE,46,1766,88.31,1677,2021,10
2021-10-01,YYC-DT,ONLINE,29,802,40.12,762,2021,10
2021-10-01,YYC-NW,IN_STORE,32,1205,60.28,1145,2021,10
2021-10-01,YYC-NW,ONLINE,20,549,27.46,521,2021,10
2021-10-01,YYC-SE,IN_STORE,33,1117,55.86,1061,2021,10
2021-10-01,YYC-SE,ONLINE,17,474,23.7,450,2021,10
2021-10-02,YYC-DT,IN_STORE,60,1949,97.47,1852,2021,10
2021-10-02,YYC-DT,ONLINE,26,816,40.8,775,2021,10
2021-10-02,YYC-NW,IN_STORE,33,1435,71.77,1363,2021,10
2021-10-02,YYC-NW,ONLINE,24,555,27.79,528,2021,10
2021-10-02,YYC-SE,IN_STORE,40,1224,61.22,1163,2021,10
2021-10-02,YYC-SE,ONLINE,18,521,26.07,495,2021,10
2021-10-03,YYC-DT,IN_STORE,70,1883,94.16,1788,2021,10
2021-10-03,YYC-DT,ONLINE,30,799,39.99,759,2021,10
2021-10-03,YYC-NW,IN_STORE,37,1325,66.25,1258,2021,10
2021-10-03,YYC-NW,ONLINE,17,656,32.84,624,2021,10
2021-10-03,YYC-SE,IN_STORE,31,1164,58.22,1106,2021,10
2021-10-03,YYC-SE,ONLINE,15,458,22.91,435,2021,10
2021-10-04,YYC-DT,IN_STORE,63,1773,88.66,1684,2021,10
2021-10-04,YYC-DT,ONLINE,22,731,36.6,695,2021,10
2021-10-04,YYC-NW,IN_STORE,35,1228,61.44,1167,2021,10
2021-10-04,YYC-NW,ONLINE,19,536,26.81,509,2021,10
2021-10-04,YYC-SE,IN_STORE,44,1036,51.83,984,2021,10
2021-10-04,YYC-SE,ONLINE,14,399,19.95,379,2021,10
2021-10-05,YYC-DT,IN_STORE,76,1792,89.63,1703,2021,10
2021-10-05,YYC-DT,ONLINE,22,780,39.04,741,2021,10
2021-10-05,YYC-NW,IN_STORE,32,1309,65.47,1243,2021,10
2021-10-05,YYC-NW,ONLINE,22,575,28.79,547,2021,10
2021-10-05,YYC-SE,IN_STORE,45,1080,54.02,1026,2021,10
2021-10-05,YYC-SE,ONLINE,16,444,22.24,422,2021,10
2021-10-06,YYC-DT,IN_STORE,61,1716,85.82,1630,2021,10
2021-10-06,YYC-DT,ONLINE,20,777,38.88,738,2021,10
2021-10-06,YYC-NW,IN_STORE,38,1236,61.84,1174,2021,10
2021-10-06,YYC-NW,ONLINE,15,483,24.15,458,2021,10
2021-10-06,YYC-SE,IN_STORE,41,1021,51.09,970,2021,10
2021-10-06,YYC-SE,ONLINE,14,453,22.7,431,2021,10
2021-10-07,YYC-DT,IN_STORE,65,1917,95.88,1821,2021,10
2021-10-07,YYC-DT,ONLINE,25,732,36.64,696,2021,10
2021-10-07,YYC-NW,IN_STORE,44,1214,60.71,1153,2021,10
2021-10-07,YYC-NW,ONLINE,16,525,26.29,499,2021,10
2021-10-07,YYC-SE,IN_STORE,33,1159,57.99,1101,2021,10
2021-10-07,YYC-SE,ONLINE,11,489,24.47,464,2021,10
2021-10-08,YYC-DT,IN_STORE,52,1639,81.97,1557,2021,10
2021-10-08,YYC-DT,ONLINE,27,767,38.35,728,2021,10
2021-10-08,YYC-NW,IN_STORE,30,1171,58.57,1112,2021,10
2021-10-08,YYC-NW,ONLINE,18,499,24.99,474,2021,10
2021-10-08,YYC-SE,IN_STORE,37,998,49.9,948,2021,10
2021-10-08,YYC-SE,ONLINE,19,500,25.03,475,2021,10
2021-10-09,YYC-DT,IN_STORE,51,2113,105.67,2007,2021,10
2021-10-09,YYC-DT,ONLINE,22,907,45.38,862,2021,10
2021-10-09,YYC-NW,IN_STORE,45,1601,80.06,1521,2021,10
2021-10-09,YYC-NW,ONLINE,22,615,30.79,585,2021,10
2021-10-09,YYC-SE,IN_STORE,42,1241,62.09,1179,2021,10
2021-10-09,YYC-SE,ONLINE,14,510,25.54,485,2021,10
2021-10-10,YYC-DT,IN_STORE,53,1867,93.35,1773,2021,10
2021-10-10,YYC-DT,ONLINE,18,794,39.72,754,2021,10
2021-10-10,YYC-NW,IN_STORE,32,1288,64.44,1224,2021,10
2021-10-10,YYC-NW,ONLINE,16,553,27.66,525,2021,10
2021-10-10,YYC-SE,IN_STORE,29,1159,57.99,1101,2021,10
2021-10-10,YYC-SE,ONLINE,13,472,23.6,448,2021,10
2021-10-11,YYC-DT,IN_STORE,52,1978,98.91,1879,2021,10
2021-10-11,YYC-DT,ONLINE,23,760,38.03,722,2021,10
2021-10-11,YYC-NW,IN_STORE,40,1494,74.72,1419,2021,10
2021-10-11,YYC-NW,ONLINE,20,591,29.59,562,2021,10
2021-10-11,YYC-SE,IN_STORE,29,1084,54.22,1030,2021,10
2021-10-11,YYC-SE,ONLINE,16,449,22.47,427,2021,10
2021-10-12,YYC-DT,IN_STORE,46,1690,84.52,1605,2021,10
2021-10-12,YYC-DT,ONLINE,21,746,37.35,709,2021,10
2021-10-12,YYC-NW,IN_STORE,45,1251,62.55,1188,2021,10
2021-10-12,YYC-NW,ONLINE,14,516,25.84,490,2021,10
2021-10-12,YYC-SE,IN_STORE,33,1073,53.68,1019,2021,10
2021-10-12,YYC-SE,ONLINE,17,419,20.97,398,2021,10
2021-10-13,YYC-DT,IN_STORE,48,1564,78.22,1486,2021,10
2021-10-13,YYC-DT,ONLINE,23,725,36.27,689,2021,10
2021-10-13,YYC-NW,IN_STORE,37,1246,62.32,1184,2021,10
2021-10-13,YYC-NW,ONLINE,12,462,23.11,439,2021,10
2021-10-13,YYC-SE,IN_STORE,35,1030,51.52,978,2021,10
2021-10-13,YYC-SE,ONLINE,12,385,19.27,366,2021,10
2021-10-14,YYC-DT,IN_STORE,65,1660,83.04,1577,2021,10
2021-10-14,YYC-DT,ONLINE,18,727,36.4,691,2021,10
2021-10-14,YYC-NW,IN_STORE,30,1203,60.2,1143,2021,10
2021-10-14,YYC-NW,ONLINE,16,491,24.55,466,2021,10
2021-10-14,YYC-SE,IN_STORE,36,1061,53.09,1008,2021,10
2021-10-14,YYC-SE,ONLINE,12,379,18.96,360,2021,10
2021-10-15,YYC-DT,IN_STORE,43,1773,88.67,1684,2021,10
2021-10-15,YYC-DT,ONLINE,20,720,36.01,684,2021,10
2021-10-15,YYC-NW,IN_STORE,46,1257,62.9,1195,2021,10
2021-10-15,YYC-NW,ONLINE,16,544,27.23,517,2021,10
2021-10-15,YYC-SE,IN_STORE,25,1007,50.4,957,2021,10
2021-10-15,YYC-SE,ONLINE,12,400,20.03,380,2021,10
2021-10-16,YYC-DT,IN_STORE,64,1935,96.79,1839,2021,10
2021-10-16,YYC-DT,ONLINE,23,806,40.32,765,2021,10
2021-10-16,YYC-NW,IN_STORE,43,1446,72.31,1373,2021,10
2021-10-16,YYC-NW,ONLINE,14,549,27.48,522,2021,10
2021-10-16,YYC-SE,IN_STORE,28,1145,57.3,1088,2021,10
2021-10-16,YYC-SE,ONLINE,14,516,25.82,490,2021,10
2021-10-17,YYC-DT,IN_STORE,76,1851,92.57,1758,2021,10
2021-10-17,YYC-DT,ONLINE,30,832,41.63,790,2021,10
2021-10-17,YYC-NW,IN_STORE,54,1413,70.68,1342,2021,10
2021-10-17,YYC-NW,ONLINE,14,574,28.72,545,2021,10
2021-10-17,YYC-SE,IN_STORE,35,1206,60.34,1146,2021,10
2021-10-17,YYC-SE,ONLINE,14,441,22.07,419,2021,10
2021-10-18,YYC-DT,IN_STORE,50,1604,80.2,1523,2021,10
2021-10-18,YYC-DT,ONLINE,21,711,35.56,675,2021,10
2021-10-18,YYC-NW,IN_STORE,38,1148,57.41,1090,2021,10
2021-10-18,YYC-NW,ONLINE,18,533,26.65,506,2021,10
2021-10-18,YYC-SE,IN_STORE,31,919,45.96,873,2021,10
2021-10-18,YYC-SE,ONLINE,13,434,21.75,413,2021,10
2021-10-19,YYC-DT,IN_STORE,62,1747,87.39,1660,2021,10
2021-10-19,YYC-DT,ONLINE,18,777,38.88,738,2021,10
2021-10-19,YYC-NW,IN_STORE,31,1206,60.33,1146,2021,10
2021-10-19,YYC-NW,ONLINE,20,543,27.16,516,2021,10
2021-10-19,YYC-SE,IN_STORE,31,1087,54.38,1033,2021,10
2021-10-19,YYC-SE,ONLINE,16,450,22.54,428,2021,10
2021-10-20,YYC-DT,IN_STORE,50,2055,102.77,1952,2021,10
2021-10-20,YYC-DT,ONLINE,21,888,44.42,844,2021,10
2021-10-20,YYC-NW,IN_STORE,52,1269,63.47,1205,2021,10
2021-10-20,YYC-NW,ONLINE,17,545,27.3,518,2021,10
2021-10-20,YYC-SE,IN_STORE,28,1137,56.87,1080,2021,10
2021-10-20,YYC-SE,ONLINE,16,465,23.29,442,2021,10
2021-10-21,YYC-DT,IN_STORE,47,1835,91.79,1744,2021,10
2021-10-21,YYC-DT,ONLINE,25,728,36.41,691,2021,10
2021-10-21,YYC-NW,IN_STORE,44,1307,65.38,1242,2021,10
2021-10-21,YYC-NW,ONLINE,23,593,29.68,563,2021,10
2021-10-21,YYC-SE,IN_STORE,39,1064,53.23,1011,2021,10
2021-10-21,YYC-SE,ONLINE,12,426,21.33,405,2021,10
2021-10-22,YYC-DT,IN_STORE,72,1705,85.28,1620,2021,10
2021-10-22,YYC-DT,ONLINE,27,682,34.15,648,2021,10
2021-10-22,YYC-NW,IN_STORE,42,1273,63.67,1209,2021,10
2021-10-22,YYC-NW,ONLINE,14,525,26.3,499,2021,10
2021-10-22,YYC-SE,IN_STORE,34,1134,56.73,1077,2021,10
2021-10-22,YYC-SE,ONLINE,14,412,20.63,392,2021,10
2021-10-23,YYC-DT,IN_STORE,55,1949,97.47,1851,2021,10
2021-10-23,YYC-DT,ONLINE,20,862,43.11,819,2021,10
2021-10-23,YYC-NW,IN_STORE,39,1315,65.79,1250,2021,10
2021-10-23,YYC-NW,ONLINE,18,579,28.97,550,2021,10
2021-10-23,YYC-SE,IN_STORE,29,1130,56.51,1073,2021,10
2021-10-23,YYC-SE,ONLINE,19,472,23.63,448,2021,10
2021-10-24,YYC-DT,IN_STORE,54,1797,89.87,1707,2021,10
2021-10-24,YYC-DT,ONLINE,23,709,35.48,674,2021,10
2021-10-24,YYC-NW,IN_STORE,45,1384,69.24,1315,2021,10
2021-10-24,YYC-NW,ONLINE,20,590,29.54,561,2021,10
2021-10-24,YYC-SE,IN_STORE,33,1187,59.35,1127,2021,10
2021-10-24,YYC-SE,ONLINE,12,543,27.15,515,2021,10
2021-10-25,YYC-DT,IN_STORE,46,1857,92.87,1764,2021,10
2021-10-25,YYC-DT,ONLINE,19,782,39.13,743,2021,10
2021-10-25,YYC-NW,IN_STORE,31,1272,63.61,1208,2021,10
2021-10-25,YYC-NW,ONLINE,17,449,22.48,427,2021,10
2021-10-25,YYC-SE,IN_STORE,42,1119,56.0,1063,2021,10
2021-10-25,YYC-SE,ONLINE,14,491,24.58,467,2021,10
2021-10-26,YYC-DT,IN_STORE,48,1632,81.61,1550,2021,10
2021-10-26,YYC-DT,ONLINE,24,714,35.74,679,2021,10
2021-10-26,YYC-NW,IN_STORE,44,1121,56.05,1064,2021,10
2021-10-26,YYC-NW,ONLINE,12,517,25.89,491,2021,10
2021-10-26,YYC-SE,IN_STORE,29,997,49.9,948,2021,10
2021-10-26,YYC-SE,ONLINE,15,422,21.11,401,2021,10
2021-10-27,YYC-DT,IN_STORE,63,1707,85.38,1622,2021,10
2021-10-27,YYC-DT,ONLINE,21,769,38.47,730,2021,10
2021-10-27,YYC-NW,IN_STORE,41,1199,59.99,1139,2021,10
2021-10-27,YYC-NW,ONLINE,13,426,21.34,405,2021,10
2021-10-27,YYC-SE,IN_STORE,35,1051,52.56,998,2021,10
2021-10-27,YYC-SE,ONLINE,16,435,21.75,413,2021,10
2021-10-28,YYC-DT,IN_STORE,43,1674,83.74,1591,2021,10
2021-10-28,YYC-DT,ONLINE,16,656,32.84,623,2021,10
2021-10-28,YYC-NW,IN_STORE,42,1121,56.07,1065,2021,10
2021-10-28,YYC-NW,ONLINE,16,489,24.47,464,2021,10
2021-10-28,YYC-SE,IN_STORE,25,991,49.58,941,2021,10
2021-10-28,YYC-SE,ONLINE,10,446,22.35,424,2021,10
2021-10-29,YYC-DT,IN_STORE,43,1706,85.32,1621,2021,10
2021-10-29,YYC-DT,ONLINE,23,672,33.6,638,2021,10
2021-10-29,YYC-NW,IN_STORE,46,1244,62.23,1182,2021,10
2021-10-29,YYC-NW,ONLINE,14,541,27.08,514,2021,10
2021-10-29,YYC-SE,IN_STORE,32,1078,53.91,1024,2021,10
2021-10-29,YYC-SE,ONLINE,12,460,23.04,437,2021,10
2021-10-30,YYC-DT,IN_STORE,63,2005,100.29,1905,2021,10
2021-10-30,YYC-DT,ONLINE,31,840,42.0,798,2021,10
2021-10-30,YYC-NW,IN_STORE,42,1426,71.33,1355,2021,10
2021-10-30,YYC-NW,ONLINE,15,592,29.62,562,2021,10
2021-10-30,YYC-SE,IN_STORE,43,1211,60.56,1150,2021,10
2021-10-30,YYC-SE,ONLINE,16,446,22.32,424,2021,10
2021-10-31,YYC-DT,IN_STORE,76,1753,87.68,1665,2021,10
2021-10-31,YYC-DT,ONLINE,24,808,40.4,767,2021,10
2021-10-31,YYC-NW,IN_STORE,51,1310,65.53,1245,2021,10
2021-10-31,YYC-NW,ONLINE,17,530,26.51,503,2021,10
2021-10-31,YYC-SE,IN_STORE,38,1147,57.37,1090,2021,10
2021-10-31,YYC-SE,ONLINE,16,491,24.57,466,2021,10
2021-11-01,YYC-DT,IN_STORE,84,2156,107.81,2048,2021,11
2021-11-01,YYC-DT,ONLINE,32,883,44.18,839,2021,11
2021-11-01,YYC-NW,IN_STORE,49,1580,79.01,1501,2021,11
2021-11-01,YYC-NW,ONLINE,22,594,29.71,564,2021,11
2021-11-01,YYC-SE,IN_STORE,33,1258,62.9,1195,2021,11
2021-11-01,YYC-SE,ONLINE,15,586,29.33,557,2021,11
2021-11-02,YYC-DT,IN_STORE,51,1876,93.83,1782,2021,11
2021-11-02,YYC-DT,ONLINE,21,790,39.54,751,2021,11
2021-11-02,YYC-NW,IN_STORE,32,1239,61.96,1177,2021,11
2021-11-02,YYC-NW,ONLINE,20,558,27.93,530,2021,11
2021-11-02,YYC-SE,IN_STORE,30,1143,57.18,1086,2021,11
2021-11-02,YYC-SE,ONLINE,14,483,24.16,459,2021,11
2021-11-03,YYC-DT,IN_STORE,47,1789,89.47,1699,2021,11
2021-11-03,YYC-DT,ONLINE,20,844,42.25,802,2021,11
2021-11-03,YYC-NW,IN_STORE,37,1310,65.52,1244,2021,11
2021-11-03,YYC-NW,ONLINE,14,568,28.43,540,2021,11
2021-11-03,YYC-SE,IN_STORE,31,1169,58.47,1111,2021,11
2021-11-03,YYC-SE,ONLINE,15,435,21.76,413,2021,11
2021-11-04,YYC-DT,IN_STORE,72,2089,104.47,1984,2021,11
2021-11-04,YYC-DT,ONLINE,34,818,40.95,778,2021,11
2021-11-04,YYC-NW,IN_STORE,52,1422,71.12,1351,2021,11
2021-11-04,YYC-NW,ONLINE,15,650,32.52,617,2021,11
2021-11-04,YYC-SE,IN_STORE,48,1259,62.96,1196,2021,11
2021-11-04,YYC-SE,ONLINE,17,563,28.19,535,2021,11
2021-11-05,YYC-DT,IN_STORE,77,2138,106.92,2031,2021,11
2021-11-05,YYC-DT,ONLINE,30,960,48.01,912,2021,11
2021-11-05,YYC-NW,IN_STORE,36,1495,74.76,1420,2021,11
2021-11-05,YYC-NW,ONLINE,17,666,33.3,632,2021,11
2021-11-05,YYC-SE,IN_STORE,33,1246,62.31,1183,2021,11
2021-11-05,YYC-SE,ONLINE,21,477,23.85,453,2021,11
2021-11-06,YYC-DT,IN_STORE,57,2295,114.75,2180,2021,11
2021-11-06,YYC-DT,ONLINE,36,1038,51.93,986,2021,11
2021-11-06,YYC-NW,IN_STORE,51,1729,86.49,1643,2021,11
2021-11-06,YYC-NW,ONLINE,20,720,36.02,684,2021,11
2021-11-06,YYC-SE,IN_STORE,34,1366,68.32,1298,2021,11
2021-11-06,YYC-SE,ONLINE,19,563,28.19,535,2021,11
2021-11-07,YYC-DT,IN_STORE,57,2078,103.93,1974,2021,11
2021-11-07,YYC-DT,ONLINE,26,909,45.45,863,2021,11
2021-11-07,YYC-NW,IN_STORE,40,1501,75.06,1426,2021,11
2021-11-07,YYC-NW,ONLINE,17,617,30.85,586,2021,11
2021-11-07,YYC-SE,IN_STORE,47,1245,62.3,1183,2021,11
2021-11-07,YYC-SE,ONLINE,16,526,26.32,500,2021,11
2021-11-08,YYC-DT,IN_STORE,71,1932,96.62,1835,2021,11
2021-11-08,YYC-DT,ONLINE,22,826,41.33,785,2021,11
2021-11-08,YYC-NW,IN_STORE,58,1551,77.57,1473,2021,11
2021-11-08,YYC-NW,ONLINE,23,612,30.64,582,2021,11
2021-11-08,YYC-SE,IN_STORE,44,1332,66.64,1266,2021,11
2021-11-08,YYC-SE,ONLINE,15,531,26.59,505,2021,11
2021-11-09,YYC-DT,IN_STORE,54,2044,102.21,1941,2021,11
2021-11-09,YYC-DT,ONLINE,22,928,46.43,882,2021,11
2021-11-09,YYC-NW,IN_STORE,53,1435,71.79,1363,2021,11
2021-11-09,YYC-NW,ONLINE,18,595,29.78,565,2021,11
2021-11-09,YYC-SE,IN_STORE,34,1179,58.99,1120,2021,11
2021-11-09,YYC-SE,ONLINE,18,495,24.77,470,2021,11
2021-11-10,YYC-DT,IN_STORE,49,1992,99.6,1892,2021,11
2021-11-10,YYC-DT,ONLINE,20,839,41.97,797,2021,11
2021-11-10,YYC-NW,IN_STORE,51,1353,67.68,1285,2021,11
2021-11-10,YYC-NW,ONLINE,21,540,27.04,513,2021,11
2021-11-10,YYC-SE,IN_STORE,31,1153,57.66,1095,2021,11
2021-11-10,YYC-SE,ONLINE,14,505,25.27,480,2021,11
2021-11-11,YYC-DT,IN_STORE,72,2118,105.92,2012,2021,11
2021-11-11,YYC-DT,ONLINE,28,780,39.02,741,2021,11
2021-11-11,YYC-NW,IN_STORE,38,1467,73.38,1394,2021,11
2021-11-11,YYC-NW,ONLINE,16,660,33.04,627,2021,11
2021-11-11,YYC-SE,IN_STORE,32,1318,65.91,1252,2021,11
2021-11-11,YYC-SE,ONLINE,14,520,26.05,494,2021,11
2021-11-12,YYC-DT,IN_STORE,79,2100,105.03,1995,2021,11
2021-11-12,YYC-DT,ONLINE,23,852,42.64,810,2021,11
2021-11-12,YYC-NW,IN_STORE,36,1368,68.42,1300,2021,11
2021-11-12,YYC-NW,ONLINE,19,646,32.34,614,2021,11
2021-11-12,YYC-SE,IN_STORE,30,1257,62.86,1194,2021,11
2021-11-12,YYC-SE,ONLINE,13,569,28.47,540,2021,11
2021-11-13,YYC-DT,IN_STORE,49,2112,105.62,2006,2021,11
2021-11-13,YYC-DT,ONLINE,21,919,45.99,873,2021,11
2021-11-13,YYC-NW,IN_STORE,41,1378,68.94,1309,2021,11
2021-11-13,YYC-NW,ONLINE,20,553,27.66,525,2021,11
2021-11-13,YYC-SE,IN_STORE,30,1251,62.58,1188,2021,11
2021-11-13,YYC-SE,ONLINE,15,495,24.78,470,2021,11
2021-11-14,YYC-DT,IN_STORE,79,2388,119.41,2268,2021,11
2021-11-14,YYC-DT,ONLINE,34,1025,51.29,974,2021,11
2021-11-14,YYC-NW,IN_STORE,42,1695,84.78,1610,2021,11
2021-11-14,YYC-NW,ONLINE,18,713,35.67,677,2021,11
2021-11-14,YYC-SE,IN_STORE,35,1465,73.27,1392,2021,11
2021-11-14,YYC-SE,ONLINE,15,571,28.56,542,2021,11
2021-11-15,YYC-DT,IN_STORE,51,2149,107.46,2041,2021,11
2021-11-15,YYC-DT,ONLINE,36,922,46.13,876,2021,11
2021-11-15,YYC-NW,IN_STORE,55,1525,76.26,1448,2021,11
2021-11-15,YYC-NW,ONLINE,18,708,35.43,673,2021,11
2021-11-15,YYC-SE,IN_STORE,38,1171,58.58,1113,2021,11
2021-11-15,YYC-SE,ONLINE,13,503,25.17,478,2021,11
2021-11-16,YYC-DT,IN_STORE,48,1913,95.7,1818,2021,11
2021-11-16,YYC-DT,ONLINE,23,886,44.34,842,2021,11
2021-11-16,YYC-NW,IN_STORE,47,1305,65.27,1240,2021,11
2021-11-16,YYC-NW,ONLINE,15,626,31.33,595,2021,11
2021-11-16,YYC-SE,IN_STORE,30,1179,59.0,1120,2021,11
2021-11-16,YYC-SE,ONLINE,14,494,24.74,470,2021,11
2021-11-17,YYC-DT,IN_STORE,53,2047,102.38,1945,2021,11
2021-11-17,YYC-DT,ONLINE,23,851,42.57,808,2021,11
2021-11-17,YYC-NW,IN_STORE,48,1460,73.03,1387,2021,11
2021-11-17,YYC-NW,ONLINE,25,617,30.86,586,2021,11
2021-11-17,YYC-SE,IN_STORE,50,1198,59.93,1138,2021,11
2021-11-17,YYC-SE,ONLINE,19,495,24.78,470,2021,11
2021-11-18,YYC-DT,IN_STORE,52,1922,96.14,1826,2021,11
2021-11-18,YYC-DT,ONLINE,35,927,46.36,880,2021,11
2021-11-18,YYC-NW,IN_STORE,60,1445,72.26,1372,2021,11
2021-11-18,YYC-NW,ONLINE,15,645,32.25,612,2021,11
2021-11-18,YYC-SE,IN_STORE,33,1224,61.23,1163,2021,11
2021-11-18,YYC-SE,ONLINE,21,514,25.71,488,2021,11
2021-11-19,YYC-DT,IN_STORE,69,1961,98.09,1863,2021,11
2021-11-19,YYC-DT,ONLINE,24,841,42.08,799,2021,11
2021-11-19,YYC-NW,IN_STORE,47,1383,69.19,1314,2021,11
2021-11-19,YYC-NW,ONLINE,19,636,31.83,604,2021,11
2021-11-19,YYC-SE,IN_STORE,44,1236,61.81,1174,2021,11
2021-11-19,YYC-SE,ONLINE,14,547,27.38,520,2021,11
2021-11-20,YYC-DT,IN_STORE,57,2066,103.35,1963,2021,11
2021-11-20,YYC-DT,ONLINE,34,874,43.73,830,2021,11
2021-11-20,YYC-NW,IN_STORE,41,1533,76.68,1457,2021,11
2021-11-20,YYC-NW,ONLINE,21,622,31.13,591,2021,11
2021-11-20,YYC-SE,IN_STORE,42,1277,63.87,1213,2021,11
2021-11-20,YYC-SE,ONLINE,14,518,25.92,492,2021,11
2021-11-21,YYC-DT,IN_STORE,51,2096,104.82,1991,2021,11
2021-11-21,YYC-DT,ONLINE,22,937,46.87,890,2021,11
2021-11-21,YYC-NW,IN_STORE,51,1506,75.3,1430,2021,11
2021-11-21,YYC-NW,ONLINE,26,679,34.0,645,2021,11
2021-11-21,YYC-SE,IN_STORE,30,1332,66.64,1266,2021,11
2021-11-21,YYC-SE,ONLINE,17,549,27.46,521,2021,11
2021-11-22,YYC-DT,IN_STORE,55,1958,97.92,1860,2021,11
2021-11-22,YYC-DT,ONLINE,24,884,44.2,839,2021,11
2021-11-22,YYC-NW,IN_STORE,52,1398,69.93,1328,2021,11
2021-11-22,YYC-NW,ONLINE,22,617,30.89,586,2021,11
2021-11-22,YYC-SE,IN_STORE,33,1106,55.32,1050,2021,11
2021-11-22,YYC-SE,ONLINE,13,516,25.84,491,2021,11
2021-11-23,YYC-DT,IN_STORE,59,2122,106.13,2016,2021,11
2021-11-23,YYC-DT,ONLINE,23,859,42.96,816,2021,11
2021-11-23,YYC-NW,IN_STORE,39,1472,73.62,1398,2021,11
2021-11-23,YYC-NW,ONLINE,23,619,30.96,588,2021,11
2021-11-23,YYC-SE,IN_STORE,39,1238,61.93,1176,2021,11
2021-11-23,YYC-SE,ONLINE,15,553,27.66,525,2021,11
2021-11-24,YYC-DT,IN_STORE,64,2132,106.6,2025,2021,11
2021-11-24,YYC-DT,ONLINE,23,822,41.13,781,2021,11
2021-11-24,YYC-NW,IN_STORE,37,1423,71.19,1352,2021,11
2021-11-24,YYC-NW,ONLINE,19,662,33.14,629,2021,11
2021-11-24,YYC-SE,IN_STORE,35,1257,62.88,1194,2021,11
2021-11-24,YYC-SE,ONLINE,13,507,25.36,481,2021,11
2021-11-25,YYC-DT,IN_STORE,76,1959,98.0,1861,2021,11
2021-11-25,YYC-DT,ONLINE,27,765,38.27,727,2021,11
2021-11-25,YYC-NW,IN_STORE,37,1436,71.84,1364,2021,11
2021-11-25,YYC-NW,ONLINE,16,596,29.83,566,2021,11
2021-11-25,YYC-SE,IN_STORE,33,1141,57.09,1084,2021,11
2021-11-25,YYC-SE,ONLINE,12,488,24.41,463,2021,11
2021-11-26,YYC-DT,IN_STORE,54,1998,99.91,1898,2021,11
2021-11-26,YYC-DT,ONLINE,22,857,42.88,814,2021,11
2021-11-26,YYC-NW,IN_STORE,44,1459,72.98,1386,2021,11
2021-11-26,YYC-NW,ONLINE,18,621,31.09,590,2021,11
2021-11-26,YYC-SE,IN_STORE,44,1236,61.85,1175,2021,11
2021-11-26,YYC-SE,ONLINE,13,497,24.89,472,2021,11
2021-11-27,YYC-DT,IN_STORE,45,1996,99.84,1896,2021,11
2021-11-27,YYC-DT,ONLINE,27,817,40.88,776,2021,11
2021-11-27,YYC-NW,IN_STORE,50,1317,65.87,1251,2021,11
2021-11-27,YYC-NW,ONLINE,15,572,28.64,544,2021,11
2021-11-27,YYC-SE,IN_STORE,30,1087,54.39,1033,2021,11
2021-11-27,YYC-SE,ONLINE,15,479,23.95,455,2021,11
2021-11-28,YYC-DT,IN_STORE,62,2188,109.41,2078,2021,11
2021-11-28,YYC-DT,ONLINE,24,1070,53.51,1016,2021,11
2021-11-28,YYC-NW,IN_STORE,68,1615,80.76,1534,2021,11
2021-11-28,YYC-NW,ONLINE,28,682,34.14,648,2021,11
2021-11-28,YYC-SE,IN_STORE,37,1305,65.27,1240,2021,11
2021-11-28,YYC-SE,ONLINE,24,617,30.9,587,2021,11
2021-11-29,YYC-DT,IN_STORE,54,1763,88.16,1674,2021,11
2021-11-29,YYC-DT,ONLINE,21,844,42.24,802,2021,11
2021-11-29,YYC-NW,IN_STORE,32,1371,68.57,1302,2021,11
2021-11-29,YYC-NW,ONLINE,16,555,27.76,527,2021,11
2021-11-29,YYC-SE,IN_STORE,31,1145,57.26,1087,2021,11
2021-11-29,YYC-SE,ONLINE,11,391,19.57,371,2021,11
2021-11-30,YYC-DT,IN_STORE,68,1951,97.6,1854,2021,11
2021-11-30,YYC-DT,ONLINE,21,839,41.98,797,2021,11
2021-11-30,YYC-NW,IN_STORE,35,1329,66.46,1262,2021,11
2021-11-30,YYC-NW,ONLINE,24,611,30.56,580,2021,11
2021-11-30,YYC-SE,IN_STORE,47,1220,61.03,1159,2021,11
2021-11-30,YYC-SE,ONLINE,12,462,23.15,439,2021,11
2021-12-01,YYC-DT,IN_STORE,70,2364,118.25,2246,2021,12
2021-12-01,YYC-DT,ONLINE,35,887,44.35,842,2021,12
2021-12-01,YYC-NW,IN_STORE,61,1535,76.78,1458,2021,12
2021-12-01,YYC-NW,ONLINE,22,666,33.32,633,2021,12
2021-12-01,YYC-SE,IN_STORE,44,1333,66.66,1266,2021,12
2021-12-01,YYC-SE,ONLINE,22,543,27.18,516,2021,12
2021-12-02,YYC-DT,IN_STORE,55,2048,102.44,1946,2021,12
2021-12-02,YYC-DT,ONLINE,28,914,45.73,868,2021,12
2021-12-02,YYC-NW,IN_STORE,55,1628,81.44,1547,2021,12
2021-12-02,YYC-NW,ONLINE,16,741,37.08,704,2021,12
2021-12-02,YYC-SE,IN_STORE,52,1349,67.48,1282,2021,12
2021-12-02,YYC-SE,ONLINE,13,544,27.24,517,2021,12
2021-12-03,YYC-DT,IN_STORE,70,2500,125.0,2375,2021,12
2021-12-03,YYC-DT,ONLINE,26,989,49.47,939,2021,12
2021-12-03,YYC-NW,IN_STORE,45,1761,88.08,1673,2021,12
2021-12-03,YYC-NW,ONLINE,18,732,36.65,696,2021,12
2021-12-03,YYC-SE,IN_STORE,43,1507,75.37,1432,2021,12
2021-12-03,YYC-SE,ONLINE,20,586,29.34,557,2021,12
2021-12-04,YYC-DT,IN_STORE,101,2503,125.2,2378,2021,12
2021-12-04,YYC-DT,ONLINE,31,946,47.31,898,2021,12
2021-12-04,YYC-NW,IN_STORE,52,1797,89.87,1707,2021,12
2021-12-04,YYC-NW,ONLINE,21,770,38.51,731,2021,12
2021-12-04,YYC-SE,IN_STORE,51,1486,74.34,1412,2021,12
2021-12-04,YYC-SE,ONLINE,15,583,29.18,554,2021,12
2021-12-05,YYC-DT,IN_STORE,103,2487,124.37,2363,2021,12
2021-12-05,YYC-DT,ONLINE,36,1065,53.26,1011,2021,12
2021-12-05,YYC-NW,IN_STORE,61,1770,88.53,1682,2021,12
2021-12-05,YYC-NW,ONLINE,21,791,39.6,752,2021,12
2021-12-05,YYC-SE,IN_STORE,44,1614,80.72,1533,2021,12
2021-12-05,YYC-SE,ONLINE,21,600,30.03,570,2021,12
2021-12-06,YYC-DT,IN_STORE,74,2263,113.19,2150,2021,12
2021-12-06,YYC-DT,ONLINE,27,963,48.19,915,2021,12
2021-12-06,YYC-NW,IN_STORE,39,1572,78.63,1493,2021,12
2021-12-06,YYC-NW,ONLINE,25,702,35.13,667,2021,12
2021-12-06,YYC-SE,IN_STORE,51,1415,70.79,1345,2021,12
2021-12-06,YYC-SE,ONLINE,16,605,30.26,575,2021,12
2021-12-07,YYC-DT,IN_STORE,81,2465,123.3,2342,2021,12
2021-12-07,YYC-DT,ONLINE,27,1001,50.05,951,2021,12
2021-12-07,YYC-NW,IN_STORE,53,1664,83.24,1581,2021,12
2021-12-07,YYC-NW,ONLINE,20,678,33.91,644,2021,12
2021-12-07,YYC-SE,IN_STORE,43,1411,70.59,1341,2021,12
2021-12-07,YYC-SE,ONLINE,18,696,34.84,662,2021,12
2021-12-08,YYC-DT,IN_STORE,92,2314,115.72,2198,2021,12
2021-12-08,YYC-DT,ONLINE,31,949,47.48,902,2021,12
2021-12-08,YYC-NW,IN_STORE,47,1551,77.58,1474,2021,12
2021-12-08,YYC-NW,ONLINE,24,762,38.11,724,2021,12
2021-12-08,YYC-SE,IN_STORE,49,1437,71.87,1365,2021,12
2021-12-08,YYC-SE,ONLINE,19,634,31.74,603,2021,12
2021-12-09,YYC-DT,IN_STORE,53,2144,107.23,2037,2021,12
2021-12-09,YYC-DT,ONLINE,23,874,43.71,830,2021,12
2021-12-09,YYC-NW,IN_STORE,53,1574,78.73,1495,2021,12
2021-12-09,YYC-NW,ONLINE,21,637,31.9,606,2021,12
2021-12-09,YYC-SE,IN_STORE,38,1236,61.84,1174,2021,12
2021-12-09,YYC-SE,ONLINE,16,551,27.59,524,2021,12
2021-12-10,YYC-DT,IN_STORE,64,2484,124.2,2359,2021,12
2021-12-10,YYC-DT,ONLINE,28,1155,57.76,1097,2021,12
2021-12-10,YYC-NW,IN_STORE,50,1805,90.3,1715,2021,12
2021-12-10,YYC-NW,ONLINE,25,767,38.36,728,2021,12
2021-12-10,YYC-SE,IN_STORE,35,1463,73.17,1390,2021,12
2021-12-10,YYC-SE,ONLINE,21,604,30.23,574,2021,12
2021-12-11,YYC-DT,IN_STORE,99,2330,116.53,2214,2021,12
2021-12-11,YYC-DT,ONLINE,37,1061,53.09,1008,2021,12
2021-12-11,YYC-NW,IN_STORE,57,1746,87.3,1658,2021,12
2021-12-11,YYC-NW,ONLINE,19,756,37.8,718,2021,12
2021-12-11,YYC-SE,IN_STORE,37,1547,77.37,1469,2021,12
2021-12-11,YYC-SE,ONLINE,23,630,31.53,599,2021,12
2021-12-12,YYC-DT,IN_STORE,87,2193,109.69,2084,2021,12
2021-12-12,YYC-DT,ONLINE,39,990,49.53,941,2021,12
2021-12-12,YYC-NW,IN_STORE,51,1634,81.74,1552,2021,12
2021-12-12,YYC-NW,ONLINE,27,651,32.56,618,2021,12
2021-12-12,YYC-SE,IN_STORE,50,1397,69.89,1327,2021,12
2021-12-12,YYC-SE,ONLINE,18,623,31.15,591,2021,12
2021-12-13,YYC-DT,IN_STORE,79,2294,114.7,2179,2021,12
2021-12-13,YYC-DT,ONLINE,33,992,49.63,942,2021,12
2021-12-13,YYC-NW,IN_STORE,53,1640,82.03,1558,2021,12
2021-12-13,YYC-NW,ONLINE,22,653,32.65,620,2021,12
2021-12-13,YYC-SE,IN_STORE,36,1331,66.6,1265,2021,12
2021-12-13,YYC-SE,ONLINE,16,561,28.06,533,2021,12
2021-12-14,YYC-DT,IN_STORE,90,2556,127.8,2428,2021,12
2021-12-14,YYC-DT,ONLINE,31,1054,52.74,1002,2021,12
2021-12-14,YYC-NW,IN_STORE,47,1774,88.72,1685,2021,12
2021-12-14,YYC-NW,ONLINE,27,690,34.52,655,2021,12
2021-12-14,YYC-SE,IN_STORE,47,1550,77.52,1472,2021,12
2021-12-14,YYC-SE,ONLINE,20,676,33.84,642,2021,12
2021-12-15,YYC-DT,IN_STORE,70,2423,121.2,2302,2021,12
2021-12-15,YYC-DT,ONLINE,34,1076,53.81,1022,2021,12
2021-12-15,YYC-NW,IN_STORE,60,1582,79.1,1502,2021,12
2021-12-15,YYC-NW,ONLINE,25,770,38.54,732,2021,12
2021-12-15,YYC-SE,IN_STORE,36,1516,75.84,1440,2021,12
2021-12-15,YYC-SE,ONLINE,16,661,33.08,628,2021,12
2021-12-16,YYC-DT,IN_STORE,60,2251,112.59,2139,2021,12
2021-12-16,YYC-DT,ONLINE,37,921,46.07,875,2021,12
2021-12-16,YYC-NW,IN_STORE,66,1571,78.56,1492,2021,12
2021-12-16,YYC-NW,ONLINE,28,698,34.91,663,2021,12
2021-12-16,YYC-SE,IN_STORE,34,1436,71.84,1364,2021,12
2021-12-16,YYC-SE,ONLINE,17,594,29.73,564,2021,12
2021-12-17,YYC-DT,IN_STORE,65,2393,119.68,2273,2021,12
2021-12-17,YYC-DT,ONLINE,34,1034,51.73,982,2021,12
2021-12-17,YYC-NW,IN_STORE,40,1674,83.71,1590,2021,12
2021-12-17,YYC-NW,ONLINE,25,704,35.25,669,2021,12
2021-12-17,YYC-SE,IN_STORE,42,1432,71.64,1361,2021,12
2021-12-17,YYC-SE,ONLINE,17,577,28.87,548,2021,12
2021-12-18,YYC-DT,IN_STORE,79,2388,119.44,2269,2021,12
2021-12-18,YYC-DT,ONLINE,28,1055,52.8,1003,2021,12
2021-12-18,YYC-NW,IN_STORE,57,1786,89.33,1697,2021,12
2021-12-18,YYC-NW,ONLINE,24,751,37.56,713,2021,12
2021-12-18,YYC-SE,IN_STORE,37,1489,74.48,1415,2021,12
2021-12-18,YYC-SE,ONLINE,19,588,29.44,559,2021,12
2021-12-19,YYC-DT,IN_STORE,100,2743,137.19,2606,2021,12
2021-12-19,YYC-DT,ONLINE,43,1260,63.02,1197,2021,12
2021-12-19,YYC-NW,IN_STORE,69,2018,100.94,1917,2021,12
2021-12-19,YYC-NW,ONLINE,20,806,40.34,766,2021,12
2021-12-19,YYC-SE,IN_STORE,48,1715,85.76,1629,2021,12
2021-12-19,YYC-SE,ONLINE,29,704,35.22,669,2021,12
2021-12-20,YYC-DT,IN_STORE,59,2225,111.26,2113,2021,12
2021-12-20,YYC-DT,ONLINE,33,1037,51.87,985,2021,12
2021-12-20,YYC-NW,IN_STORE,56,1654,82.74,1571,2021,12
2021-12-20,YYC-NW,ONLINE,26,716,35.83,680,2021,12
2021-12-20,YYC-SE,IN_STORE,56,1417,70.86,1346,2021,12
2021-12-20,YYC-SE,ONLINE,20,550,27.5,522,2021,12
2021-12-21,YYC-DT,IN_STORE,67,2435,121.77,2313,2021,12
2021-12-21,YYC-DT,ONLINE,30,1018,50.93,967,2021,12
2021-12-21,YYC-NW,IN_STORE,46,1784,89.23,1695,2021,12
2021-12-21,YYC-NW,ONLINE,18,769,38.47,730,2021,12
2021-12-21,YYC-SE,IN_STORE,54,1279,63.96,1215,2021,12
2021-12-21,YYC-SE,ONLINE,15,605,30.29,575,2021,12
2021-12-22,YYC-DT,IN_STORE,76,2412,120.64,2292,2021,12
2021-12-22,YYC-DT,ONLINE,35,1046,52.3,993,2021,12
2021-12-22,YYC-NW,IN_STORE,47,1750,87.52,1662,2021,12
2021-12-22,YYC-NW,ONLINE,29,763,38.16,725,2021,12
2021-12-22,YYC-SE,IN_STORE,59,1460,73.03,1387,2021,12
2021-12-22,YYC-SE,ONLINE,15,644,32.25,612,2021,12
2021-12-23,YYC-DT,IN_STORE,91,2341,117.07,2224,2021,12
2021-12-23,YYC-DT,ONLINE,29,971,48.56,922,2021,12
2021-12-23,YYC-NW,IN_STORE,50,1617,80.89,1536,2021,12
2021-12-23,YYC-NW,ONLINE,19,738,36.94,701,2021,12
2021-12-23,YYC-SE,IN_STORE,44,1409,70.48,1339,2021,12
2021-12-23,YYC-SE,ONLINE,18,519,25.96,493,2021,12
2021-12-24,YYC-DT,IN_STORE,61,2283,114.19,2169,2021,12
2021-12-24,YYC-DT,ONLINE,29,976,48.8,927,2021,12
2021-12-24,YYC-NW,IN_STORE,40,1557,77.89,1479,2021,12
2021-12-24,YYC-NW,ONLINE,25,696,34.8,661,2021,12
2021-12-24,YYC-SE,IN_STORE,34,1428,71.4,1356,2021,12
2021-12-24,YYC-SE,ONLINE,19,558,27.92,530,2021,12
2021-12-25,YYC-DT,IN_STORE,82,2536,126.81,2409,2021,12
2021-12-25,YYC-DT,ONLINE,26,1098,54.94,1043,2021,12
2021-12-25,YYC-NW,IN_STORE,58,1746,87.32,1659,2021,12
2021-12-25,YYC-NW,ONLINE,23,778,38.94,739,2021,12
2021-12-25,YYC-SE,IN_STORE,60,1523,76.16,1447,2021,12
2021-12-25,YYC-SE,ONLINE,15,623,31.17,592,2021,12
2021-12-26,YYC-DT,IN_STORE,83,2512,125.6,2386,2021,12
2021-12-26,YYC-DT,ONLINE,43,1103,55.2,1048,2021,12
2021-12-26,YYC-NW,IN_STORE,65,1706,85.34,1621,2021,12
2021-12-26,YYC-NW,ONLINE,31,837,41.88,795,2021,12
2021-12-26,YYC-SE,IN_STORE,41,1558,77.93,1480,2021,12
2021-12-26,YYC-SE,ONLINE,17,649,32.49,617,2021,12
2021-12-27,YYC-DT,IN_STORE,72,2167,108.39,2059,2021,12
2021-12-27,YYC-DT,ONLINE,25,992,49.62,942,2021,12
2021-12-27,YYC-NW,IN_STORE,43,1691,84.57,1606,2021,12
2021-12-27,YYC-NW,ONLINE,20,736,36.82,699,2021,12
2021-12-27,YYC-SE,IN_STORE,44,1442,72.15,1370,2021,12
2021-12-27,YYC-SE,ONLINE,20,603,30.17,573,2021,12
2021-12-28,YYC-DT,IN_STORE,68,2412,120.62,2291,2021,12
2021-12-28,YYC-DT,ONLINE,32,1036,51.81,984,2021,12
2021-12-28,YYC-NW,IN_STORE,69,1779,88.96,1690,2021,12
2021-12-28,YYC-NW,ONLINE,25,755,37.8,718,2021,12
2021-12-28,YYC-SE,IN_STORE,43,1464,73.21,1390,2021,12
2021-12-28,YYC-SE,ONLINE,24,635,31.77,603,2021,12
2021-12-29,YYC-DT,IN_STORE,74,2249,112.47,2136,2021,12
2021-12-29,YYC-DT,ONLINE,33,946,47.35,899,2021,12
2021-12-29,YYC-NW,IN_STORE,47,1526,76.31,1449,2021,12
2021-12-29,YYC-NW,ONLINE,17,689,34.47,654,2021,12
2021-12-29,YYC-SE,IN_STORE,38,1446,72.33,1374,2021,12
2021-12-29,YYC-SE,ONLINE,19,633,31.69,602,2021,12
2021-12-30,YYC-DT,IN_STORE,59,2470,123.51,2346,2021,12
2021-12-30,YYC-DT,ONLINE,26,1024,51.23,973,2021,12
2021-12-30,YYC-NW,IN_STORE,49,1704,85.21,1619,2021,12
2021-12-30,YYC-NW,ONLINE,22,765,38.28,727,2021,12
2021-12-30,YYC-SE,IN_STORE,44,1486,74.31,1411,2021,12
2021-12-30,YYC-SE,ONLINE,20,566,28.32,537,2021,12
2021-12-31,YYC-DT,IN_STORE,66,2408,120.41,2287,2021,12
2021-12-31,YYC-DT,ONLINE,31,943,47.15,895,2021,12
2021-12-31,YYC-NW,IN_STORE,40,1581,79.09,1502,2021,12
2021-12-31,YYC-NW,ONLINE,21,708,35.44,673,2021,12
2021-12-31,YYC-SE,IN_STORE,54,1324,66.23,1258,2021,12
2021-12-31,YYC-SE,ONLINE,14,524,26.24,498,2021,12
2022-01-01,YYC-DT,IN_STORE,62,1696,84.81,1611,2022,1
2022-01-01,YYC-DT,ONLINE,16,471,23.59,448,2022,1
2022-01-01,YYC-NW,IN_STORE,30,1211,60.57,1150,2022,1
2022-01-01,YYC-NW,ONLINE,9,315,15.75,299,2022,1
2022-01-01,YYC-SE,IN_STORE,45,1096,54.84,1041,2022,1
2022-01-01,YYC-SE,ONLINE,10,256,12.83,243,2022,1
2022-01-02,YYC-DT,IN_STORE,56,1573,78.66,1494,2022,1
2022-01-02,YYC-DT,ONLINE,17,444,22.23,422,2022,1
2022-01-02,YYC-NW,IN_STORE,38,1189,59.47,1129,2022,1
2022-01-02,YYC-NW,ONLINE,10,290,14.52,275,2022,1
2022-01-02,YYC-SE,IN_STORE,28,976,48.82,927,2022,1
2022-01-02,YYC-SE,ONLINE,10,234,11.74,223,2022,1
2022-01-03,YYC-DT,IN_STORE,50,1671,83.58,1588,2022,1
2022-01-03,YYC-DT,ONLINE,17,462,23.1,438,2022,1
2022-01-03,YYC-NW,IN_STORE,30,1256,62.82,1193,2022,1
2022-01-03,YYC-NW,ONLINE,10,307,15.37,291,2022,1
2022-01-03,YYC-SE,IN_STORE,39,950,47.51,902,2022,1
2022-01-03,YYC-SE,ONLINE,9,298,14.91,283,2022,1
2022-01-04,YYC-DT,IN_STORE,46,1658,82.92,1575,2022,1
2022-01-04,YYC-DT,ONLINE,13,473,23.69,450,2022,1
2022-01-04,YYC-NW,IN_STORE,36,1224,61.21,1163,2022,1
2022-01-04,YYC-NW,ONLINE,10,326,16.33,310,2022,1
2022-01-04,YYC-SE,IN_STORE,29,997,49.89,947,2022,1
2022-01-04,YYC-SE,ONLINE,11,250,12.53,238,2022,1
2022-01-05,YYC-DT,IN_STORE,64,1691,84.57,1606,2022,1
2022-01-05,YYC-DT,ONLINE,14,469,23.45,445,2022,1
2022-01-05,YYC-NW,IN_STORE,45,1176,58.81,1117,2022,1
2022-01-05,YYC-NW,ONLINE,11,288,14.43,274,2022,1
2022-01-05,YYC-SE,IN_STORE,32,1000,50.05,950,2022,1
2022-01-05,YYC-SE,ONLINE,7,298,14.93,283,2022,1
2022-01-06,YYC-DT,IN_STORE,52,1389,69.47,1319,2022,1
2022-01-06,YYC-DT,ONLINE,12,368,18.44,350,2022,1
2022-01-06,YYC-NW,IN_STORE,24,1024,51.23,973,2022,1
2022-01-06,YYC-NW,ONLINE,8,259,12.97,246,2022,1
2022-01-06,YYC-SE,IN_STORE,21,870,43.5,826,2022,1
2022-01-06,YYC-SE,ONLINE,9,187,9.36,177,2022,1
2022-01-07,YYC-DT,IN_STORE,45,1759,87.98,1671,2022,1
2022-01-07,YYC-DT,ONLINE,14,526,26.35,500,2022,1
2022-01-07,YYC-NW,IN_STORE,33,1282,64.14,1218,2022,1
2022-01-07,YYC-NW,ONLINE,8,285,14.27,271,2022,1
2022-01-07,YYC-SE,IN_STORE,32,1168,58.42,1109,2022,1
2022-01-07,YYC-SE,ONLINE,8,283,14.19,269,2022,1
2022-01-08,YYC-DT,IN_STORE,54,1875,93.79,1782,2022,1
2022-01-08,YYC-DT,ONLINE,13,453,22.7,431,2022,1
2022-01-08,YYC-NW,IN_STORE,40,1232,61.6,1170,2022,1
2022-01-08,YYC-NW,ONLINE,12,325,16.26,308,2022,1
2022-01-08,YYC-SE,IN_STORE,30,1040,52.0,988,2022,1
2022-01-08,YYC-SE,ONLINE,11,290,14.52,275,2022,1
2022-01-09,YYC-DT,IN_STORE,52,1881,94.06,1787,2022,1
2022-01-09,YYC-DT,ONLINE,14,514,25.74,489,2022,1
2022-01-09,YYC-NW,IN_STORE,44,1401,70.06,1331,2022,1
2022-01-09,YYC-NW,ONLINE,9,294,14.71,279,2022,1
2022-01-09,YYC-SE,IN_STORE,27,1127,56.37,1071,2022,1
2022-01-09,YYC-SE,ONLINE,8,326,16.32,310,2022,1
2022-01-10,YYC-DT,IN_STORE,38,1604,80.22,1524,2022,1
2022-01-10,YYC-DT,ONLINE,11,449,22.49,427,2022,1
2022-01-10,YYC-NW,IN_STORE,30,1074,53.75,1021,2022,1
2022-01-10,YYC-NW,ONLINE,9,242,12.13,230,2022,1
2022-01-10,YYC-SE,IN_STORE,22,917,45.85,871,2022,1
2022-01-10,YYC-SE,ONLINE,8,255,12.78,242,2022,1
2022-01-11,YYC-DT,IN_STORE,55,1750,87.5,1662,2022,1
2022-01-11,YYC-DT,ONLINE,13,492,24.63,467,2022,1
2022-01-11,YYC-NW,IN_STORE,37,1203,60.2,1143,2022,1
2022-01-11,YYC-NW,ONLINE,8,281,14.06,267,2022,1
2022-01-11,YYC-SE,IN_STORE,33,991,49.58,942,2022,1
2022-01-11,YYC-SE,ONLINE,11,265,13.26,251,2022,1
2022-01-12,YYC-DT,IN_STORE,38,1579,78.99,1500,2022,1
2022-01-12,YYC-DT,ONLINE,11,466,23.3,442,2022,1
2022-01-12,YYC-NW,IN_STORE,26,1063,53.19,1010,2022,1
2022-01-12,YYC-NW,ONLINE,11,250,12.53,237,2022,1
2022-01-12,YYC-SE,IN_STORE,31,893,44.67,848,2022,1
2022-01-12,YYC-SE,ONLINE,8,296,14.81,281,2022,1
2022-01-13,YYC-DT,IN_STORE,44,1600,80.04,1520,2022,1
2022-01-13,YYC-DT,ONLINE,11,487,24.39,463,2022,1
2022-01-13,YYC-NW,IN_STORE,37,1127,56.37,1071,2022,1
2022-01-13,YYC-NW,ONLINE,8,324,16.24,308,2022,1
2022-01-13,YYC-SE,IN_STORE,29,1017,50.87,966,2022,1
2022-01-13,YYC-SE,ONLINE,10,257,12.86,244,2022,1
2022-01-14,YYC-DT,IN_STORE,53,1696,84.84,1611,2022,1
2022-01-14,YYC-DT,ONLINE,16,428,21.41,406,2022,1
2022-01-14,YYC-NW,IN_STORE,36,1246,62.31,1183,2022,1
2022-01-14,YYC-NW,ONLINE,14,292,14.62,277,2022,1
2022-01-14,YYC-SE,IN_STORE,27,1125,56.29,1069,2022,1
2022-01-14,YYC-SE,ONLINE,8,279,14.0,265,2022,1
2022-01-15,YYC-DT,IN_STORE,52,1723,86.17,1637,2022,1
2022-01-15,YYC-DT,ONLINE,16,486,24.3,461,2022,1
2022-01-15,YYC-NW,IN_STORE,31,1157,57.86,1099,2022,1
2022-01-15,YYC-NW,ONLINE,8,363,18.16,345,2022,1
2022-01-15,YYC-SE,IN_STORE,27,1036,51.84,985,2022,1
2022-01-15,YYC-SE,ONLINE,7,238,11.94,226,2022,1
2022-01-16,YYC-DT,IN_STORE,44,1827,91.39,1736,2022,1
2022-01-16,YYC-DT,ONLINE,14,489,24.49,465,2022,1
2022-01-16,YYC-NW,IN_STORE,37,1313,65.68,1248,2022,1
2022-01-16,YYC-NW,ONLINE,9,341,17.09,324,2022,1
2022-01-16,YYC-SE,IN_STORE,26,1122,56.11,1066,2022,1
2022-01-16,YYC-SE,ONLINE,9,257,12.9,245,2022,1
2022-01-17,YYC-DT,IN_STORE,49,1705,85.28,1620,2022,1
2022-01-17,YYC-DT,ONLINE,15,468,23.43,445,2022,1
2022-01-17,YYC-NW,IN_STORE,34,1248,62.42,1186,2022,1
2022-01-17,YYC-NW,ONLINE,8,337,16.85,320,2022,1
2022-01-17,YYC-SE,IN_STORE,30,1020,51.05,969,2022,1
2022-01-17,YYC-SE,ONLINE,9,286,14.33,272,2022,1
2022-01-18,YYC-DT,IN_STORE,53,1624,81.21,1542,2022,1
2022-01-18,YYC-DT,ONLINE,11,404,20.21,383,2022,1
2022-01-18,YYC-NW,IN_STORE,29,1165,58.29,1107,2022,1
2022-01-18,YYC-NW,ONLINE,10,329,16.5,313,2022,1
2022-01-18,YYC-SE,IN_STORE,30,974,48.71,925,2022,1
2022-01-18,YYC-SE,ONLINE,10,264,13.24,251,2022,1
2022-01-19,YYC-DT,IN_STORE,40,1608,80.45,1528,2022,1
2022-01-19,YYC-DT,ONLINE,17,459,22.99,436,2022,1
2022-01-19,YYC-NW,IN_STORE,29,1113,55.69,1058,2022,1
2022-01-19,YYC-NW,ONLINE,9,335,16.8,319,2022,1
2022-01-19,YYC-SE,IN_STORE,24,1007,50.35,956,2022,1
2022-01-19,YYC-SE,ONLINE,10,311,15.58,296,2022,1
2022-01-20,YYC-DT,IN_STORE,42,1610,80.53,1530,2022,1
2022-01-20,YYC-DT,ONLINE,14,434,21.72,412,2022,1
2022-01-20,YYC-NW,IN_STORE,30,1298,64.91,1233,2022,1
2022-01-20,YYC-NW,ONLINE,8,319,15.96,303,2022,1
2022-01-20,YYC-SE,IN_STORE,26,1053,52.65,1000,2022,1
2022-01-20,YYC-SE,ONLINE,6,230,11.52,218,2022,1
2022-01-21,YYC-DT,IN_STORE,70,1814,90.71,1723,2022,1
2022-01-21,YYC-DT,ONLINE,16,467,23.38,444,2022,1
2022-01-21,YYC-NW,IN_STORE,48,1275,63.78,1211,2022,1
2022-01-21,YYC-NW,ONLINE,9,304,15.2,288,2022,1
2022-01-21,YYC-SE,IN_STORE,36,1093,54.67,1038,2022,1
2022-01-21,YYC-SE,ONLINE,8,329,16.48,313,2022,1
2022-01-22,YYC-DT,IN_STORE,59,1772,88.64,1684,2022,1
2022-01-22,YYC-DT,ONLINE,13,564,28.25,536,2022,1
2022-01-22,YYC-NW,IN_STORE,31,1217,60.89,1156,2022,1
2022-01-22,YYC-NW,ONLINE,10,352,17.62,334,2022,1
2022-01-22,YYC-SE,IN_STORE,39,1085,54.29,1031,2022,1
2022-01-22,YYC-SE,ONLINE,12,302,15.14,287,2022,1
2022-01-23,YYC-DT,IN_STORE,58,1850,92.55,1758,2022,1
2022-01-23,YYC-DT,ONLINE,12,533,26.66,506,2022,1
2022-01-23,YYC-NW,IN_STORE,30,1224,61.24,1163,2022,1
2022-01-23,YYC-NW,ONLINE,8,262,13.14,249,2022,1
2022-01-23,YYC-SE,IN_STORE,32,1009,50.47,958,2022,1
2022-01-23,YYC-SE,ONLINE,10,286,14.31,271,2022,1
2022-01-24,YYC-DT,IN_STORE,55,1646,82.33,1564,2022,1
2022-01-24,YYC-DT,ONLINE,13,441,22.07,419,2022,1
2022-01-24,YYC-NW,IN_STORE,43,1208,60.4,1147,2022,1
2022-01-24,YYC-NW,ONLINE,8,320,16.01,304,2022,1
2022-01-24,YYC-SE,IN_STORE,27,1045,52.25,992,2022,1
2022-01-24,YYC-SE,ONLINE,7,280,14.03,266,2022,1
2022-01-25,YYC-DT,IN_STORE,67,1581,79.08,1502,2022,1
2022-01-25,YYC-DT,ONLINE,15,487,24.36,462,2022,1
2022-01-25,YYC-NW,IN_STORE,50,1192,59.62,1132,2022,1
2022-01-25,YYC-NW,ONLINE,9,314,15.73,298,2022,1
2022-01-25,YYC-SE,IN_STORE,25,995,49.75,945,2022,1
2022-01-25,YYC-SE,ONLINE,8,301,15.07,286,2022,1
2022-01-26,YYC-DT,IN_STORE,58,1650,82.55,1568,2022,1
2022-01-26,YYC-DT,ONLINE,12,443,22.19,421,2022,1
2022-01-26,YYC-NW,IN_STORE,41,1236,61.82,1174,2022,1
2022-01-26,YYC-NW,ONLINE,9,391,19.56,371,2022,1
2022-01-26,YYC-SE,IN_STORE,35,1002,50.15,952,2022,1
2022-01-26,YYC-SE,ONLINE,9,289,14.48,275,2022,1
2022-01-27,YYC-DT,IN_STORE,62,1668,83.41,1584,2022,1
2022-01-27,YYC-DT,ONLINE,18,399,20.0,379,2022,1
2022-01-27,YYC-NW,IN_STORE,29,1262,63.12,1199,2022,1
2022-01-27,YYC-NW,ONLINE,11,325,16.26,308,2022,1
2022-01-27,YYC-SE,IN_STORE,36,1020,51.01,969,2022,1
2022-01-27,YYC-SE,ONLINE,9,303,15.16,287,2022,1
2022-01-28,YYC-DT,IN_STORE,38,1492,74.65,1418,2022,1
2022-01-28,YYC-DT,ONLINE,16,379,18.98,360,2022,1
2022-01-28,YYC-NW,IN_STORE,31,1017,50.89,967,2022,1
2022-01-28,YYC-NW,ONLINE,10,356,17.8,338,2022,1
2022-01-28,YYC-SE,IN_STORE,22,880,44.03,836,2022,1
2022-01-28,YYC-SE,ONLINE,6,246,12.31,233,2022,1
2022-01-29,YYC-DT,IN_STORE,48,1901,95.09,1806,2022,1
2022-01-29,YYC-DT,ONLINE,13,504,25.22,479,2022,1
2022-01-29,YYC-NW,IN_STORE,40,1344,67.2,1276,2022,1
2022-01-29,YYC-NW,ONLINE,9,375,18.79,356,2022,1
2022-01-29,YYC-SE,IN_STORE,36,1135,56.76,1078,2022,1
2022-01-29,YYC-SE,ONLINE,10,330,16.52,313,2022,1
2022-01-30,YYC-DT,IN_STORE,62,1600,80.03,1520,2022,1
2022-01-30,YYC-DT,ONLINE,11,445,22.29,423,2022,1
2022-01-30,YYC-NW,IN_STORE,34,1211,60.59,1151,2022,1
2022-01-30,YYC-NW,ONLINE,8,326,16.33,310,2022,1
2022-01-30,YYC-SE,IN_STORE,36,980,49.03,931,2022,1
2022-01-30,YYC-SE,ONLINE,9,302,15.11,287,2022,1
2022-01-31,YYC-DT,IN_STORE,50,1636,81.8,1554,2022,1
2022-01-31,YYC-DT,ONLINE,18,497,24.85,472,2022,1
2022-01-31,YYC-NW,IN_STORE,49,1140,57.02,1083,2022,1
2022-01-31,YYC-NW,ONLINE,11,394,19.7,374,2022,1
2022-01-31,YYC-SE,IN_STORE,32,881,44.06,837,2022,1
2022-01-31,YYC-SE,ONLINE,11,247,12.38,235,2022,1
2022-02-01,YYC-DT,IN_STORE,45,1703,85.16,1618,2022,2
2022-02-01,YYC-DT,ONLINE,12,450,22.54,428,2022,2
2022-02-01,YYC-NW,IN_STORE,29,1257,62.9,1195,2022,2
2022-02-01,YYC-NW,ONLINE,10,334,16.7,317,2022,2
2022-02-01,YYC-SE,IN_STORE,25,1044,52.24,992,2022,2
2022-02-01,YYC-SE,ONLINE,7,213,10.68,202,2022,2
2022-02-02,YYC-DT,IN_STORE,45,1730,86.53,1644,2022,2
2022-02-02,YYC-DT,ONLINE,17,452,22.63,429,2022,2
2022-02-02,YYC-NW,IN_STORE,31,1297,64.89,1232,2022,2
2022-02-02,YYC-NW,ONLINE,11,341,17.06,324,2022,2
2022-02-02,YYC-SE,IN_STORE,37,1083,54.18,1029,2022,2
2022-02-02,YYC-SE,ONLINE,9,311,15.6,296,2022,2
2022-02-03,YYC-DT,IN_STORE,53,1840,92.03,1748,2022,2
2022-02-03,YYC-DT,ONLINE,12,502,25.1,476,2022,2
2022-02-03,YYC-NW,IN_STORE,32,1253,62.67,1190,2022,2
2022-02-03,YYC-NW,ONLINE,10,329,16.46,312,2022,2
2022-02-03,YYC-SE,IN_STORE,31,1056,52.84,1003,2022,2
2022-02-03,YYC-SE,ONLINE,7,304,15.22,289,2022,2
2022-02-04,YYC-DT,IN_STORE,61,1783,89.18,1694,2022,2
2022-02-04,YYC-DT,ONLINE,17,460,23.02,437,2022,2
2022-02-04,YYC-NW,IN_STORE,51,1268,63.4,1204,2022,2
2022-02-04,YYC-NW,ONLINE,9,320,16.0,304,2022,2
2022-02-04,YYC-SE,IN_STORE,30,1110,55.53,1054,2022,2
2022-02-04,YYC-SE,ONLINE,8,293,14.7,279,2022,2
2022-02-05,YYC-DT,IN_STORE,73,1987,99.39,1888,2022,2
2022-02-05,YYC-DT,ONLINE,17,536,26.84,510,2022,2
2022-02-05,YYC-NW,IN_STORE,48,1499,74.97,1424,2022,2
2022-02-05,YYC-NW,ONLINE,10,399,19.95,379,2022,2
2022-02-05,YYC-SE,IN_STORE,29,1251,62.58,1189,2022,2
2022-02-05,YYC-SE,ONLINE,10,367,18.38,349,2022,2
2022-02-06,YYC-DT,IN_STORE,64,2113,105.65,2007,2022,2
2022-02-06,YYC-DT,ONLINE,18,586,29.3,556,2022,2
2022-02-06,YYC-NW,IN_STORE,46,1499,74.97,1424,2022,2
2022-02-06,YYC-NW,ONLINE,12,377,18.87,358,2022,2
2022-02-06,YYC-SE,IN_STORE,47,1292,64.61,1227,2022,2
2022-02-06,YYC-SE,ONLINE,10,405,20.3,385,2022,2
2022-02-07,YYC-DT,IN_STORE,49,1864,93.22,1771,2022,2
2022-02-07,YYC-DT,ONLINE,20,482,24.14,458,2022,2
2022-02-07,YYC-NW,IN_STORE,36,1310,65.53,1245,2022,2
2022-02-07,YYC-NW,ONLINE,11,343,17.19,326,2022,2
2022-02-07,YYC-SE,IN_STORE,28,1005,50.3,955,2022,2
2022-02-07,YYC-SE,ONLINE,8,344,17.21,326,2022,2
2022-02-08,YYC-DT,IN_STORE,45,1757,87.85,1669,2022,2
2022-02-08,YYC-DT,ONLINE,12,509,25.47,483,2022,2
2022-02-08,YYC-NW,IN_STORE,35,1219,60.98,1158,2022,2
2022-02-08,YYC-NW,ONLINE,11,353,17.7,336,2022,2
2022-02-08,YYC-SE,IN_STORE,27,1099,55.0,1044,2022,2
2022-02-08,YYC-SE,ONLINE,8,279,14.0,265,2022,2
2022-02-09,YYC-DT,IN_STORE,45,1946,97.31,1848,2022,2
2022-02-09,YYC-DT,ONLINE,14,498,24.93,473,2022,2
2022-02-09,YYC-NW,IN_STORE,33,1395,69.78,1325,2022,2
2022-02-09,YYC-NW,ONLINE,10,325,16.26,308,2022,2
2022-02-09,YYC-SE,IN_STORE,28,1060,53.04,1007,2022,2
2022-02-09,YYC-SE,ONLINE,10,327,16.37,310,2022,2
2022-02-10,YYC-DT,IN_STORE,63,1897,94.87,1802,2022,2
2022-02-10,YYC-DT,ONLINE,19,515,25.77,489,2022,2
2022-02-10,YYC-NW,IN_STORE,52,1312,65.63,1246,2022,2
2022-02-10,YYC-NW,ONLINE,15,455,22.8,433,2022,2
2022-02-10,YYC-SE,IN_STORE,42,1184,59.24,1125,2022,2
2022-02-10,YYC-SE,ONLINE,10,341,17.06,324,2022,2
2022-02-11,YYC-DT,IN_STORE,61,1682,84.13,1598,2022,2
2022-02-11,YYC-DT,ONLINE,13,540,27.0,513,2022,2
2022-02-11,YYC-NW,IN_STORE,38,1077,53.88,1023,2022,2
2022-02-11,YYC-NW,ONLINE,8,297,14.89,282,2022,2
2022-02-11,YYC-SE,IN_STORE,29,1000,50.02,950,2022,2
2022-02-11,YYC-SE,ONLINE,9,274,13.74,261,2022,2
2022-02-12,YYC-DT,IN_STORE,72,2030,101.5,1928,2022,2
2022-02-12,YYC-DT,ONLINE,14,502,25.11,477,2022,2
2022-02-12,YYC-NW,IN_STORE,57,1452,72.61,1379,2022,2
2022-02-12,YYC-NW,ONLINE,16,397,19.86,377,2022,2
2022-02-12,YYC-SE,IN_STORE,36,1236,61.84,1174,2022,2
2022-02-12,YYC-SE,ONLINE,11,353,17.66,335,2022,2
2022-02-13,YYC-DT,IN_STORE,55,2026,101.31,1924,2022,2
2022-02-13,YYC-DT,ONLINE,19,555,27.75,527,2022,2
2022-02-13,YYC-NW,IN_STORE,51,1545,77.29,1468,2022,2
2022-02-13,YYC-NW,ONLINE,15,466,23.3,442,2022,2
2022-02-13,YYC-SE,IN_STORE,30,1227,61.36,1165,2022,2
2022-02-13,YYC-SE,ONLINE,9,300,15.03,285,2022,2
2022-02-14,YYC-DT,IN_STORE,43,1853,92.69,1761,2022,2
2022-02-14,YYC-DT,ONLINE,13,447,22.38,425,2022,2
2022-02-14,YYC-NW,IN_STORE,37,1254,62.7,1191,2022,2
2022-02-14,YYC-NW,ONLINE,9,292,14.62,277,2022,2
2022-02-14,YYC-SE,IN_STORE,29,1065,53.25,1011,2022,2
2022-02-14,YYC-SE,ONLINE,11,253,12.7,241,2022,2
2022-02-15,YYC-DT,IN_STORE,74,1911,95.6,1816,2022,2
2022-02-15,YYC-DT,ONLINE,14,512,25.64,487,2022,2
2022-02-15,YYC-NW,IN_STORE,40,1468,73.4,1394,2022,2
2022-02-15,YYC-NW,ONLINE,13,379,18.96,360,2022,2
2022-02-15,YYC-SE,IN_STORE,27,1125,56.28,1069,2022,2
2022-02-15,YYC-SE,ONLINE,10,268,13.43,255,2022,2
2022-02-16,YYC-DT,IN_STORE,64,1755,87.77,1667,2022,2
2022-02-16,YYC-DT,ONLINE,12,481,24.06,457,2022,2
2022-02-16,YYC-NW,IN_STORE,34,1240,62.02,1178,2022,2
2022-02-16,YYC-NW,ONLINE,8,338,16.93,321,2022,2
2022-02-16,YYC-SE,IN_STORE,26,958,47.94,910,2022,2
2022-02-16,YYC-SE,ONLINE,12,286,14.32,272,2022,2
2022-02-17,YYC-DT,IN_STORE,45,1825,91.3,1734,2022,2
2022-02-17,YYC-DT,ONLINE,17,515,25.78,489,2022,2
2022-02-17,YYC-NW,IN_STORE,50,1231,61.56,1169,2022,2
2022-02-17,YYC-NW,ONLINE,11,354,17.74,337,2022,2
2022-02-17,YYC-SE,IN_STORE,40,1153,57.67,1095,2022,2
2022-02-17,YYC-SE,ONLINE,10,304,15.22,289,2022,2
2022-02-18,YYC-DT,IN_STORE,45,1709,85.49,1624,2022,2
2022-02-18,YYC-DT,ONLINE,14,530,26.52,503,2022,2
2022-02-18,YYC-NW,IN_STORE,34,1171,58.58,1113,2022,2
2022-02-18,YYC-NW,ONLINE,13,313,15.66,297,2022,2
2022-02-18,YYC-SE,IN_STORE,28,1045,52.29,993,2022,2
2022-02-18,YYC-SE,ONLINE,10,341,17.08,324,2022,2
2022-02-19,YYC-DT,IN_STORE,67,1876,93.8,1782,2022,2
2022-02-19,YYC-DT,ONLINE,15,532,26.65,506,2022,2
2022-02-19,YYC-NW,IN_STORE,39,1296,64.81,1231,2022,2
2022-02-19,YYC-NW,ONLINE,12,413,20.66,392,2022,2
2022-02-19,YYC-SE,IN_STORE,35,1176,58.83,1117,2022,2
2022-02-19,YYC-SE,ONLINE,12,320,16.01,304,2022,2
2022-02-20,YYC-DT,IN_STORE,58,1937,96.87,1840,2022,2
2022-02-20,YYC-DT,ONLINE,18,579,28.95,550,2022,2
2022-02-20,YYC-NW,IN_STORE,50,1370,68.53,1302,2022,2
2022-02-20,YYC-NW,ONLINE,11,358,17.91,340,2022,2
2022-02-20,YYC-SE,IN_STORE,37,1139,56.99,1082,2022,2
2022-02-20,YYC-SE,ONLINE,8,287,14.36,272,2022,2
2022-02-21,YYC-DT,IN_STORE,58,1662,83.1,1578,2022,2
2022-02-21,YYC-DT,ONLINE,17,433,21.68,411,2022,2
2022-02-21,YYC-NW,IN_STORE,45,1110,55.52,1054,2022,2
2022-02-21,YYC-NW,ONLINE,8,345,17.25,327,2022,2
2022-02-21,YYC-SE,IN_STORE,29,1040,52.03,988,2022,2
2022-02-21,YYC-SE,ONLINE,8,232,11.61,220,2022,2
2022-02-22,YYC-DT,IN_STORE,48,2001,100.06,1901,2022,2
2022-02-22,YYC-DT,ONLINE,19,525,26.28,499,2022,2
2022-02-22,YYC-NW,IN_STORE,54,1327,66.36,1260,2022,2
2022-02-22,YYC-NW,ONLINE,10,349,17.47,332,2022,2
2022-02-22,YYC-SE,IN_STORE,35,1195,59.79,1136,2022,2
2022-02-22,YYC-SE,ONLINE,11,337,16.87,320,2022,2
2022-02-23,YYC-DT,IN_STORE,67,1724,86.23,1638,2022,2
2022-02-23,YYC-DT,ONLINE,12,492,24.63,467,2022,2
2022-02-23,YYC-NW,IN_STORE,37,1276,63.85,1213,2022,2
2022-02-23,YYC-NW,ONLINE,12,330,16.53,314,2022,2
2022-02-23,YYC-SE,IN_STORE,26,1015,50.79,964,2022,2
2022-02-23,YYC-SE,ONLINE,8,220,11.03,209,2022,2
2022-02-24,YYC-DT,IN_STORE,43,1636,81.82,1554,2022,2
2022-02-24,YYC-DT,ONLINE,15,546,27.34,519,2022,2
2022-02-24,YYC-NW,IN_STORE,35,1272,63.63,1208,2022,2
2022-02-24,YYC-NW,ONLINE,12,312,15.64,297,2022,2
2022-02-24,YYC-SE,IN_STORE,25,1029,51.46,977,2022,2
2022-02-24,YYC-SE,ONLINE,10,274,13.72,260,2022,2
2022-02-25,YYC-DT,IN_STORE,53,1514,75.71,1438,2022,2
2022-02-25,YYC-DT,ONLINE,18,432,21.61,410,2022,2
2022-02-25,YYC-NW,IN_STORE,29,1087,54.35,1032,2022,2
2022-02-25,YYC-NW,ONLINE,11,327,16.37,311,2022,2
2022-02-25,YYC-SE,IN_STORE,23,983,49.17,934,2022,2
2022-02-25,YYC-SE,ONLINE,8,307,15.36,291,2022,2
2022-02-26,YYC-DT,IN_STORE,76,1888,94.44,1794,2022,2
2022-02-26,YYC-DT,ONLINE,15,524,26.24,498,2022,2
2022-02-26,YYC-NW,IN_STORE,49,1358,67.91,1290,2022,2
2022-02-26,YYC-NW,ONLINE,12,330,16.54,314,2022,2
2022-02-26,YYC-SE,IN_STORE,43,1131,56.58,1074,2022,2
2022-02-26,YYC-SE,ONLINE,12,323,16.17,307,2022,2
2022-02-27,YYC-DT,IN_STORE,69,1811,90.59,1721,2022,2
2022-02-27,YYC-DT,ONLINE,14,527,26.38,501,2022,2
2022-02-27,YYC-NW,IN_STORE,43,1294,64.74,1230,2022,2
2022-02-27,YYC-NW,ONLINE,9,356,17.82,338,2022,2
2022-02-27,YYC-SE,IN_STORE,36,1143,57.19,1086,2022,2
2022-02-27,YYC-SE,ONLINE,10,323,16.2,307,2022,2
2022-02-28,YYC-DT,IN_STORE,74,2038,101.91,1936,2022,2
2022-02-28,YYC-DT,ONLINE,19,539,27.0,512,2022,2
2022-02-28,YYC-NW,IN_STORE,38,1371,68.56,1302,2022,2
2022-02-28,YYC-NW,ONLINE,11,329,16.5,313,2022,2
2022-02-28,YYC-SE,IN_STORE,47,1111,55.59,1056,2022,2
2022-02-28,YYC-SE,ONLINE,10,320,16.04,304,2022,2
2022-03-01,YYC-DT,IN_STORE,77,2030,101.54,1929,2022,3
2022-03-01,YYC-DT,ONLINE,13,515,25.8,490,2022,3
2022-03-01,YYC-NW,IN_STORE,37,1448,72.43,1376,2022,3
2022-03-01,YYC-NW,ONLINE,15,430,21.54,409,2022,3
2022-03-01,YYC-SE,IN_STORE,32,1245,62.28,1183,2022,3
2022-03-01,YYC-SE,ONLINE,9,376,18.82,357,2022,3
2022-03-02,YYC-DT,IN_STORE,50,1906,95.34,1811,2022,3
2022-03-02,YYC-DT,ONLINE,17,564,28.2,535,2022,3
2022-03-02,YYC-NW,IN_STORE,52,1309,65.46,1243,2022,3
2022-03-02,YYC-NW,ONLINE,13,398,19.94,378,2022,3
2022-03-02,YYC-SE,IN_STORE,29,1153,57.7,1096,2022,3
2022-03-02,YYC-SE,ONLINE,7,231,11.57,219,2022,3
2022-03-03,YYC-DT,IN_STORE,66,2044,102.25,1942,2022,3
2022-03-03,YYC-DT,ONLINE,15,582,29.13,553,2022,3
2022-03-03,YYC-NW,IN_STORE,58,1501,75.05,1426,2022,3
2022-03-03,YYC-NW,ONLINE,11,422,21.11,401,2022,3
2022-03-03,YYC-SE,IN_STORE,32,1185,59.28,1126,2022,3
2022-03-03,YYC-SE,ONLINE,9,346,17.34,329,2022,3
2022-03-04,YYC-DT,IN_STORE,74,2034,101.71,1932,2022,3
2022-03-04,YYC-DT,ONLINE,19,557,27.88,529,2022,3
2022-03-04,YYC-NW,IN_STORE,52,1456,72.81,1383,2022,3
2022-03-04,YYC-NW,ONLINE,12,423,21.16,401,2022,3
2022-03-04,YYC-SE,IN_STORE,31,1285,64.26,1220,2022,3
2022-03-04,YYC-SE,ONLINE,8,313,15.67,297,2022,3
2022-03-05,YYC-DT,IN_STORE,72,1960,98.01,1862,2022,3
2022-03-05,YYC-DT,ONLINE,14,612,30.64,582,2022,3
2022-03-05,YYC-NW,IN_STORE,56,1496,74.81,1421,2022,3
2022-03-05,YYC-NW,ONLINE,16,404,20.21,384,2022,3
2022-03-05,YYC-SE,IN_STORE,38,1216,60.83,1155,2022,3
2022-03-05,YYC-SE,ONLINE,8,343,17.15,325,2022,3
2022-03-06,YYC-DT,IN_STORE,45,1757,87.9,1670,2022,3
2022-03-06,YYC-DT,ONLINE,12,507,25.37,482,2022,3
2022-03-06,YYC-NW,IN_STORE,34,1324,66.23,1258,2022,3
2022-03-06,YYC-NW,ONLINE,10,408,20.43,388,2022,3
2022-03-06,YYC-SE,IN_STORE,29,1138,56.92,1081,2022,3
2022-03-06,YYC-SE,ONLINE,7,248,12.42,236,2022,3
2022-03-07,YYC-DT,IN_STORE,68,2264,113.25,2151,2022,3
2022-03-07,YYC-DT,ONLINE,14,574,28.73,545,2022,3
2022-03-07,YYC-NW,IN_STORE,58,1572,78.63,1493,2022,3
2022-03-07,YYC-NW,ONLINE,14,428,21.42,407,2022,3
2022-03-07,YYC-SE,IN_STORE,35,1278,63.91,1214,2022,3
2022-03-07,YYC-SE,ONLINE,15,341,17.09,324,2022,3
2022-03-08,YYC-DT,IN_STORE,45,1837,91.89,1745,2022,3
2022-03-08,YYC-DT,ONLINE,12,467,23.35,443,2022,3
2022-03-08,YYC-NW,IN_STORE,33,1289,64.5,1225,2022,3
2022-03-08,YYC-NW,ONLINE,12,372,18.63,353,2022,3
2022-03-08,YYC-SE,IN_STORE,38,1092,54.62,1037,2022,3
2022-03-08,YYC-SE,ONLINE,10,282,14.11,267,2022,3
2022-03-09,YYC-DT,IN_STORE,49,1768,88.44,1680,2022,3
2022-03-09,YYC-DT,ONLINE,14,485,24.27,461,2022,3
2022-03-09,YYC-NW,IN_STORE,34,1373,68.67,1304,2022,3
2022-03-09,YYC-NW,ONLINE,10,405,20.3,385,2022,3
2022-03-09,YYC-SE,IN_STORE,27,1003,50.17,953,2022,3
2022-03-09,YYC-SE,ONLINE,8,322,16.12,306,2022,3
2022-03-10,YYC-DT,IN_STORE,59,1868,93.41,1774,2022,3
2022-03-10,YYC-DT,ONLINE,14,537,26.88,510,2022,3
2022-03-10,YYC-NW,IN_STORE,38,1437,71.9,1366,2022,3
2022-03-10,YYC-NW,ONLINE,10,375,18.79,356,2022,3
2022-03-10,YYC-SE,IN_STORE,38,1232,61.64,1171,2022,3
2022-03-10,YYC-SE,ONLINE,10,324,16.22,308,2022,3
2022-03-11,YYC-DT,IN_STORE,54,2195,109.79,2086,2022,3
2022-03-11,YYC-DT,ONLINE,15,566,28.32,537,2022,3
2022-03-11,YYC-NW,IN_STORE,51,1552,77.65,1475,2022,3
2022-03-11,YYC-NW,ONLINE,10,353,17.67,335,2022,3
2022-03-11,YYC-SE,IN_STORE,38,1266,63.32,1203,2022,3
2022-03-11,YYC-SE,ONLINE,12,322,16.12,306,2022,3
2022-03-12,YYC-DT,IN_STORE,75,2340,117.0,2223,2022,3
2022-03-12,YYC-DT,ONLINE,20,658,32.92,625,2022,3
2022-03-12,YYC-NW,IN_STORE,60,1549,77.48,1472,2022,3
2022-03-12,YYC-NW,ONLINE,13,458,22.93,435,2022,3
2022-03-12,YYC-SE,IN_STORE,38,1371,68.58,1303,2022,3
2022-03-12,YYC-SE,ONLINE,10,383,19.17,364,2022,3
2022-03-13,YYC-DT,IN_STORE,62,2090,104.54,1986,2022,3
2022-03-13,YYC-DT,ONLINE,21,597,29.87,567,2022,3
2022-03-13,YYC-NW,IN_STORE,45,1572,78.62,1493,2022,3
2022-03-13,YYC-NW,ONLINE,11,449,22.45,426,2022,3
2022-03-13,YYC-SE,IN_STORE,36,1320,66.05,1254,2022,3
2022-03-13,YYC-SE,ONLINE,14,391,19.55,371,2022,3
2022-03-14,YYC-DT,IN_STORE,63,2089,104.49,1985,2022,3
2022-03-14,YYC-DT,ONLINE,14,555,27.8,528,2022,3
2022-03-14,YYC-NW,IN_STORE,57,1395,69.76,1325,2022,3
2022-03-14,YYC-NW,ONLINE,15,385,19.26,365,2022,3
2022-03-14,YYC-SE,IN_STORE,36,1134,56.74,1078,2022,3
2022-03-14,YYC-SE,ONLINE,11,332,16.63,315,2022,3
2022-03-15,YYC-DT,IN_STORE,62,2010,100.53,1910,2022,3
2022-03-15,YYC-DT,ONLINE,17,593,29.66,563,2022,3
2022-03-15,YYC-NW,IN_STORE,34,1387,69.35,1317,2022,3
2022-03-15,YYC-NW,ONLINE,13,368,18.43,350,2022,3
2022-03-15,YYC-SE,IN_STORE,50,1165,58.3,1107,2022,3
2022-03-15,YYC-SE,ONLINE,11,274,13.72,260,2022,3
2022-03-16,YYC-DT,IN_STORE,58,2084,104.21,1980,2022,3
2022-03-16,YYC-DT,ONLINE,22,526,26.3,499,2022,3
2022-03-16,YYC-NW,IN_STORE,55,1441,72.06,1369,2022,3
2022-03-16,YYC-NW,ONLINE,14,411,20.6,391,2022,3
2022-03-16,YYC-SE,IN_STORE,46,1162,58.13,1104,2022,3
2022-03-16,YYC-SE,ONLINE,9,382,19.12,363,2022,3
2022-03-17,YYC-DT,IN_STORE,77,2008,100.43,1908,2022,3
2022-03-17,YYC-DT,ONLINE,17,524,26.23,498,2022,3
2022-03-17,YYC-NW,IN_STORE,39,1482,74.14,1408,2022,3
2022-03-17,YYC-NW,ONLINE,10,394,19.73,374,2022,3
2022-03-17,YYC-SE,IN_STORE,35,1157,57.88,1099,2022,3
2022-03-17,YYC-SE,ONLINE,8,313,15.67,297,2022,3
2022-03-18,YYC-DT,IN_STORE,66,1976,98.83,1877,2022,3
2022-03-18,YYC-DT,ONLINE,16,472,23.64,449,2022,3
2022-03-18,YYC-NW,IN_STORE,33,1407,70.37,1337,2022,3
2022-03-18,YYC-NW,ONLINE,10,373,18.68,354,2022,3
2022-03-18,YYC-SE,IN_STORE,35,1183,59.2,1124,2022,3
2022-03-18,YYC-SE,ONLINE,12,321,16.06,305,2022,3
2022-03-19,YYC-DT,IN_STORE,65,2033,101.66,1931,2022,3
2022-03-19,YYC-DT,ONLINE,14,527,26.39,501,2022,3
2022-03-19,YYC-NW,IN_STORE,45,1441,72.09,1369,2022,3
2022-03-19,YYC-NW,ONLINE,11,406,20.33,386,2022,3
2022-03-19,YYC-SE,IN_STORE,35,1220,61.03,1159,2022,3
2022-03-19,YYC-SE,ONLINE,12,348,17.45,331,2022,3
2022-03-20,YYC-DT,IN_STORE,74,1945,97.25,1847,2022,3
2022-03-20,YYC-DT,ONLINE,14,483,24.2,459,2022,3
2022-03-20,YYC-NW,IN_STORE,46,1405,70.25,1334,2022,3
2022-03-20,YYC-NW,ONLINE,11,387,19.39,368,2022,3
2022-03-20,YYC-SE,IN_STORE,43,1208,60.41,1147,2022,3
2022-03-20,YYC-SE,ONLINE,8,311,15.6,296,2022,3
2022-03-21,YYC-DT,IN_STORE,47,1831,91.59,1740,2022,3
2022-03-21,YYC-DT,ONLINE,21,527,26.38,501,2022,3
2022-03-21,YYC-NW,IN_STORE,47,1362,68.13,1294,2022,3
2022-03-21,YYC-NW,ONLINE,12,320,16.05,304,2022,3
2022-03-21,YYC-SE,IN_STORE,44,1139,56.96,1082,2022,3
2022-03-21,YYC-SE,ONLINE,11,325,16.25,308,2022,3
2022-03-22,YYC-DT,IN_STORE,59,1718,85.94,1632,2022,3
2022-03-22,YYC-DT,ONLINE,14,514,25.73,488,2022,3
2022-03-22,YYC-NW,IN_STORE,42,1346,67.35,1279,2022,3
2022-03-22,YYC-NW,ONLINE,8,334,16.74,318,2022,3
2022-03-22,YYC-SE,IN_STORE,32,1132,56.64,1076,2022,3
2022-03-22,YYC-SE,ONLINE,7,306,15.34,291,2022,3
2022-03-23,YYC-DT,IN_STORE,51,1885,94.27,1791,2022,3
2022-03-23,YYC-DT,ONLINE,16,491,24.55,466,2022,3
2022-03-23,YYC-NW,IN_STORE,41,1398,69.9,1328,2022,3
2022-03-23,YYC-NW,ONLINE,11,340,17.0,323,2022,3
2022-03-23,YYC-SE,IN_STORE,40,1155,57.79,1097,2022,3
2022-03-23,YYC-SE,ONLINE,9,301,15.09,286,2022,3
2022-03-24,YYC-DT,IN_STORE,57,1788,89.4,1698,2022,3
2022-03-24,YYC-DT,ONLINE,16,497,24.9,473,2022,3
2022-03-24,YYC-NW,IN_STORE,33,1259,62.97,1196,2022,3
2022-03-24,YYC-NW,ONLINE,14,356,17.81,338,2022,3
2022-03-24,YYC-SE,IN_STORE,29,1084,54.24,1030,2022,3
2022-03-24,YYC-SE,ONLINE,8,302,15.11,287,2022,3
2022-03-25,YYC-DT,IN_STORE,50,1809,90.49,1719,2022,3
2022-03-25,YYC-DT,ONLINE,14,529,26.48,503,2022,3
2022-03-25,YYC-NW,IN_STORE,38,1235,61.78,1173,2022,3
2022-03-25,YYC-NW,ONLINE,13,389,19.48,370,2022,3
2022-03-25,YYC-SE,IN_STORE,44,1071,53.59,1018,2022,3
2022-03-25,YYC-SE,ONLINE,10,334,16.71,317,2022,3
2022-03-26,YYC-DT,IN_STORE,61,2189,109.45,2079,2022,3
2022-03-26,YYC-DT,ONLINE,15,585,29.27,556,2022,3
2022-03-26,YYC-NW,IN_STORE,54,1465,73.27,1392,2022,3
2022-03-26,YYC-NW,ONLINE,11,403,20.19,383,2022,3
2022-03-26,YYC-SE,IN_STORE,44,1234,61.72,1172,2022,3
2022-03-26,YYC-SE,ONLINE,12,378,18.93,359,2022,3
2022-03-27,YYC-DT,IN_STORE,64,2137,106.88,2030,2022,3
2022-03-27,YYC-DT,ONLINE,19,657,32.87,624,2022,3
2022-03-27,YYC-NW,IN_STORE,46,1602,80.13,1522,2022,3
2022-03-27,YYC-NW,ONLINE,11,507,25.37,482,2022,3
2022-03-27,YYC-SE,IN_STORE,32,1258,62.91,1195,2022,3
2022-03-27,YYC-SE,ONLINE,10,343,17.17,326,2022,3
2022-03-28,YYC-DT,IN_STORE,81,2002,100.15,1902,2022,3
2022-03-28,YYC-DT,ONLINE,13,534,26.7,507,2022,3
2022-03-28,YYC-NW,IN_STORE,37,1430,71.52,1358,2022,3
2022-03-28,YYC-NW,ONLINE,10,359,17.96,341,2022,3
2022-03-28,YYC-SE,IN_STORE,35,1257,62.87,1194,2022,3
2022-03-28,YYC-SE,ONLINE,8,364,18.24,346,2022,3
2022-03-29,YYC-DT,IN_STORE,44,1799,89.97,1709,2022,3
2022-03-29,YYC-DT,ONLINE,18,502,25.14,477,2022,3
2022-03-29,YYC-NW,IN_STORE,43,1231,61.55,1169,2022,3
2022-03-29,YYC-NW,ONLINE,9,346,17.31,328,2022,3
2022-03-29,YYC-SE,IN_STORE,39,1050,52.55,998,2022,3
2022-03-29,YYC-SE,ONLINE,7,301,15.09,286,2022,3
2022-03-30,YYC-DT,IN_STORE,59,1814,90.73,1723,2022,3
2022-03-30,YYC-DT,ONLINE,13,544,27.21,516,2022,3
2022-03-30,YYC-NW,IN_STORE,42,1225,61.26,1164,2022,3
2022-03-30,YYC-NW,ONLINE,9,312,15.6,296,2022,3
2022-03-30,YYC-SE,IN_STORE,45,1038,51.93,986,2022,3
2022-03-30,YYC-SE,ONLINE,8,267,13.37,254,2022,3
2022-03-31,YYC-DT,IN_STORE,64,1947,97.35,1849,2022,3
2022-03-31,YYC-DT,ONLINE,16,540,27.03,513,2022,3
2022-03-31,YYC-NW,IN_STORE,34,1489,74.49,1415,2022,3
2022-03-31,YYC-NW,ONLINE,12,414,20.7,393,2022,3
2022-03-31,YYC-SE,IN_STORE,38,1312,65.61,1246,2022,3
2022-03-31,YYC-SE,ONLINE,8,324,16.22,308,2022,3
2022-04-01,YYC-DT,IN_STORE,67,1870,93.53,1777,2022,4
2022-04-01,YYC-DT,ONLINE,14,465,23.28,442,2022,4
2022-04-01,YYC-NW,IN_STORE,53,1476,73.83,1402,2022,4
2022-04-01,YYC-NW,ONLINE,10,355,17.79,337,2022,4
2022-04-01,YYC-SE,IN_STORE,44,1165,58.27,1107,2022,4
2022-04-01,YYC-SE,ONLINE,10,302,15.12,287,2022,4
2022-04-02,YYC-DT,IN_STORE,58,2100,105.02,1995,2022,4
2022-04-02,YYC-DT,ONLINE,16,642,32.15,610,2022,4
2022-04-02,YYC-NW,IN_STORE,49,1648,82.45,1566,2022,4
2022-04-02,YYC-NW,ONLINE,13,424,21.21,403,2022,4
2022-04-02,YYC-SE,IN_STORE,42,1320,66.0,1254,2022,4
2022-04-02,YYC-SE,ONLINE,9,364,18.23,346,2022,4
2022-04-03,YYC-DT,IN_STORE,87,2305,115.26,2189,2022,4
2022-04-03,YYC-DT,ONLINE,23,657,32.87,624,2022,4
2022-04-03,YYC-NW,IN_STORE,54,1706,85.31,1620,2022,4
2022-04-03,YYC-NW,ONLINE,11,409,20.45,388,2022,4
2022-04-03,YYC-SE,IN_STORE,36,1390,69.5,1320,2022,4
2022-04-03,YYC-SE,ONLINE,15,360,18.01,342,2022,4
2022-04-04,YYC-DT,IN_STORE,65,1907,95.36,1811,2022,4
2022-04-04,YYC-DT,ONLINE,13,477,23.87,453,2022,4
2022-04-04,YYC-NW,IN_STORE,33,1417,70.88,1346,2022,4
2022-04-04,YYC-NW,ONLINE,9,299,14.99,284,2022,4
2022-04-04,YYC-SE,IN_STORE,44,1216,60.82,1155,2022,4
2022-04-04,YYC-SE,ONLINE,11,343,17.19,326,2022,4
2022-04-05,YYC-DT,IN_STORE,70,2007,100.37,1906,2022,4
2022-04-05,YYC-DT,ONLINE,20,588,29.42,559,2022,4
2022-04-05,YYC-NW,IN_STORE,46,1423,71.16,1352,2022,4
2022-04-05,YYC-NW,ONLINE,12,335,16.8,319,2022,4
2022-04-05,YYC-SE,IN_STORE,36,1244,62.22,1182,2022,4
2022-04-05,YYC-SE,ONLINE,11,390,19.54,371,2022,4
2022-04-06,YYC-DT,IN_STORE,70,1900,95.02,1805,2022,4
2022-04-06,YYC-DT,ONLINE,18,534,26.74,508,2022,4
2022-04-06,YYC-NW,IN_STORE,43,1388,69.4,1318,2022,4
2022-04-06,YYC-NW,ONLINE,14,351,17.56,333,2022,4
2022-04-06,YYC-SE,IN_STORE,32,1203,60.19,1143,2022,4
2022-04-06,YYC-SE,ONLINE,12,301,15.09,286,2022,4
2022-04-07,YYC-DT,IN_STORE,78,2007,100.37,1907,2022,4
2022-04-07,YYC-DT,ONLINE,14,632,31.62,600,2022,4
2022-04-07,YYC-NW,IN_STORE,44,1418,70.93,1347,2022,4
2022-04-07,YYC-NW,ONLINE,9,330,16.54,314,2022,4
2022-04-07,YYC-SE,IN_STORE,31,1265,63.25,1201,2022,4
2022-04-07,YYC-SE,ONLINE,11,306,15.3,290,2022,4
2022-04-08,YYC-DT,IN_STORE,68,2027,101.4,1926,2022,4
2022-04-08,YYC-DT,ONLINE,16,574,28.71,545,2022,4
2022-04-08,YYC-NW,IN_STORE,45,1443,72.15,1370,2022,4
2022-04-08,YYC-NW,ONLINE,10,398,19.94,378,2022,4
2022-04-08,YYC-SE,IN_STORE,41,1256,62.82,1193,2022,4
2022-04-08,YYC-SE,ONLINE,14,356,17.81,338,2022,4
2022-04-09,YYC-DT,IN_STORE,62,2119,105.98,2013,2022,4
2022-04-09,YYC-DT,ONLINE,18,601,30.08,571,2022,4
2022-04-09,YYC-NW,IN_STORE,45,1423,71.2,1352,2022,4
2022-04-09,YYC-NW,ONLINE,11,343,17.2,326,2022,4
2022-04-09,YYC-SE,IN_STORE,33,1216,60.8,1155,2022,4
2022-04-09,YYC-SE,ONLINE,10,319,15.99,303,2022,4
2022-04-10,YYC-DT,IN_STORE,82,2210,110.53,2099,2022,4
2022-04-10,YYC-DT,ONLINE,23,596,29.84,567,2022,4
2022-04-10,YYC-NW,IN_STORE,45,1639,81.99,1557,2022,4
2022-04-10,YYC-NW,ONLINE,16,523,26.18,497,2022,4
2022-04-10,YYC-SE,IN_STORE,36,1385,69.29,1316,2022,4
2022-04-10,YYC-SE,ONLINE,9,385,19.25,365,2022,4
2022-04-11,YYC-DT,IN_STORE,68,2090,104.51,1985,2022,4
2022-04-11,YYC-DT,ONLINE,14,600,30.05,570,2022,4
2022-04-11,YYC-NW,IN_STORE,53,1519,75.95,1443,2022,4
2022-04-11,YYC-NW,ONLINE,14,381,19.08,362,2022,4
2022-04-11,YYC-SE,IN_STORE,42,1121,56.08,1065,2022,4
2022-04-11,YYC-SE,ONLINE,8,366,18.33,348,2022,4
2022-04-12,YYC-DT,IN_STORE,72,1987,99.37,1888,2022,4
2022-04-12,YYC-DT,ONLINE,20,576,28.85,548,2022,4
2022-04-12,YYC-NW,IN_STORE,37,1558,77.94,1480,2022,4
2022-04-12,YYC-NW,ONLINE,15,396,19.84,376,2022,4
2022-04-12,YYC-SE,IN_STORE,39,1295,64.76,1230,2022,4
2022-04-12,YYC-SE,ONLINE,9,410,20.5,389,2022,4
2022-04-13,YYC-DT,IN_STORE,70,2039,101.98,1937,2022,4
2022-04-13,YYC-DT,ONLINE,16,647,32.37,615,2022,4
2022-04-13,YYC-NW,IN_STORE,40,1368,68.42,1299,2022,4
2022-04-13,YYC-NW,ONLINE,13,376,18.84,357,2022,4
2022-04-13,YYC-SE,IN_STORE,35,1206,60.34,1146,2022,4
2022-04-13,YYC-SE,ONLINE,8,311,15.58,295,2022,4
2022-04-14,YYC-DT,IN_STORE,65,2186,109.32,2077,2022,4
2022-04-14,YYC-DT,ONLINE,20,605,30.27,575,2022,4
2022-04-14,YYC-NW,IN_STORE,41,1599,79.96,1519,2022,4
2022-04-14,YYC-NW,ONLINE,12,462,23.13,439,2022,4
2022-04-14,YYC-SE,IN_STORE,46,1264,63.23,1201,2022,4
2022-04-14,YYC-SE,ONLINE,8,344,17.25,327,2022,4
2022-04-15,YYC-DT,IN_STORE,66,2104,105.21,1999,2022,4
2022-04-15,YYC-DT,ONLINE,22,553,27.66,525,2022,4
2022-04-15,YYC-NW,IN_STORE,55,1428,71.45,1357,2022,4
2022-04-15,YYC-NW,ONLINE,10,398,19.93,378,2022,4
2022-04-15,YYC-SE,IN_STORE,38,1133,56.68,1076,2022,4
2022-04-15,YYC-SE,ONLINE,10,379,18.97,360,2022,4
2022-04-16,YYC-DT,IN_STORE,59,2105,105.28,2000,2022,4
2022-04-16,YYC-DT,ONLINE,23,590,29.53,561,2022,4
2022-04-16,YYC-NW,IN_STORE,43,1483,74.19,1409,2022,4
2022-04-16,YYC-NW,ONLINE,12,406,20.32,386,2022,4
2022-04-16,YYC-SE,IN_STORE,36,1373,68.68,1304,2022,4
2022-04-16,YYC-SE,ONLINE,14,336,16.8,319,2022,4
2022-04-17,YYC-DT,IN_STORE,66,2233,111.67,2121,2022,4
2022-04-17,YYC-DT,ONLINE,25,630,31.52,598,2022,4
2022-04-17,YYC-NW,IN_STORE,41,1521,76.05,1444,2022,4
2022-04-17,YYC-NW,ONLINE,12,431,21.57,409,2022,4
2022-04-17,YYC-SE,IN_STORE,35,1388,69.42,1319,2022,4
2022-04-17,YYC-SE,ONLINE,12,354,17.75,337,2022,4
2022-04-18,YYC-DT,IN_STORE,52,2118,105.92,2012,2022,4
2022-04-18,YYC-DT,ONLINE,22,542,27.14,515,2022,4
2022-04-18,YYC-NW,IN_STORE,46,1389,69.49,1320,2022,4
2022-04-18,YYC-NW,ONLINE,10,387,19.39,368,2022,4
2022-04-18,YYC-SE,IN_STORE,33,1259,62.98,1196,2022,4
2022-04-18,YYC-SE,ONLINE,10,313,15.66,297,2022,4
2022-04-19,YYC-DT,IN_STORE,78,2040,102.04,1938,2022,4
2022-04-19,YYC-DT,ONLINE,18,550,27.54,523,2022,4
2022-04-19,YYC-NW,IN_STORE,52,1497,74.87,1422,2022,4
2022-04-19,YYC-NW,ONLINE,10,415,20.8,395,2022,4
2022-04-19,YYC-SE,IN_STORE,33,1279,63.99,1215,2022,4
2022-04-19,YYC-SE,ONLINE,10,326,16.31,309,2022,4
2022-04-20,YYC-DT,IN_STORE,63,1912,95.62,1816,2022,4
2022-04-20,YYC-DT,ONLINE,15,563,28.17,535,2022,4
2022-04-20,YYC-NW,IN_STORE,49,1371,68.58,1303,2022,4
2022-04-20,YYC-NW,ONLINE,13,316,15.85,301,2022,4
2022-04-20,YYC-SE,IN_STORE,46,1212,60.63,1152,2022,4
2022-04-20,YYC-SE,ONLINE,8,337,16.87,320,2022,4
2022-04-21,YYC-DT,IN_STORE,77,1947,97.4,1850,2022,4
2022-04-21,YYC-DT,ONLINE,21,622,31.11,591,2022,4
2022-04-21,YYC-NW,IN_STORE,37,1317,65.89,1251,2022,4
2022-04-21,YYC-NW,ONLINE,12,413,20.67,392,2022,4
2022-04-21,YYC-SE,IN_STORE,34,1321,66.08,1255,2022,4
2022-04-21,YYC-SE,ONLINE,8,318,15.93,302,2022,4
2022-04-22,YYC-DT,IN_STORE,70,1853,92.68,1760,2022,4
2022-04-22,YYC-DT,ONLINE,17,588,29.41,558,2022,4
2022-04-22,YYC-NW,IN_STORE,50,1426,71.32,1355,2022,4
2022-04-22,YYC-NW,ONLINE,14,379,18.99,360,2022,4
2022-04-22,YYC-SE,IN_STORE,28,1113,55.66,1057,2022,4
2022-04-22,YYC-SE,ONLINE,13,339,16.99,322,2022,4
2022-04-23,YYC-DT,IN_STORE,75,2095,104.8,1991,2022,4
2022-04-23,YYC-DT,ONLINE,14,500,25.02,475,2022,4
2022-04-23,YYC-NW,IN_STORE,48,1425,71.3,1354,2022,4
2022-04-23,YYC-NW,ONLINE,14,418,20.94,397,2022,4
2022-04-23,YYC-SE,IN_STORE,31,1322,66.12,1256,2022,4
2022-04-23,YYC-SE,ONLINE,11,342,17.12,325,2022,4
2022-04-24,YYC-DT,IN_STORE,58,2497,124.86,2372,2022,4
2022-04-24,YYC-DT,ONLINE,22,727,36.35,690,2022,4
2022-04-24,YYC-NW,IN_STORE,61,1702,85.12,1617,2022,4
2022-04-24,YYC-NW,ONLINE,16,497,24.89,472,2022,4
2022-04-24,YYC-SE,IN_STORE,53,1441,72.05,1369,2022,4
2022-04-24,YYC-SE,ONLINE,11,380,19.05,361,2022,4
2022-04-25,YYC-DT,IN_STORE,49,1930,96.53,1834,2022,4
2022-04-25,YYC-DT,ONLINE,14,527,26.38,501,2022,4
2022-04-25,YYC-NW,IN_STORE,51,1338,66.92,1271,2022,4
2022-04-25,YYC-NW,ONLINE,9,390,19.52,370,2022,4
2022-04-25,YYC-SE,IN_STORE,34,1221,61.05,1160,2022,4
2022-04-25,YYC-SE,ONLINE,11,289,14.48,275,2022,4
2022-04-26,YYC-DT,IN_STORE,59,2141,107.08,2034,2022,4
2022-04-26,YYC-DT,ONLINE,14,492,24.64,468,2022,4
2022-04-26,YYC-NW,IN_STORE,51,1481,74.06,1407,2022,4
2022-04-26,YYC-NW,ONLINE,9,332,16.65,316,2022,4
2022-04-26,YYC-SE,IN_STORE,28,1170,58.5,1111,2022,4
2022-04-26,YYC-SE,ONLINE,11,344,17.2,326,2022,4
2022-04-27,YYC-DT,IN_STORE,51,1905,95.28,1810,2022,4
2022-04-27,YYC-DT,ONLINE,18,522,26.13,496,2022,4
2022-04-27,YYC-NW,IN_STORE,35,1354,67.74,1287,2022,4
2022-04-27,YYC-NW,ONLINE,11,386,19.35,367,2022,4
2022-04-27,YYC-SE,IN_STORE,31,1192,59.62,1132,2022,4
2022-04-27,YYC-SE,ONLINE,7,295,14.75,280,2022,4
2022-04-28,YYC-DT,IN_STORE,75,2043,102.17,1941,2022,4
2022-04-28,YYC-DT,ONLINE,24,596,29.81,566,2022,4
2022-04-28,YYC-NW,IN_STORE,60,1574,78.71,1495,2022,4
2022-04-28,YYC-NW,ONLINE,15,411,20.58,390,2022,4
2022-04-28,YYC-SE,IN_STORE,30,1288,64.41,1223,2022,4
2022-04-28,YYC-SE,ONLINE,12,366,18.31,347,2022,4
2022-04-29,YYC-DT,IN_STORE,48,2108,105.42,2003,2022,4
2022-04-29,YYC-DT,ONLINE,16,557,27.89,529,2022,4
2022-04-29,YYC-NW,IN_STORE,43,1426,71.34,1355,2022,4
2022-04-29,YYC-NW,ONLINE,14,350,17.5,332,2022,4
2022-04-29,YYC-SE,IN_STORE,33,1116,55.81,1060,2022,4
2022-04-29,YYC-SE,ONLINE,12,350,17.54,333,2022,4
2022-04-30,YYC-DT,IN_STORE,79,2427,121.39,2306,2022,4
2022-04-30,YYC-DT,ONLINE,16,626,31.33,595,2022,4
2022-04-30,YYC-NW,IN_STORE,41,1758,87.93,1670,2022,4
2022-04-30,YYC-NW,ONLINE,12,467,23.39,444,2022,4
2022-04-30,YYC-SE,IN_STORE,58,1463,73.18,1390,2022,4
2022-04-30,YYC-SE,ONLINE,12,354,17.74,337,2022,4
2022-05-01,YYC-DT,IN_STORE,74,2146,107.33,2039,2022,5
2022-05-01,YYC-DT,ONLINE,15,532,26.6,505,2022,5
2022-05-01,YYC-NW,IN_STORE,37,1596,79.84,1517,2022,5
2022-05-01,YYC-NW,ONLINE,12,451,22.57,428,2022,5
2022-05-01,YYC-SE,IN_STORE,41,1388,69.42,1318,2022,5
2022-05-01,YYC-SE,ONLINE,12,364,18.23,346,2022,5
2022-05-02,YYC-DT,IN_STORE,59,2112,105.65,2007,2022,5
2022-05-02,YYC-DT,ONLINE,23,564,28.22,536,2022,5
2022-05-02,YYC-NW,IN_STORE,38,1453,72.69,1381,2022,5
2022-05-02,YYC-NW,ONLINE,15,405,20.29,385,2022,5
2022-05-02,YYC-SE,IN_STORE,48,1274,63.71,1210,2022,5
2022-05-02,YYC-SE,ONLINE,11,344,17.21,326,2022,5
2022-05-03,YYC-DT,IN_STORE,48,2035,101.79,1933,2022,5
2022-05-03,YYC-DT,ONLINE,15,495,24.78,470,2022,5
2022-05-03,YYC-NW,IN_STORE,36,1402,70.11,1332,2022,5
2022-05-03,YYC-NW,ONLINE,11,413,20.69,393,2022,5
2022-05-03,YYC-SE,IN_STORE,48,1182,59.1,1122,2022,5
2022-05-03,YYC-SE,ONLINE,13,347,17.37,330,2022,5
2022-05-04,YYC-DT,IN_STORE,91,2332,116.63,2215,2022,5
2022-05-04,YYC-DT,ONLINE,17,574,28.72,545,2022,5
2022-05-04,YYC-NW,IN_STORE,41,1757,87.89,1670,2022,5
2022-05-04,YYC-NW,ONLINE,18,402,20.14,382,2022,5
2022-05-04,YYC-SE,IN_STORE,45,1424,71.21,1353,2022,5
2022-05-04,YYC-SE,ONLINE,11,350,17.53,333,2022,5
2022-05-05,YYC-DT,IN_STORE,53,1904,95.21,1808,2022,5
2022-05-05,YYC-DT,ONLINE,19,550,27.54,523,2022,5
2022-05-05,YYC-NW,IN_STORE,33,1339,66.98,1272,2022,5
2022-05-05,YYC-NW,ONLINE,12,339,16.97,322,2022,5
2022-05-05,YYC-SE,IN_STORE,48,1187,59.4,1128,2022,5
2022-05-05,YYC-SE,ONLINE,8,363,18.17,345,2022,5
2022-05-06,YYC-DT,IN_STORE,71,2084,104.21,1980,2022,5
2022-05-06,YYC-DT,ONLINE,24,560,28.03,532,2022,5
2022-05-06,YYC-NW,IN_STORE,46,1455,72.8,1383,2022,5
2022-05-06,YYC-NW,ONLINE,12,387,19.36,367,2022,5
2022-05-06,YYC-SE,IN_STORE,48,1241,62.07,1179,2022,5
2022-05-06,YYC-SE,ONLINE,12,313,15.67,297,2022,5
2022-05-07,YYC-DT,IN_STORE,73,2278,113.93,2164,2022,5
2022-05-07,YYC-DT,ONLINE,15,654,32.71,621,2022,5
2022-05-07,YYC-NW,IN_STORE,56,1693,84.69,1609,2022,5
2022-05-07,YYC-NW,ONLINE,15,486,24.31,461,2022,5
2022-05-07,YYC-SE,IN_STORE,36,1415,70.76,1344,2022,5
2022-05-07,YYC-SE,ONLINE,13,392,19.61,372,2022,5
2022-05-08,YYC-DT,IN_STORE,70,2278,113.93,2164,2022,5
2022-05-08,YYC-DT,ONLINE,17,675,33.78,641,2022,5
2022-05-08,YYC-NW,IN_STORE,59,1658,82.92,1575,2022,5
2022-05-08,YYC-NW,ONLINE,16,425,21.25,403,2022,5
2022-05-08,YYC-SE,IN_STORE,53,1469,73.48,1396,2022,5
2022-05-08,YYC-SE,ONLINE,13,336,16.84,320,2022,5
2022-05-09,YYC-DT,IN_STORE,67,2028,101.44,1927,2022,5
2022-05-09,YYC-DT,ONLINE,17,552,27.62,524,2022,5
2022-05-09,YYC-NW,IN_STORE,45,1526,76.34,1450,2022,5
2022-05-09,YYC-NW,ONLINE,16,393,19.65,373,2022,5
2022-05-09,YYC-SE,IN_STORE,34,1233,61.65,1171,2022,5
2022-05-09,YYC-SE,ONLINE,12,333,16.68,316,2022,5
2022-05-10,YYC-DT,IN_STORE,50,2088,104.44,1984,2022,5
2022-05-10,YYC-DT,ONLINE,23,624,31.23,593,2022,5
2022-05-10,YYC-NW,IN_STORE,44,1401,70.08,1331,2022,5
2022-05-10,YYC-NW,ONLINE,9,411,20.58,390,2022,5
2022-05-10,YYC-SE,IN_STORE,41,1211,60.56,1150,2022,5
2022-05-10,YYC-SE,ONLINE,9,334,16.71,317,2022,5
2022-05-11,YYC-DT,IN_STORE,70,2096,104.82,1991,2022,5
2022-05-11,YYC-DT,ONLINE,15,604,30.2,573,2022,5
2022-05-11,YYC-NW,IN_STORE,51,1492,74.63,1418,2022,5
2022-05-11,YYC-NW,ONLINE,10,446,22.33,424,2022,5
2022-05-11,YYC-SE,IN_STORE,33,1273,63.69,1210,2022,5
2022-05-11,YYC-SE,ONLINE,11,341,17.09,324,2022,5
2022-05-12,YYC-DT,IN_STORE,54,2091,104.57,1986,2022,5
2022-05-12,YYC-DT,ONLINE,14,556,27.81,528,2022,5
2022-05-12,YYC-NW,IN_STORE,43,1420,71.03,1349,2022,5
2022-05-12,YYC-NW,ONLINE,10,395,19.8,376,2022,5
2022-05-12,YYC-SE,IN_STORE,38,1222,61.11,1161,2022,5
2022-05-12,YYC-SE,ONLINE,10,332,16.6,315,2022,5
2022-05-13,YYC-DT,IN_STORE,52,2179,108.95,2070,2022,5
2022-05-13,YYC-DT,ONLINE,25,621,31.08,590,2022,5
2022-05-13,YYC-NW,IN_STORE,56,1489,74.47,1414,2022,5
2022-05-13,YYC-NW,ONLINE,16,385,19.27,366,2022,5
2022-05-13,YYC-SE,IN_STORE,31,1275,63.75,1211,2022,5
2022-05-13,YYC-SE,ONLINE,9,385,19.26,366,2022,5
2022-05-14,YYC-DT,IN_STORE,82,2548,127.43,2421,2022,5
2022-05-14,YYC-DT,ONLINE,29,685,34.29,651,2022,5
2022-05-14,YYC-NW,IN_STORE,46,1932,96.6,1835,2022,5
2022-05-14,YYC-NW,ONLINE,14,474,23.73,450,2022,5
2022-05-14,YYC-SE,IN_STORE,57,1546,77.34,1469,2022,5
2022-05-14,YYC-SE,ONLINE,15,423,21.19,402,2022,5
2022-05-15,YYC-DT,IN_STORE,66,1975,98.78,1876,2022,5
2022-05-15,YYC-DT,ONLINE,21,626,31.33,595,2022,5
2022-05-15,YYC-NW,IN_STORE,59,1477,73.89,1403,2022,5
2022-05-15,YYC-NW,ONLINE,13,470,23.55,447,2022,5
2022-05-15,YYC-SE,IN_STORE,33,1333,66.68,1266,2022,5
2022-05-15,YYC-SE,ONLINE,15,406,20.3,385,2022,5
2022-05-16,YYC-DT,IN_STORE,51,1957,97.9,1860,2022,5
2022-05-16,YYC-DT,ONLINE,18,486,24.31,461,2022,5
2022-05-16,YYC-NW,IN_STORE,46,1388,69.42,1318,2022,5
2022-05-16,YYC-NW,ONLINE,12,399,19.99,379,2022,5
2022-05-16,YYC-SE,IN_STORE,40,1222,61.11,1161,2022,5
2022-05-16,YYC-SE,ONLINE,9,266,13.3,252,2022,5
2022-05-17,YYC-DT,IN_STORE,61,2082,104.12,1978,2022,5
2022-05-17,YYC-DT,ONLINE,23,587,29.38,558,2022,5
2022-05-17,YYC-NW,IN_STORE,43,1409,70.47,1338,2022,5
2022-05-17,YYC-NW,ONLINE,10,418,20.92,397,2022,5
2022-05-17,YYC-SE,IN_STORE,45,1232,61.63,1170,2022,5
2022-05-17,YYC-SE,ONLINE,11,380,19.03,361,2022,5
2022-05-18,YYC-DT,IN_STORE,59,2401,120.09,2281,2022,5
2022-05-18,YYC-DT,ONLINE,21,671,33.57,637,2022,5
2022-05-18,YYC-NW,IN_STORE,62,1580,79.04,1501,2022,5
2022-05-18,YYC-NW,ONLINE,12,576,28.81,547,2022,5
2022-05-18,YYC-SE,IN_STORE,49,1331,66.56,1264,2022,5
2022-05-18,YYC-SE,ONLINE,13,377,18.89,358,2022,5
2022-05-19,YYC-DT,IN_STORE,76,1982,99.15,1883,2022,5
2022-05-19,YYC-DT,ONLINE,18,539,26.99,512,2022,5
2022-05-19,YYC-NW,IN_STORE,38,1422,71.14,1351,2022,5
2022-05-19,YYC-NW,ONLINE,14,373,18.66,354,2022,5
2022-05-19,YYC-SE,IN_STORE,47,1169,58.45,1110,2022,5
2022-05-19,YYC-SE,ONLINE,8,338,16.95,321,2022,5
2022-05-20,YYC-DT,IN_STORE,61,2206,110.3,2095,2022,5
2022-05-20,YYC-DT,ONLINE,18,642,32.12,610,2022,5
2022-05-20,YYC-NW,IN_STORE,59,1554,77.74,1477,2022,5
2022-05-20,YYC-NW,ONLINE,12,432,21.61,410,2022,5
2022-05-20,YYC-SE,IN_STORE,35,1235,61.79,1174,2022,5
2022-05-20,YYC-SE,ONLINE,10,340,17.02,323,2022,5
2022-05-21,YYC-DT,IN_STORE,94,2463,123.15,2339,2022,5
2022-05-21,YYC-DT,ONLINE,19,647,32.38,615,2022,5
2022-05-21,YYC-NW,IN_STORE,67,1765,88.29,1677,2022,5
2022-05-21,YYC-NW,ONLINE,16,478,23.91,454,2022,5
2022-05-21,YYC-SE,IN_STORE,61,1530,76.51,1453,2022,5
2022-05-21,YYC-SE,ONLINE,15,450,22.54,428,2022,5
2022-05-22,YYC-DT,IN_STORE,60,2230,111.53,2119,2022,5
2022-05-22,YYC-DT,ONLINE,25,566,28.33,538,2022,5
2022-05-22,YYC-NW,IN_STORE,64,1564,78.22,1486,2022,5
2022-05-22,YYC-NW,ONLINE,14,425,21.26,403,2022,5
2022-05-22,YYC-SE,IN_STORE,44,1274,63.72,1210,2022,5
2022-05-22,YYC-SE,ONLINE,15,415,20.79,394,2022,5
2022-05-23,YYC-DT,IN_STORE,64,2032,101.64,1931,2022,5
2022-05-23,YYC-DT,ONLINE,23,563,28.2,535,2022,5
2022-05-23,YYC-NW,IN_STORE,43,1375,68.76,1306,2022,5
2022-05-23,YYC-NW,ONLINE,15,411,20.56,390,2022,5
2022-05-23,YYC-SE,IN_STORE,39,1259,63.0,1196,2022,5
2022-05-23,YYC-SE,ONLINE,9,365,18.26,346,2022,5
2022-05-24,YYC-DT,IN_STORE,93,2294,114.74,2180,2022,5
2022-05-24,YYC-DT,ONLINE,17,606,30.33,576,2022,5
2022-05-24,YYC-NW,IN_STORE,50,1584,79.21,1505,2022,5
2022-05-24,YYC-NW,ONLINE,16,498,24.92,473,2022,5
2022-05-24,YYC-SE,IN_STORE,45,1418,70.9,1347,2022,5
2022-05-24,YYC-SE,ONLINE,15,326,16.32,310,2022,5
2022-05-25,YYC-DT,IN_STORE,53,2022,101.11,1921,2022,5
2022-05-25,YYC-DT,ONLINE,18,577,28.87,548,2022,5
2022-05-25,YYC-NW,IN_STORE,58,1439,71.98,1367,2022,5
2022-05-25,YYC-NW,ONLINE,11,342,17.12,325,2022,5
2022-05-25,YYC-SE,IN_STORE,32,1235,61.78,1173,2022,5
2022-05-25,YYC-SE,ONLINE,8,250,12.51,237,2022,5
2022-05-26,YYC-DT,IN_STORE,50,2072,103.61,1968,2022,5
2022-05-26,YYC-DT,ONLINE,13,526,26.31,499,2022,5
2022-05-26,YYC-NW,IN_STORE,49,1451,72.57,1378,2022,5
2022-05-26,YYC-NW,ONLINE,11,410,20.52,389,2022,5
2022-05-26,YYC-SE,IN_STORE,33,1178,58.91,1119,2022,5
2022-05-26,YYC-SE,ONLINE,8,336,16.84,319,2022,5
2022-05-27,YYC-DT,IN_STORE,63,2103,105.18,1998,2022,5
2022-05-27,YYC-DT,ONLINE,19,510,25.53,485,2022,5
2022-05-27,YYC-NW,IN_STORE,42,1479,73.96,1405,2022,5
2022-05-27,YYC-NW,ONLINE,13,361,18.06,343,2022,5
2022-05-27,YYC-SE,IN_STORE,32,1155,57.75,1097,2022,5
2022-05-27,YYC-SE,ONLINE,13,310,15.52,294,2022,5
2022-05-28,YYC-DT,IN_STORE,67,2132,106.61,2025,2022,5
2022-05-28,YYC-DT,ONLINE,22,537,26.89,510,2022,5
2022-05-28,YYC-NW,IN_STORE,37,1523,76.17,1447,2022,5
2022-05-28,YYC-NW,ONLINE,15,398,19.91,378,2022,5
2022-05-28,YYC-SE,IN_STORE,35,1268,63.42,1205,2022,5
2022-05-28,YYC-SE,ONLINE,10,326,16.31,309,2022,5
2022-05-29,YYC-DT,IN_STORE,75,2226,111.33,2115,2022,5
2022-05-29,YYC-DT,ONLINE,15,607,30.38,577,2022,5
2022-05-29,YYC-NW,IN_STORE,44,1646,82.35,1564,2022,5
2022-05-29,YYC-NW,ONLINE,13,426,21.34,405,2022,5
2022-05-29,YYC-SE,IN_STORE,49,1338,66.91,1271,2022,5
2022-05-29,YYC-SE,ONLINE,13,389,19.46,369,2022,5
2022-05-30,YYC-DT,IN_STORE,47,1920,96.02,1824,2022,5
2022-05-30,YYC-DT,ONLINE,21,609,30.49,579,2022,5
2022-05-30,YYC-NW,IN_STORE,43,1311,65.55,1245,2022,5
2022-05-30,YYC-NW,ONLINE,13,398,19.91,378,2022,5
2022-05-30,YYC-SE,IN_STORE,35,1173,58.65,1114,2022,5
2022-05-30,YYC-SE,ONLINE,10,312,15.64,297,2022,5
2022-05-31,YYC-DT,IN_STORE,55,1994,99.71,1894,2022,5
2022-05-31,YYC-DT,ONLINE,16,565,28.26,536,2022,5
2022-05-31,YYC-NW,IN_STORE,45,1401,70.1,1331,2022,5
2022-05-31,YYC-NW,ONLINE,15,413,20.66,392,2022,5
2022-05-31,YYC-SE,IN_STORE,38,1297,64.88,1232,2022,5
2022-05-31,YYC-SE,ONLINE,8,329,16.49,313,2022,5
2022-06-01,YYC-DT,IN_STORE,52,2051,102.57,1948,2022,6
2022-06-01,YYC-DT,ONLINE,21,548,27.4,520,2022,6
2022-06-01,YYC-NW,IN_STORE,50,1421,71.06,1350,2022,6
2022-06-01,YYC-NW,ONLINE,11,384,19.2,364,2022,6
2022-06-01,YYC-SE,IN_STORE,30,1190,59.55,1131,2022,6
2022-06-01,YYC-SE,ONLINE,10,353,17.66,335,2022,6
2022-06-02,YYC-DT,IN_STORE,53,2074,103.72,1970,2022,6
2022-06-02,YYC-DT,ONLINE,19,562,28.11,534,2022,6
2022-06-02,YYC-NW,IN_STORE,57,1596,79.81,1516,2022,6
2022-06-02,YYC-NW,ONLINE,14,450,22.52,427,2022,6
2022-06-02,YYC-SE,IN_STORE,49,1297,64.89,1233,2022,6
2022-06-02,YYC-SE,ONLINE,12,387,19.37,368,2022,6
2022-06-03,YYC-DT,IN_STORE,49,1980,99.01,1881,2022,6
2022-06-03,YYC-DT,ONLINE,14,584,29.24,555,2022,6
2022-06-03,YYC-NW,IN_STORE,46,1451,72.58,1379,2022,6
2022-06-03,YYC-NW,ONLINE,11,358,17.93,340,2022,6
2022-06-03,YYC-SE,IN_STORE,33,1151,57.55,1093,2022,6
2022-06-03,YYC-SE,ONLINE,12,330,16.53,313,2022,6
2022-06-04,YYC-DT,IN_STORE,57,2318,115.94,2202,2022,6
2022-06-04,YYC-DT,ONLINE,18,698,34.93,663,2022,6
2022-06-04,YYC-NW,IN_STORE,66,1641,82.05,1559,2022,6
2022-06-04,YYC-NW,ONLINE,17,440,22.01,418,2022,6
2022-06-04,YYC-SE,IN_STORE,50,1485,74.29,1411,2022,6
2022-06-04,YYC-SE,ONLINE,14,387,19.36,367,2022,6
2022-06-05,YYC-DT,IN_STORE,92,2394,119.73,2274,2022,6
2022-06-05,YYC-DT,ONLINE,20,726,36.31,689,2022,6
2022-06-05,YYC-NW,IN_STORE,50,1758,87.92,1670,2022,6
2022-06-05,YYC-NW,ONLINE,16,542,27.14,515,2022,6
2022-06-05,YYC-SE,IN_STORE,38,1456,72.81,1383,2022,6
2022-06-05,YYC-SE,ONLINE,12,375,18.78,356,2022,6
2022-06-06,YYC-DT,IN_STORE,55,1883,94.19,1789,2022,6
2022-06-06,YYC-DT,ONLINE,18,538,26.93,511,2022,6
2022-06-06,YYC-NW,IN_STORE,53,1268,63.45,1205,2022,6
2022-06-06,YYC-NW,ONLINE,9,353,17.68,335,2022,6
2022-06-06,YYC-SE,IN_STORE,29,1121,56.05,1065,2022,6
2022-06-06,YYC-SE,ONLINE,8,317,15.88,301,2022,6
2022-06-07,YYC-DT,IN_STORE,70,2151,107.58,2044,2022,6
2022-06-07,YYC-DT,ONLINE,19,630,31.52,598,2022,6
2022-06-07,YYC-NW,IN_STORE,42,1509,75.49,1434,2022,6
2022-06-07,YYC-NW,ONLINE,10,412,20.64,392,2022,6
2022-06-07,YYC-SE,IN_STORE,32,1359,67.99,1291,2022,6
2022-06-07,YYC-SE,ONLINE,10,337,16.88,320,2022,6
2022-06-08,YYC-DT,IN_STORE,62,2285,114.29,2171,2022,6
2022-06-08,YYC-DT,ONLINE,17,601,30.06,571,2022,6
2022-06-08,YYC-NW,IN_STORE,46,1580,79.04,1501,2022,6
2022-06-08,YYC-NW,ONLINE,11,433,21.69,412,2022,6
2022-06-08,YYC-SE,IN_STORE,36,1246,62.32,1184,2022,6
2022-06-08,YYC-SE,ONLINE,14,339,16.99,322,2022,6
2022-06-09,YYC-DT,IN_STORE,52,2005,100.29,1905,2022,6
2022-06-09,YYC-DT,ONLINE,22,565,28.3,537,2022,6
2022-06-09,YYC-NW,IN_STORE,38,1322,66.13,1256,2022,6
2022-06-09,YYC-NW,ONLINE,11,384,19.21,365,2022,6
2022-06-09,YYC-SE,IN_STORE,33,1228,61.44,1167,2022,6
2022-06-09,YYC-SE,ONLINE,12,353,17.66,335,2022,6
2022-06-10,YYC-DT,IN_STORE,69,2296,114.8,2181,2022,6
2022-06-10,YYC-DT,ONLINE,25,689,34.47,654,2022,6
2022-06-10,YYC-NW,IN_STORE,49,1606,80.34,1526,2022,6
2022-06-10,YYC-NW,ONLINE,17,469,23.47,445,2022,6
2022-06-10,YYC-SE,IN_STORE,41,1450,72.54,1378,2022,6
2022-06-10,YYC-SE,ONLINE,9,357,17.86,339,2022,6
2022-06-11,YYC-DT,IN_STORE,67,2428,121.44,2307,2022,6
2022-06-11,YYC-DT,ONLINE,17,687,34.37,653,2022,6
2022-06-11,YYC-NW,IN_STORE,64,1592,79.62,1512,2022,6
2022-06-11,YYC-NW,ONLINE,14,472,23.63,448,2022,6
2022-06-11,YYC-SE,IN_STORE,39,1454,72.71,1381,2022,6
2022-06-11,YYC-SE,ONLINE,10,408,20.41,387,2022,6
2022-06-12,YYC-DT,IN_STORE,59,2292,114.65,2178,2022,6
2022-06-12,YYC-DT,ONLINE,21,563,28.18,535,2022,6
2022-06-12,YYC-NW,IN_STORE,58,1613,80.68,1532,2022,6
2022-06-12,YYC-NW,ONLINE,17,428,21.45,407,2022,6
2022-06-12,YYC-SE,IN_STORE,44,1428,71.41,1356,2022,6
2022-06-12,YYC-SE,ONLINE,15,357,17.9,340,2022,6
2022-06-13,YYC-DT,IN_STORE,66,2112,105.62,2006,2022,6
2022-06-13,YYC-DT,ONLINE,17,677,33.87,643,2022,6
2022-06-13,YYC-NW,IN_STORE,52,1539,76.96,1462,2022,6
2022-06-13,YYC-NW,ONLINE,13,405,20.28,385,2022,6
2022-06-13,YYC-SE,IN_STORE,37,1183,59.17,1124,2022,6
2022-06-13,YYC-SE,ONLINE,9,300,15.01,285,2022,6
2022-06-14,YYC-DT,IN_STORE,85,2243,112.19,2131,2022,6
2022-06-14,YYC-DT,ONLINE,15,583,29.17,554,2022,6
2022-06-14,YYC-NW,IN_STORE,46,1548,77.45,1471,2022,6
2022-06-14,YYC-NW,ONLINE,15,387,19.4,368,2022,6
2022-06-14,YYC-SE,IN_STORE,54,1324,66.22,1258,2022,6
2022-06-14,YYC-SE,ONLINE,11,355,17.78,337,2022,6
2022-06-15,YYC-DT,IN_STORE,64,2144,107.2,2036,2022,6
2022-06-15,YYC-DT,ONLINE,14,607,30.4,577,2022,6
2022-06-15,YYC-NW,IN_STORE,50,1565,78.28,1487,2022,6
2022-06-15,YYC-NW,ONLINE,14,415,20.8,395,2022,6
2022-06-15,YYC-SE,IN_STORE,44,1213,60.68,1152,2022,6
2022-06-15,YYC-SE,ONLINE,10,386,19.32,367,2022,6
2022-06-16,YYC-DT,IN_STORE,62,2257,112.88,2144,2022,6
2022-06-16,YYC-DT,ONLINE,25,647,32.39,615,2022,6
2022-06-16,YYC-NW,IN_STORE,40,1571,78.58,1493,2022,6
2022-06-16,YYC-NW,ONLINE,14,447,22.39,425,2022,6
2022-06-16,YYC-SE,IN_STORE,54,1416,70.83,1345,2022,6
2022-06-16,YYC-SE,ONLINE,14,345,17.26,327,2022,6
2022-06-17,YYC-DT,IN_STORE,59,1994,99.73,1894,2022,6
2022-06-17,YYC-DT,ONLINE,15,553,27.66,525,2022,6
2022-06-17,YYC-NW,IN_STORE,45,1447,72.36,1374,2022,6
2022-06-17,YYC-NW,ONLINE,15,394,19.72,374,2022,6
2022-06-17,YYC-SE,IN_STORE,50,1196,59.82,1136,2022,6
2022-06-17,YYC-SE,ONLINE,9,343,17.18,326,2022,6
2022-06-18,YYC-DT,IN_STORE,85,2389,119.48,2270,2022,6
2022-06-18,YYC-DT,ONLINE,18,628,31.41,596,2022,6
2022-06-18,YYC-NW,IN_STORE,44,1691,84.58,1607,2022,6
2022-06-18,YYC-NW,ONLINE,19,471,23.57,447,2022,6
2022-06-18,YYC-SE,IN_STORE,42,1473,73.7,1400,2022,6
2022-06-18,YYC-SE,ONLINE,10,395,19.8,376,2022,6
2022-06-19,YYC-DT,IN_STORE,52,2091,104.56,1986,2022,6
2022-06-19,YYC-DT,ONLINE,15,546,27.3,518,2022,6
2022-06-19,YYC-NW,IN_STORE,61,1525,76.28,1449,2022,6
2022-06-19,YYC-NW,ONLINE,16,451,22.57,428,2022,6
2022-06-19,YYC-SE,IN_STORE,49,1276,63.83,1212,2022,6
2022-06-19,YYC-SE,ONLINE,13,336,16.85,320,2022,6
2022-06-20,YYC-DT,IN_STORE,51,2117,105.87,2011,2022,6
2022-06-20,YYC-DT,ONLINE,14,514,25.72,488,2022,6
2022-06-20,YYC-NW,IN_STORE,59,1510,75.51,1434,2022,6
2022-06-20,YYC-NW,ONLINE,10,442,22.1,419,2022,6
2022-06-20,YYC-SE,IN_STORE,43,1283,64.17,1219,2022,6
2022-06-20,YYC-SE,ONLINE,11,393,19.67,373,2022,6
2022-06-21,YYC-DT,IN_STORE,55,2097,104.88,1992,2022,6
2022-06-21,YYC-DT,ONLINE,20,610,30.53,579,2022,6
2022-06-21,YYC-NW,IN_STORE,38,1433,71.67,1361,2022,6
2022-06-21,YYC-NW,ONLINE,11,348,17.42,331,2022,6
2022-06-21,YYC-SE,IN_STORE,47,1248,62.41,1185,2022,6
2022-06-21,YYC-SE,ONLINE,11,350,17.51,332,2022,6
2022-06-22,YYC-DT,IN_STORE,79,2100,105.03,1995,2022,6
2022-06-22,YYC-DT,ONLINE,16,569,28.48,541,2022,6
2022-06-22,YYC-NW,IN_STORE,57,1446,72.34,1374,2022,6
2022-06-22,YYC-NW,ONLINE,13,386,19.33,367,2022,6
2022-06-22,YYC-SE,IN_STORE,42,1180,59.03,1121,2022,6
2022-06-22,YYC-SE,ONLINE,12,356,17.83,338,2022,6
2022-06-23,YYC-DT,IN_STORE,57,2248,112.44,2136,2022,6
2022-06-23,YYC-DT,ONLINE,15,592,29.63,563,2022,6
2022-06-23,YYC-NW,IN_STORE,59,1553,77.68,1475,2022,6
2022-06-23,YYC-NW,ONLINE,16,479,23.98,455,2022,6
2022-06-23,YYC-SE,IN_STORE,34,1332,66.63,1265,2022,6
2022-06-23,YYC-SE,ONLINE,9,369,18.49,351,2022,6
2022-06-24,YYC-DT,IN_STORE,70,2244,112.24,2132,2022,6
2022-06-24,YYC-DT,ONLINE,16,600,30.0,570,2022,6
2022-06-24,YYC-NW,IN_STORE,57,1661,83.09,1578,2022,6
2022-06-24,YYC-NW,ONLINE,16,421,21.09,400,2022,6
2022-06-24,YYC-SE,IN_STORE,51,1349,67.47,1282,2022,6
2022-06-24,YYC-SE,ONLINE,9,441,22.08,419,2022,6
2022-06-25,YYC-DT,IN_STORE,59,2581,129.08,2452,2022,6
2022-06-25,YYC-DT,ONLINE,21,618,30.93,587,2022,6
2022-06-25,YYC-NW,IN_STORE,44,1681,84.06,1597,2022,6
2022-06-25,YYC-NW,ONLINE,11,417,20.89,396,2022,6
2022-06-25,YYC-SE,IN_STORE,37,1421,71.05,1349,2022,6
2022-06-25,YYC-SE,ONLINE,13,460,23.02,437,2022,6
2022-06-26,YYC-DT,IN_STORE,76,2114,105.7,2008,2022,6
2022-06-26,YYC-DT,ONLINE,21,607,30.4,577,2022,6
2022-06-26,YYC-NW,IN_STORE,60,1525,76.29,1449,2022,6
2022-06-26,YYC-NW,ONLINE,11,387,19.36,367,2022,6
2022-06-26,YYC-SE,IN_STORE,42,1397,69.86,1327,2022,6
2022-06-26,YYC-SE,ONLINE,14,392,19.62,372,2022,6
2022-06-27,YYC-DT,IN_STORE,51,2000,100.03,1900,2022,6
2022-06-27,YYC-DT,ONLINE,15,575,28.76,546,2022,6
2022-06-27,YYC-NW,IN_STORE,49,1502,75.11,1427,2022,6
2022-06-27,YYC-NW,ONLINE,15,413,20.69,393,2022,6
2022-06-27,YYC-SE,IN_STORE,50,1257,62.89,1194,2022,6
2022-06-27,YYC-SE,ONLINE,11,328,16.42,311,2022,6
2022-06-28,YYC-DT,IN_STORE,54,2334,116.73,2217,2022,6
2022-06-28,YYC-DT,ONLINE,22,599,29.96,569,2022,6
2022-06-28,YYC-NW,IN_STORE,49,1717,85.88,1631,2022,6
2022-06-28,YYC-NW,ONLINE,13,420,21.01,399,2022,6
2022-06-28,YYC-SE,IN_STORE,37,1435,71.78,1363,2022,6
2022-06-28,YYC-SE,ONLINE,16,428,21.44,407,2022,6
2022-06-29,YYC-DT,IN_STORE,80,2153,107.66,2045,2022,6
2022-06-29,YYC-DT,ONLINE,22,575,28.75,546,2022,6
2022-06-29,YYC-NW,IN_STORE,50,1581,79.1,1502,2022,6
2022-06-29,YYC-NW,ONLINE,13,400,20.04,380,2022,6
2022-06-29,YYC-SE,IN_STORE,31,1262,63.11,1199,2022,6
2022-06-29,YYC-SE,ONLINE,11,348,17.42,330,2022,6
2022-06-30,YYC-DT,IN_STORE,72,2247,112.36,2134,2022,6
2022-06-30,YYC-DT,ONLINE,20,683,34.17,649,2022,6
2022-06-30,YYC-NW,IN_STORE,42,1709,85.46,1623,2022,6
2022-06-30,YYC-NW,ONLINE,16,408,20.42,388,2022,6
2022-06-30,YYC-SE,IN_STORE,56,1427,71.39,1356,2022,6
2022-06-30,YYC-SE,ONLINE,14,390,19.5,370,2022,6
2022-07-01,YYC-DT,IN_STORE,53,2104,105.24,1999,2022,7
2022-07-01,YYC-DT,ONLINE,21,613,30.65,582,2022,7
2022-07-01,YYC-NW,IN_STORE,57,1539,76.99,1462,2022,7
2022-07-01,YYC-NW,ONLINE,15,390,19.51,370,2022,7
2022-07-01,YYC-SE,IN_STORE,33,1303,65.17,1238,2022,7
2022-07-01,YYC-SE,ONLINE,9,336,16.81,319,2022,7
2022-07-02,YYC-DT,IN_STORE,68,2419,121.0,2298,2022,7
2022-07-02,YYC-DT,ONLINE,19,655,32.78,622,2022,7
2022-07-02,YYC-NW,IN_STORE,58,1604,80.24,1524,2022,7
2022-07-02,YYC-NW,ONLINE,11,425,21.29,404,2022,7
2022-07-02,YYC-SE,IN_STORE,54,1298,64.93,1233,2022,7
2022-07-02,YYC-SE,ONLINE,13,415,20.78,394,2022,7
2022-07-03,YYC-DT,IN_STORE,55,2319,115.97,2203,2022,7
2022-07-03,YYC-DT,ONLINE,18,586,29.35,557,2022,7
2022-07-03,YYC-NW,IN_STORE,51,1623,81.2,1542,2022,7
2022-07-03,YYC-NW,ONLINE,17,394,19.75,375,2022,7
2022-07-03,YYC-SE,IN_STORE,56,1385,69.26,1316,2022,7
2022-07-03,YYC-SE,ONLINE,9,296,14.81,281,2022,7
2022-07-04,YYC-DT,IN_STORE,65,2110,105.53,2005,2022,7
2022-07-04,YYC-DT,ONLINE,17,594,29.74,565,2022,7
2022-07-04,YYC-NW,IN_STORE,53,1479,73.99,1405,2022,7
2022-07-04,YYC-NW,ONLINE,10,392,19.62,372,2022,7
2022-07-04,YYC-SE,IN_STORE,52,1329,66.49,1263,2022,7
2022-07-04,YYC-SE,ONLINE,8,292,14.64,278,2022,7
2022-07-05,YYC-DT,IN_STORE,55,2062,103.12,1959,2022,7
2022-07-05,YYC-DT,ONLINE,21,515,25.78,489,2022,7
2022-07-05,YYC-NW,IN_STORE,36,1611,80.58,1530,2022,7
2022-07-05,YYC-NW,ONLINE,14,429,21.48,408,2022,7
2022-07-05,YYC-SE,IN_STORE,36,1210,60.51,1149,2022,7
2022-07-05,YYC-SE,ONLINE,12,364,18.23,346,2022,7
2022-07-06,YYC-DT,IN_STORE,78,2072,103.64,1969,2022,7
2022-07-06,YYC-DT,ONLINE,17,606,30.35,576,2022,7
2022-07-06,YYC-NW,IN_STORE,44,1472,73.61,1398,2022,7
2022-07-06,YYC-NW,ONLINE,11,386,19.32,367,2022,7
2022-07-06,YYC-SE,IN_STORE,50,1270,63.55,1207,2022,7
2022-07-06,YYC-SE,ONLINE,13,323,16.2,307,2022,7
2022-07-07,YYC-DT,IN_STORE,76,2131,106.56,2024,2022,7
2022-07-07,YYC-DT,ONLINE,20,669,33.48,636,2022,7
2022-07-07,YYC-NW,IN_STORE,63,1507,75.36,1431,2022,7
2022-07-07,YYC-NW,ONLINE,17,413,20.65,392,2022,7
2022-07-07,YYC-SE,IN_STORE,36,1279,64.0,1215,2022,7
2022-07-07,YYC-SE,ONLINE,13,308,15.42,292,2022,7
2022-07-08,YYC-DT,IN_STORE,53,2074,103.75,1971,2022,7
2022-07-08,YYC-DT,ONLINE,22,559,27.98,531,2022,7
2022-07-08,YYC-NW,IN_STORE,38,1434,71.75,1363,2022,7
2022-07-08,YYC-NW,ONLINE,15,369,18.47,350,2022,7
2022-07-08,YYC-SE,IN_STORE,35,1079,54.0,1025,2022,7
2022-07-08,YYC-SE,ONLINE,13,332,16.62,315,2022,7
2022-07-09,YYC-DT,IN_STORE,52,2058,102.92,1955,2022,7
2022-07-09,YYC-DT,ONLINE,21,589,29.49,560,2022,7
2022-07-09,YYC-NW,IN_STORE,47,1498,74.92,1423,2022,7
2022-07-09,YYC-NW,ONLINE,16,443,22.2,421,2022,7
2022-07-09,YYC-SE,IN_STORE,52,1240,62.01,1178,2022,7
2022-07-09,YYC-SE,ONLINE,13,336,16.84,319,2022,7
2022-07-10,YYC-DT,IN_STORE,50,1983,99.19,1884,2022,7
2022-07-10,YYC-DT,ONLINE,17,617,30.89,586,2022,7
2022-07-10,YYC-NW,IN_STORE,46,1562,78.13,1484,2022,7
2022-07-10,YYC-NW,ONLINE,11,449,22.46,426,2022,7
2022-07-10,YYC-SE,IN_STORE,34,1238,61.95,1177,2022,7
2022-07-10,YYC-SE,ONLINE,13,349,17.48,332,2022,7
2022-07-11,YYC-DT,IN_STORE,53,2203,110.19,2093,2022,7
2022-07-11,YYC-DT,ONLINE,16,590,29.55,561,2022,7
2022-07-11,YYC-NW,IN_STORE,44,1450,72.51,1377,2022,7
2022-07-11,YYC-NW,ONLINE,17,427,21.38,406,2022,7
2022-07-11,YYC-SE,IN_STORE,42,1249,62.48,1187,2022,7
2022-07-11,YYC-SE,ONLINE,13,385,19.26,366,2022,7
2022-07-12,YYC-DT,IN_STORE,49,2016,100.8,1915,2022,7
2022-07-12,YYC-DT,ONLINE,16,590,29.54,561,2022,7
2022-07-12,YYC-NW,IN_STORE,44,1368,68.44,1300,2022,7
2022-07-12,YYC-NW,ONLINE,11,384,19.22,365,2022,7
2022-07-12,YYC-SE,IN_STORE,37,1219,60.97,1158,2022,7
2022-07-12,YYC-SE,ONLINE,8,292,14.63,277,2022,7
2022-07-13,YYC-DT,IN_STORE,63,1842,92.15,1750,2022,7
2022-07-13,YYC-DT,ONLINE,16,473,23.68,449,2022,7
2022-07-13,YYC-NW,IN_STORE,41,1321,66.08,1255,2022,7
2022-07-13,YYC-NW,ONLINE,9,345,17.26,327,2022,7
2022-07-13,YYC-SE,IN_STORE,27,1059,52.99,1006,2022,7
2022-07-13,YYC-SE,ONLINE,8,296,14.8,281,2022,7
2022-07-14,YYC-DT,IN_STORE,57,2185,109.27,2076,2022,7
2022-07-14,YYC-DT,ONLINE,23,522,26.15,496,2022,7
2022-07-14,YYC-NW,IN_STORE,37,1461,73.07,1388,2022,7
2022-07-14,YYC-NW,ONLINE,14,396,19.81,376,2022,7
2022-07-14,YYC-SE,IN_STORE,39,1259,62.99,1196,2022,7
2022-07-14,YYC-SE,ONLINE,8,315,15.78,299,2022,7
2022-07-15,YYC-DT,IN_STORE,96,2307,115.36,2191,2022,7
2022-07-15,YYC-DT,ONLINE,20,642,32.14,610,2022,7
2022-07-15,YYC-NW,IN_STORE,51,1606,80.33,1526,2022,7
2022-07-15,YYC-NW,ONLINE,12,442,22.12,420,2022,7
2022-07-15,YYC-SE,IN_STORE,51,1470,73.51,1396,2022,7
2022-07-15,YYC-SE,ONLINE,13,364,18.23,346,2022,7
2022-07-16,YYC-DT,IN_STORE,69,2283,114.18,2169,2022,7
2022-07-16,YYC-DT,ONLINE,20,672,33.62,638,2022,7
2022-07-16,YYC-NW,IN_STORE,40,1644,82.23,1562,2022,7
2022-07-16,YYC-NW,ONLINE,11,465,23.29,442,2022,7
2022-07-16,YYC-SE,IN_STORE,55,1388,69.4,1318,2022,7
2022-07-16,YYC-SE,ONLINE,15,376,18.81,357,2022,7
2022-07-17,YYC-DT,IN_STORE,65,2367,118.36,2248,2022,7
2022-07-17,YYC-DT,ONLINE,21,663,33.19,630,2022,7
2022-07-17,YYC-NW,IN_STORE,41,1586,79.34,1507,2022,7
2022-07-17,YYC-NW,ONLINE,14,468,23.4,444,2022,7
2022-07-17,YYC-SE,IN_STORE,42,1413,70.69,1343,2022,7
2022-07-17,YYC-SE,ONLINE,9,335,16.76,318,2022,7
2022-07-18,YYC-DT,IN_STORE,81,2048,102.45,1946,2022,7
2022-07-18,YYC-DT,ONLINE,18,682,34.13,648,2022,7
2022-07-18,YYC-NW,IN_STORE,44,1442,72.14,1370,2022,7
2022-07-18,YYC-NW,ONLINE,13,408,20.42,388,2022,7
2022-07-18,YYC-SE,IN_STORE,45,1212,60.62,1151,2022,7
2022-07-18,YYC-SE,ONLINE,8,332,16.61,315,2022,7
2022-07-19,YYC-DT,IN_STORE,73,2031,101.55,1929,2022,7
2022-07-19,YYC-DT,ONLINE,14,503,25.2,478,2022,7
2022-07-19,YYC-NW,IN_STORE,47,1406,70.32,1335,2022,7
2022-07-19,YYC-NW,ONLINE,11,363,18.16,345,2022,7
2022-07-19,YYC-SE,IN_STORE,34,1239,61.95,1177,2022,7
2022-07-19,YYC-SE,ONLINE,10,390,19.52,370,2022,7
2022-07-20,YYC-DT,IN_STORE,76,2169,108.49,2061,2022,7
2022-07-20,YYC-DT,ONLINE,18,567,28.36,538,2022,7
2022-07-20,YYC-NW,IN_STORE,38,1508,75.45,1433,2022,7
2022-07-20,YYC-NW,ONLINE,12,418,20.91,397,2022,7
2022-07-20,YYC-SE,IN_STORE,36,1324,66.24,1258,2022,7
2022-07-20,YYC-SE,ONLINE,12,337,16.86,320,2022,7
2022-07-21,YYC-DT,IN_STORE,51,1984,99.21,1884,2022,7
2022-07-21,YYC-DT,ONLINE,14,546,27.31,518,2022,7
2022-07-21,YYC-NW,IN_STORE,51,1496,74.83,1421,2022,7
2022-07-21,YYC-NW,ONLINE,11,391,19.57,371,2022,7
2022-07-21,YYC-SE,IN_STORE,30,1233,61.66,1171,2022,7
2022-07-21,YYC-SE,ONLINE,8,312,15.65,297,2022,7
2022-07-22,YYC-DT,IN_STORE,50,2136,106.8,2029,2022,7
2022-07-22,YYC-DT,ONLINE,15,576,28.83,547,2022,7
2022-07-22,YYC-NW,IN_STORE,44,1477,73.85,1403,2022,7
2022-07-22,YYC-NW,ONLINE,12,445,22.3,423,2022,7
2022-07-22,YYC-SE,IN_STORE,45,1288,64.4,1223,2022,7
2022-07-22,YYC-SE,ONLINE,8,353,17.66,335,2022,7
2022-07-23,YYC-DT,IN_STORE,77,2292,114.64,2178,2022,7
2022-07-23,YYC-DT,ONLINE,17,565,28.26,536,2022,7
2022-07-23,YYC-NW,IN_STORE,47,1725,86.28,1639,2022,7
2022-07-23,YYC-NW,ONLINE,13,483,24.17,459,2022,7
2022-07-23,YYC-SE,IN_STORE,45,1498,74.95,1423,2022,7
2022-07-23,YYC-SE,ONLINE,11,411,20.59,391,2022,7
2022-07-24,YYC-DT,IN_STORE,85,2197,109.86,2087,2022,7
2022-07-24,YYC-DT,ONLINE,16,663,33.19,630,2022,7
2022-07-24,YYC-NW,IN_STORE,40,1620,81.01,1539,2022,7
2022-07-24,YYC-NW,ONLINE,11,443,22.19,421,2022,7
2022-07-24,YYC-SE,IN_STORE,48,1361,68.05,1292,2022,7
2022-07-24,YYC-SE,ONLINE,9,346,17.31,328,2022,7
2022-07-25,YYC-DT,IN_STORE,86,2116,105.81,2010,2022,7
2022-07-25,YYC-DT,ONLINE,15,593,29.67,563,2022,7
2022-07-25,YYC-NW,IN_STORE,37,1453,72.66,1380,2022,7
2022-07-25,YYC-NW,ONLINE,10,327,16.39,311,2022,7
2022-07-25,YYC-SE,IN_STORE,44,1329,66.46,1262,2022,7
2022-07-25,YYC-SE,ONLINE,9,331,16.56,314,2022,7
2022-07-26,YYC-DT,IN_STORE,59,2046,102.31,1943,2022,7
2022-07-26,YYC-DT,ONLINE,15,556,27.81,528,2022,7
2022-07-26,YYC-NW,IN_STORE,41,1459,72.97,1386,2022,7
2022-07-26,YYC-NW,ONLINE,12,404,20.23,384,2022,7
2022-07-26,YYC-SE,IN_STORE,41,1282,64.12,1218,2022,7
2022-07-26,YYC-SE,ONLINE,9,317,15.89,301,2022,7
2022-07-27,YYC-DT,IN_STORE,77,2043,102.18,1941,2022,7
2022-07-27,YYC-DT,ONLINE,14,517,25.88,491,2022,7
2022-07-27,YYC-NW,IN_STORE,54,1474,73.74,1401,2022,7
2022-07-27,YYC-NW,ONLINE,13,375,18.77,356,2022,7
2022-07-27,YYC-SE,IN_STORE,30,1204,60.21,1144,2022,7
2022-07-27,YYC-SE,ONLINE,9,324,16.25,308,2022,7
2022-07-28,YYC-DT,IN_STORE,74,2077,103.89,1973,2022,7
2022-07-28,YYC-DT,ONLINE,14,591,29.58,561,2022,7
2022-07-28,YYC-NW,IN_STORE,57,1532,76.61,1455,2022,7
2022-07-28,YYC-NW,ONLINE,11,400,20.01,380,2022,7
2022-07-28,YYC-SE,IN_STORE,42,1271,63.59,1208,2022,7
2022-07-28,YYC-SE,ONLINE,10,345,17.25,327,2022,7
2022-07-29,YYC-DT,IN_STORE,64,2001,100.06,1901,2022,7
2022-07-29,YYC-DT,ONLINE,23,548,27.43,521,2022,7
2022-07-29,YYC-NW,IN_STORE,42,1399,69.99,1329,2022,7
2022-07-29,YYC-NW,ONLINE,16,402,20.1,381,2022,7
2022-07-29,YYC-SE,IN_STORE,36,1115,55.79,1060,2022,7
2022-07-29,YYC-SE,ONLINE,9,337,16.87,320,2022,7
2022-07-30,YYC-DT,IN_STORE,76,2404,120.23,2284,2022,7
2022-07-30,YYC-DT,ONLINE,16,623,31.18,592,2022,7
2022-07-30,YYC-NW,IN_STORE,53,1674,83.71,1590,2022,7
2022-07-30,YYC-NW,ONLINE,19,484,24.2,459,2022,7
2022-07-30,YYC-SE,IN_STORE,42,1400,70.04,1330,2022,7
2022-07-30,YYC-SE,ONLINE,9,405,20.29,385,2022,7
2022-07-31,YYC-DT,IN_STORE,95,2165,108.26,2057,2022,7
2022-07-31,YYC-DT,ONLINE,17,617,30.87,586,2022,7
2022-07-31,YYC-NW,IN_STORE,41,1744,87.24,1657,2022,7
2022-07-31,YYC-NW,ONLINE,14,402,20.14,382,2022,7
2022-07-31,YYC-SE,IN_STORE,41,1429,71.5,1358,2022,7
2022-07-31,YYC-SE,ONLINE,15,382,19.11,363,2022,7
2022-08-01,YYC-DT,IN_STORE,73,2132,106.61,2025,2022,8
2022-08-01,YYC-DT,ONLINE,19,619,30.95,588,2022,8
2022-08-01,YYC-NW,IN_STORE,50,1434,71.72,1362,2022,8
2022-08-01,YYC-NW,ONLINE,15,443,22.18,421,2022,8
2022-08-01,YYC-SE,IN_STORE,45,1416,70.84,1346,2022,8
2022-08-01,YYC-SE,ONLINE,13,335,16.77,318,2022,8
2022-08-02,YYC-DT,IN_STORE,68,2062,103.14,1959,2022,8
2022-08-02,YYC-DT,ONLINE,19,621,31.06,590,2022,8
2022-08-02,YYC-NW,IN_STORE,36,1389,69.49,1320,2022,8
2022-08-02,YYC-NW,ONLINE,13,359,17.97,341,2022,8
2022-08-02,YYC-SE,IN_STORE,40,1182,59.12,1123,2022,8
2022-08-02,YYC-SE,ONLINE,10,321,16.09,305,2022,8
2022-08-03,YYC-DT,IN_STORE,51,2060,103.04,1957,2022,8
2022-08-03,YYC-DT,ONLINE,23,541,27.05,514,2022,8
2022-08-03,YYC-NW,IN_STORE,39,1386,69.31,1316,2022,8
2022-08-03,YYC-NW,ONLINE,16,397,19.89,377,2022,8
2022-08-03,YYC-SE,IN_STORE,41,1214,60.71,1153,2022,8
2022-08-03,YYC-SE,ONLINE,9,394,19.71,374,2022,8
2022-08-04,YYC-DT,IN_STORE,55,2128,106.43,2022,2022,8
2022-08-04,YYC-DT,ONLINE,15,585,29.28,556,2022,8
2022-08-04,YYC-NW,IN_STORE,44,1578,78.94,1499,2022,8
2022-08-04,YYC-NW,ONLINE,14,436,21.85,415,2022,8
2022-08-04,YYC-SE,IN_STORE,33,1348,67.45,1281,2022,8
2022-08-04,YYC-SE,ONLINE,11,385,19.26,365,2022,8
2022-08-05,YYC-DT,IN_STORE,81,2233,111.65,2121,2022,8
2022-08-05,YYC-DT,ONLINE,18,612,30.6,581,2022,8
2022-08-05,YYC-NW,IN_STORE,51,1608,80.42,1528,2022,8
2022-08-05,YYC-NW,ONLINE,11,418,20.93,397,2022,8
2022-08-05,YYC-SE,IN_STORE,39,1267,63.4,1204,2022,8
2022-08-05,YYC-SE,ONLINE,11,328,16.41,311,2022,8
2022-08-06,YYC-DT,IN_STORE,56,2364,118.24,2246,2022,8
2022-08-06,YYC-DT,ONLINE,16,638,31.93,606,2022,8
2022-08-06,YYC-NW,IN_STORE,59,1655,82.75,1572,2022,8
2022-08-06,YYC-NW,ONLINE,14,456,22.84,433,2022,8
2022-08-06,YYC-SE,IN_STORE,38,1401,70.08,1331,2022,8
2022-08-06,YYC-SE,ONLINE,10,338,16.91,321,2022,8
2022-08-07,YYC-DT,IN_STORE,92,2324,116.23,2208,2022,8
2022-08-07,YYC-DT,ONLINE,15,614,30.72,583,2022,8
2022-08-07,YYC-NW,IN_STORE,47,1573,78.65,1494,2022,8
2022-08-07,YYC-NW,ONLINE,12,458,22.92,435,2022,8
2022-08-07,YYC-SE,IN_STORE,35,1345,67.29,1278,2022,8
2022-08-07,YYC-SE,ONLINE,11,367,18.39,349,2022,8
2022-08-08,YYC-DT,IN_STORE,71,2021,101.07,1920,2022,8
2022-08-08,YYC-DT,ONLINE,18,531,26.58,505,2022,8
2022-08-08,YYC-NW,IN_STORE,52,1308,65.41,1242,2022,8
2022-08-08,YYC-NW,ONLINE,9,423,21.2,402,2022,8
2022-08-08,YYC-SE,IN_STORE,31,1231,61.57,1169,2022,8
2022-08-08,YYC-SE,ONLINE,10,350,17.51,332,2022,8
2022-08-09,YYC-DT,IN_STORE,81,1951,97.56,1853,2022,8
2022-08-09,YYC-DT,ONLINE,13,533,26.67,506,2022,8
2022-08-09,YYC-NW,IN_STORE,37,1476,73.85,1403,2022,8
2022-08-09,YYC-NW,ONLINE,12,345,17.25,327,2022,8
2022-08-09,YYC-SE,IN_STORE,47,1107,55.36,1051,2022,8
2022-08-09,YYC-SE,ONLINE,13,325,16.26,308,2022,8
2022-08-10,YYC-DT,IN_STORE,69,1977,98.89,1879,2022,8
2022-08-10,YYC-DT,ONLINE,16,550,27.54,523,2022,8
2022-08-10,YYC-NW,IN_STORE,48,1461,73.07,1388,2022,8
2022-08-10,YYC-NW,ONLINE,11,354,17.73,336,2022,8
2022-08-10,YYC-SE,IN_STORE,38,1237,61.86,1175,2022,8
2022-08-10,YYC-SE,ONLINE,11,344,17.23,327,2022,8
2022-08-11,YYC-DT,IN_STORE,64,1874,93.72,1780,2022,8
2022-08-11,YYC-DT,ONLINE,14,600,30.04,570,2022,8
2022-08-11,YYC-NW,IN_STORE,42,1407,70.37,1336,2022,8
2022-08-11,YYC-NW,ONLINE,9,339,16.97,322,2022,8
2022-08-11,YYC-SE,IN_STORE,44,1111,55.57,1055,2022,8
2022-08-11,YYC-SE,ONLINE,13,320,16.04,304,2022,8
2022-08-12,YYC-DT,IN_STORE,52,2183,109.17,2074,2022,8
2022-08-12,YYC-DT,ONLINE,19,601,30.06,571,2022,8
2022-08-12,YYC-NW,IN_STORE,49,1500,75.04,1425,2022,8
2022-08-12,YYC-NW,ONLINE,13,386,19.31,366,2022,8
2022-08-12,YYC-SE,IN_STORE,46,1269,63.45,1205,2022,8
2022-08-12,YYC-SE,ONLINE,9,381,19.06,362,2022,8
2022-08-13,YYC-DT,IN_STORE,68,2214,110.71,2103,2022,8
2022-08-13,YYC-DT,ONLINE,22,682,34.11,648,2022,8
2022-08-13,YYC-NW,IN_STORE,57,1591,79.58,1511,2022,8
2022-08-13,YYC-NW,ONLINE,13,466,23.35,443,2022,8
2022-08-13,YYC-SE,IN_STORE,35,1407,70.4,1337,2022,8
2022-08-13,YYC-SE,ONLINE,12,357,17.9,340,2022,8
2022-08-14,YYC-DT,IN_STORE,69,2191,109.59,2082,2022,8
2022-08-14,YYC-DT,ONLINE,21,611,30.56,580,2022,8
2022-08-14,YYC-NW,IN_STORE,68,1639,81.97,1557,2022,8
2022-08-14,YYC-NW,ONLINE,13,438,21.91,416,2022,8
2022-08-14,YYC-SE,IN_STORE,38,1352,67.61,1284,2022,8
2022-08-14,YYC-SE,ONLINE,14,391,19.6,372,2022,8
2022-08-15,YYC-DT,IN_STORE,58,2018,100.92,1917,2022,8
2022-08-15,YYC-DT,ONLINE,14,521,26.08,495,2022,8
2022-08-15,YYC-NW,IN_STORE,38,1371,68.58,1303,2022,8
2022-08-15,YYC-NW,ONLINE,13,457,22.89,434,2022,8
2022-08-15,YYC-SE,IN_STORE,31,1152,57.61,1094,2022,8
2022-08-15,YYC-SE,ONLINE,9,302,15.15,287,2022,8
2022-08-16,YYC-DT,IN_STORE,87,2210,110.53,2100,2022,8
2022-08-16,YYC-DT,ONLINE,15,551,27.59,524,2022,8
2022-08-16,YYC-NW,IN_STORE,39,1676,83.82,1592,2022,8
2022-08-16,YYC-NW,ONLINE,14,406,20.34,386,2022,8
2022-08-16,YYC-SE,IN_STORE,48,1206,60.31,1145,2022,8
2022-08-16,YYC-SE,ONLINE,11,316,15.85,301,2022,8
2022-08-17,YYC-DT,IN_STORE,54,2083,104.17,1979,2022,8
2022-08-17,YYC-DT,ONLINE,15,528,26.4,501,2022,8
2022-08-17,YYC-NW,IN_STORE,58,1445,72.26,1372,2022,8
2022-08-17,YYC-NW,ONLINE,11,431,21.6,410,2022,8
2022-08-17,YYC-SE,IN_STORE,33,1258,62.91,1195,2022,8
2022-08-17,YYC-SE,ONLINE,12,311,15.59,296,2022,8
2022-08-18,YYC-DT,IN_STORE,63,1861,93.06,1768,2022,8
2022-08-18,YYC-DT,ONLINE,18,518,25.93,492,2022,8
2022-08-18,YYC-NW,IN_STORE,42,1331,66.56,1264,2022,8
2022-08-18,YYC-NW,ONLINE,12,366,18.32,348,2022,8
2022-08-18,YYC-SE,IN_STORE,34,1097,54.88,1042,2022,8
2022-08-18,YYC-SE,ONLINE,9,293,14.7,279,2022,8
2022-08-19,YYC-DT,IN_STORE,68,1890,94.55,1796,2022,8
2022-08-19,YYC-DT,ONLINE,17,505,25.27,480,2022,8
2022-08-19,YYC-NW,IN_STORE,52,1372,68.61,1303,2022,8
2022-08-19,YYC-NW,ONLINE,9,390,19.55,371,2022,8
2022-08-19,YYC-SE,IN_STORE,34,1176,58.84,1117,2022,8
2022-08-19,YYC-SE,ONLINE,12,310,15.54,295,2022,8
2022-08-20,YYC-DT,IN_STORE,83,2311,115.6,2196,2022,8
2022-08-20,YYC-DT,ONLINE,16,604,30.24,574,2022,8
2022-08-20,YYC-NW,IN_STORE,42,1461,73.08,1388,2022,8
2022-08-20,YYC-NW,ONLINE,11,392,19.62,372,2022,8
2022-08-20,YYC-SE,IN_STORE,49,1342,67.14,1275,2022,8
2022-08-20,YYC-SE,ONLINE,9,344,17.2,326,2022,8
2022-08-21,YYC-DT,IN_STORE,81,2046,102.33,1944,2022,8
2022-08-21,YYC-DT,ONLINE,15,572,28.63,543,2022,8
2022-08-21,YYC-NW,IN_STORE,46,1424,71.2,1352,2022,8
2022-08-21,YYC-NW,ONLINE,11,392,19.63,372,2022,8
2022-08-21,YYC-SE,IN_STORE,47,1183,59.15,1123,2022,8
2022-08-21,YYC-SE,ONLINE,9,421,21.06,400,2022,8
2022-08-22,YYC-DT,IN_STORE,75,2222,111.14,2111,2022,8
2022-08-22,YYC-DT,ONLINE,21,551,27.57,523,2022,8
2022-08-22,YYC-NW,IN_STORE,43,1472,73.64,1399,2022,8
2022-08-22,YYC-NW,ONLINE,13,393,19.7,374,2022,8
2022-08-22,YYC-SE,IN_STORE,31,1294,64.71,1229,2022,8
2022-08-22,YYC-SE,ONLINE,10,334,16.75,318,2022,8
2022-08-23,YYC-DT,IN_STORE,81,2235,111.79,2124,2022,8
2022-08-23,YYC-DT,ONLINE,21,631,31.56,599,2022,8
2022-08-23,YYC-NW,IN_STORE,52,1520,76.02,1444,2022,8
2022-08-23,YYC-NW,ONLINE,18,439,21.98,417,2022,8
2022-08-23,YYC-SE,IN_STORE,41,1381,69.06,1312,2022,8
2022-08-23,YYC-SE,ONLINE,15,339,16.96,322,2022,8
2022-08-24,YYC-DT,IN_STORE,55,2155,107.76,2047,2022,8
2022-08-24,YYC-DT,ONLINE,19,595,29.77,565,2022,8
2022-08-24,YYC-NW,IN_STORE,60,1537,76.87,1460,2022,8
2022-08-24,YYC-NW,ONLINE,16,438,21.92,416,2022,8
2022-08-24,YYC-SE,IN_STORE,32,1419,70.98,1348,2022,8
2022-08-24,YYC-SE,ONLINE,12,356,17.82,338,2022,8
2022-08-25,YYC-DT,IN_STORE,55,2004,100.2,1903,2022,8
2022-08-25,YYC-DT,ONLINE,14,560,28.03,532,2022,8
2022-08-25,YYC-NW,IN_STORE,35,1486,74.3,1411,2022,8
2022-08-25,YYC-NW,ONLINE,13,409,20.47,388,2022,8
2022-08-25,YYC-SE,IN_STORE,39,1220,61.03,1159,2022,8
2022-08-25,YYC-SE,ONLINE,12,340,17.04,323,2022,8
2022-08-26,YYC-DT,IN_STORE,78,2417,120.86,2296,2022,8
2022-08-26,YYC-DT,ONLINE,16,576,28.84,547,2022,8
2022-08-26,YYC-NW,IN_STORE,40,1498,74.91,1423,2022,8
2022-08-26,YYC-NW,ONLINE,11,488,24.43,464,2022,8
2022-08-26,YYC-SE,IN_STORE,51,1320,66.04,1254,2022,8
2022-08-26,YYC-SE,ONLINE,14,308,15.42,293,2022,8
2022-08-27,YYC-DT,IN_STORE,63,2346,117.33,2229,2022,8
2022-08-27,YYC-DT,ONLINE,16,625,31.29,594,2022,8
2022-08-27,YYC-NW,IN_STORE,48,1682,84.15,1598,2022,8
2022-08-27,YYC-NW,ONLINE,19,480,24.01,456,2022,8
2022-08-27,YYC-SE,IN_STORE,52,1359,68.0,1291,2022,8
2022-08-27,YYC-SE,ONLINE,14,341,17.08,324,2022,8
2022-08-28,YYC-DT,IN_STORE,71,2058,102.94,1955,2022,8
2022-08-28,YYC-DT,ONLINE,15,598,29.93,568,2022,8
2022-08-28,YYC-NW,IN_STORE,39,1440,72.0,1368,2022,8
2022-08-28,YYC-NW,ONLINE,14,407,20.39,387,2022,8
2022-08-28,YYC-SE,IN_STORE,46,1400,70.04,1330,2022,8
2022-08-28,YYC-SE,ONLINE,10,414,20.75,394,2022,8
2022-08-29,YYC-DT,IN_STORE,49,1994,99.7,1894,2022,8
2022-08-29,YYC-DT,ONLINE,13,498,24.94,473,2022,8
2022-08-29,YYC-NW,IN_STORE,47,1555,77.76,1477,2022,8
2022-08-29,YYC-NW,ONLINE,16,404,20.22,384,2022,8
2022-08-29,YYC-SE,IN_STORE,31,1202,60.14,1142,2022,8
2022-08-29,YYC-SE,ONLINE,11,358,17.93,340,2022,8
2022-08-30,YYC-DT,IN_STORE,65,1963,98.17,1865,2022,8
2022-08-30,YYC-DT,ONLINE,16,555,27.78,527,2022,8
2022-08-30,YYC-NW,IN_STORE,41,1354,67.72,1286,2022,8
2022-08-30,YYC-NW,ONLINE,15,411,20.56,390,2022,8
2022-08-30,YYC-SE,IN_STORE,33,1278,63.92,1214,2022,8
2022-08-30,YYC-SE,ONLINE,9,358,17.93,340,2022,8
2022-08-31,YYC-DT,IN_STORE,60,1996,99.85,1897,2022,8
2022-08-31,YYC-DT,ONLINE,23,590,29.53,561,2022,8
2022-08-31,YYC-NW,IN_STORE,42,1513,75.7,1438,2022,8
2022-08-31,YYC-NW,ONLINE,11,386,19.33,367,2022,8
2022-08-31,YYC-SE,IN_STORE,38,1211,60.6,1151,2022,8
2022-08-31,YYC-SE,ONLINE,9,319,15.99,303,2022,8
2022-09-01,YYC-DT,IN_STORE,71,2016,100.85,1916,2022,9
2022-09-01,YYC-DT,ONLINE,17,528,26.41,501,2022,9
2022-09-01,YYC-NW,IN_STORE,47,1500,75.02,1425,2022,9
2022-09-01,YYC-NW,ONLINE,14,381,19.05,361,2022,9
2022-09-01,YYC-SE,IN_STORE,34,1136,56.81,1079,2022,9
2022-09-01,YYC-SE,ONLINE,9,310,15.52,294,2022,9
2022-09-02,YYC-DT,IN_STORE,49,2061,103.06,1958,2022,9
2022-09-02,YYC-DT,ONLINE,14,504,25.21,478,2022,9
2022-09-02,YYC-NW,IN_STORE,60,1526,76.34,1450,2022,9
2022-09-02,YYC-NW,ONLINE,10,377,18.85,358,2022,9
2022-09-02,YYC-SE,IN_STORE,38,1219,60.99,1158,2022,9
2022-09-02,YYC-SE,ONLINE,9,349,17.46,331,2022,9
2022-09-03,YYC-DT,IN_STORE,77,2263,113.15,2149,2022,9
2022-09-03,YYC-DT,ONLINE,18,672,33.63,638,2022,9
2022-09-03,YYC-NW,IN_STORE,61,1555,77.75,1477,2022,9
2022-09-03,YYC-NW,ONLINE,11,492,24.64,468,2022,9
2022-09-03,YYC-SE,IN_STORE,51,1284,64.2,1219,2022,9
2022-09-03,YYC-SE,ONLINE,11,331,16.57,314,2022,9
2022-09-04,YYC-DT,IN_STORE,60,2243,112.17,2131,2022,9
2022-09-04,YYC-DT,ONLINE,21,695,34.76,660,2022,9
2022-09-04,YYC-NW,IN_STORE,44,1627,81.37,1545,2022,9
2022-09-04,YYC-NW,ONLINE,16,476,23.81,452,2022,9
2022-09-04,YYC-SE,IN_STORE,34,1399,69.96,1329,2022,9
2022-09-04,YYC-SE,ONLINE,9,367,18.38,349,2022,9
2022-09-05,YYC-DT,IN_STORE,86,2129,106.5,2023,2022,9
2022-09-05,YYC-DT,ONLINE,16,527,26.38,501,2022,9
2022-09-05,YYC-NW,IN_STORE,52,1537,76.86,1460,2022,9
2022-09-05,YYC-NW,ONLINE,12,390,19.54,371,2022,9
2022-09-05,YYC-SE,IN_STORE,42,1261,63.06,1198,2022,9
2022-09-05,YYC-SE,ONLINE,9,363,18.16,345,2022,9
2022-09-06,YYC-DT,IN_STORE,66,2189,109.5,2080,2022,9
2022-09-06,YYC-DT,ONLINE,19,627,31.37,595,2022,9
2022-09-06,YYC-NW,IN_STORE,57,1427,71.36,1355,2022,9
2022-09-06,YYC-NW,ONLINE,13,404,20.22,384,2022,9
2022-09-06,YYC-SE,IN_STORE,47,1227,61.38,1166,2022,9
2022-09-06,YYC-SE,ONLINE,10,381,19.07,362,2022,9
2022-09-07,YYC-DT,IN_STORE,45,1848,92.4,1755,2022,9
2022-09-07,YYC-DT,ONLINE,15,501,25.05,476,2022,9
2022-09-07,YYC-NW,IN_STORE,39,1320,66.02,1254,2022,9
2022-09-07,YYC-NW,ONLINE,12,364,18.24,346,2022,9
2022-09-07,YYC-SE,IN_STORE,35,1088,54.43,1034,2022,9
2022-09-07,YYC-SE,ONLINE,10,287,14.37,273,2022,9
2022-09-08,YYC-DT,IN_STORE,56,1697,84.87,1612,2022,9
2022-09-08,YYC-DT,ONLINE,15,487,24.39,463,2022,9
2022-09-08,YYC-NW,IN_STORE,47,1235,61.77,1173,2022,9
2022-09-08,YYC-NW,ONLINE,8,363,18.16,345,2022,9
2022-09-08,YYC-SE,IN_STORE,30,1014,50.74,963,2022,9
2022-09-08,YYC-SE,ONLINE,8,293,14.66,278,2022,9
2022-09-09,YYC-DT,IN_STORE,70,2053,102.68,1950,2022,9
2022-09-09,YYC-DT,ONLINE,14,619,30.96,588,2022,9
2022-09-09,YYC-NW,IN_STORE,44,1500,75.01,1425,2022,9
2022-09-09,YYC-NW,ONLINE,11,483,24.17,459,2022,9
2022-09-09,YYC-SE,IN_STORE,32,1203,60.16,1143,2022,9
2022-09-09,YYC-SE,ONLINE,11,319,15.96,303,2022,9
2022-09-10,YYC-DT,IN_STORE,65,2079,103.98,1975,2022,9
2022-09-10,YYC-DT,ONLINE,16,670,33.52,636,2022,9
2022-09-10,YYC-NW,IN_STORE,51,1514,75.74,1439,2022,9
2022-09-10,YYC-NW,ONLINE,11,414,20.74,394,2022,9
2022-09-10,YYC-SE,IN_STORE,36,1263,63.18,1200,2022,9
2022-09-10,YYC-SE,ONLINE,9,352,17.64,335,2022,9
2022-09-11,YYC-DT,IN_STORE,82,2211,110.57,2100,2022,9
2022-09-11,YYC-DT,ONLINE,19,596,29.82,566,2022,9
2022-09-11,YYC-NW,IN_STORE,43,1627,81.36,1545,2022,9
2022-09-11,YYC-NW,ONLINE,14,448,22.44,426,2022,9
2022-09-11,YYC-SE,IN_STORE,34,1260,63.03,1197,2022,9
2022-09-11,YYC-SE,ONLINE,9,357,17.87,339,2022,9
2022-09-12,YYC-DT,IN_STORE,69,1825,91.29,1734,2022,9
2022-09-12,YYC-DT,ONLINE,18,543,27.19,516,2022,9
2022-09-12,YYC-NW,IN_STORE,34,1399,69.97,1329,2022,9
2022-09-12,YYC-NW,ONLINE,10,369,18.49,351,2022,9
2022-09-12,YYC-SE,IN_STORE,48,1178,58.92,1119,2022,9
2022-09-12,YYC-SE,ONLINE,7,278,13.9,264,2022,9
2022-09-13,YYC-DT,IN_STORE,69,1905,95.27,1810,2022,9
2022-09-13,YYC-DT,ONLINE,13,481,24.1,457,2022,9
2022-09-13,YYC-NW,IN_STORE,37,1303,65.17,1238,2022,9
2022-09-13,YYC-NW,ONLINE,15,402,20.13,382,2022,9
2022-09-13,YYC-SE,IN_STORE,28,1066,53.3,1012,2022,9
2022-09-13,YYC-SE,ONLINE,11,298,14.92,283,2022,9
2022-09-14,YYC-DT,IN_STORE,66,2147,107.38,2040,2022,9
2022-09-14,YYC-DT,ONLINE,24,560,28.01,532,2022,9
2022-09-14,YYC-NW,IN_STORE,54,1471,73.59,1398,2022,9
2022-09-14,YYC-NW,ONLINE,14,379,18.98,360,2022,9
2022-09-14,YYC-SE,IN_STORE,46,1178,58.93,1119,2022,9
2022-09-14,YYC-SE,ONLINE,9,281,14.08,267,2022,9
2022-09-15,YYC-DT,IN_STORE,61,2166,108.33,2058,2022,9
2022-09-15,YYC-DT,ONLINE,19,586,29.34,557,2022,9
2022-09-15,YYC-NW,IN_STORE,53,1483,74.19,1409,2022,9
2022-09-15,YYC-NW,ONLINE,11,356,17.8,338,2022,9
2022-09-15,YYC-SE,IN_STORE,33,1172,58.64,1114,2022,9
2022-09-15,YYC-SE,ONLINE,12,337,16.88,320,2022,9
2022-09-16,YYC-DT,IN_STORE,52,1822,91.14,1731,2022,9
2022-09-16,YYC-DT,ONLINE,22,531,26.59,505,2022,9
2022-09-16,YYC-NW,IN_STORE,38,1480,74.03,1406,2022,9
2022-09-16,YYC-NW,ONLINE,10,383,19.16,364,2022,9
2022-09-16,YYC-SE,IN_STORE,33,1193,59.7,1134,2022,9
2022-09-16,YYC-SE,ONLINE,9,317,15.86,301,2022,9
2022-09-17,YYC-DT,IN_STORE,55,1840,92.01,1748,2022,9
2022-09-17,YYC-DT,ONLINE,15,503,25.19,478,2022,9
2022-09-17,YYC-NW,IN_STORE,40,1257,62.9,1195,2022,9
2022-09-17,YYC-NW,ONLINE,11,383,19.17,364,2022,9
2022-09-17,YYC-SE,IN_STORE,41,1122,56.11,1066,2022,9
2022-09-17,YYC-SE,ONLINE,9,335,16.77,318,2022,9
2022-09-18,YYC-DT,IN_STORE,78,2130,106.51,2023,2022,9
2022-09-18,YYC-DT,ONLINE,14,578,28.93,549,2022,9
2022-09-18,YYC-NW,IN_STORE,58,1500,75.01,1425,2022,9
2022-09-18,YYC-NW,ONLINE,12,450,22.54,428,2022,9
2022-09-18,YYC-SE,IN_STORE,45,1282,64.15,1218,2022,9
2022-09-18,YYC-SE,ONLINE,11,326,16.31,309,2022,9
2022-09-19,YYC-DT,IN_STORE,66,2093,104.67,1988,2022,9
2022-09-19,YYC-DT,ONLINE,18,529,26.46,502,2022,9
2022-09-19,YYC-NW,IN_STORE,55,1539,76.96,1462,2022,9
2022-09-19,YYC-NW,ONLINE,15,356,17.84,338,2022,9
2022-09-19,YYC-SE,IN_STORE,42,1253,62.69,1191,2022,9
2022-09-19,YYC-SE,ONLINE,12,303,15.19,288,2022,9
2022-09-20,YYC-DT,IN_STORE,46,1950,97.53,1853,2022,9
2022-09-20,YYC-DT,ONLINE,18,455,22.78,432,2022,9
2022-09-20,YYC-NW,IN_STORE,41,1209,60.48,1149,2022,9
2022-09-20,YYC-NW,ONLINE,13,350,17.52,332,2022,9
2022-09-20,YYC-SE,IN_STORE,32,1248,62.43,1186,2022,9
2022-09-20,YYC-SE,ONLINE,10,289,14.47,275,2022,9
2022-09-21,YYC-DT,IN_STORE,66,2025,101.29,1924,2022,9
2022-09-21,YYC-DT,ONLINE,19,550,27.52,522,2022,9
2022-09-21,YYC-NW,IN_STORE,58,1439,71.99,1367,2022,9
2022-09-21,YYC-NW,ONLINE,15,384,19.2,364,2022,9
2022-09-21,YYC-SE,IN_STORE,37,1226,61.32,1165,2022,9
2022-09-21,YYC-SE,ONLINE,12,381,19.09,362,2022,9
2022-09-22,YYC-DT,IN_STORE,70,2042,102.13,1940,2022,9
2022-09-22,YYC-DT,ONLINE,16,553,27.68,525,2022,9
2022-09-22,YYC-NW,IN_STORE,36,1480,74.01,1406,2022,9
2022-09-22,YYC-NW,ONLINE,10,395,19.78,375,2022,9
2022-09-22,YYC-SE,IN_STORE,30,1247,62.39,1185,2022,9
2022-09-22,YYC-SE,ONLINE,11,342,17.14,325,2022,9
2022-09-23,YYC-DT,IN_STORE,69,2073,103.69,1970,2022,9
2022-09-23,YYC-DT,ONLINE,17,583,29.17,554,2022,9
2022-09-23,YYC-NW,IN_STORE,46,1428,71.41,1356,2022,9
2022-09-23,YYC-NW,ONLINE,14,415,20.79,395,2022,9
2022-09-23,YYC-SE,IN_STORE,38,1383,69.18,1314,2022,9
2022-09-23,YYC-SE,ONLINE,13,357,17.89,339,2022,9
2022-09-24,YYC-DT,IN_STORE,63,2123,106.17,2017,2022,9
2022-09-24,YYC-DT,ONLINE,24,625,31.28,594,2022,9
2022-09-24,YYC-NW,IN_STORE,43,1591,79.57,1511,2022,9
2022-09-24,YYC-NW,ONLINE,15,465,23.27,442,2022,9
2022-09-24,YYC-SE,IN_STORE,39,1447,72.38,1375,2022,9
2022-09-24,YYC-SE,ONLINE,9,356,17.82,338,2022,9
2022-09-25,YYC-DT,IN_STORE,53,2190,109.54,2081,2022,9
2022-09-25,YYC-DT,ONLINE,15,548,27.41,520,2022,9
2022-09-25,YYC-NW,IN_STORE,37,1517,75.87,1441,2022,9
2022-09-25,YYC-NW,ONLINE,13,414,20.71,393,2022,9
2022-09-25,YYC-SE,IN_STORE,40,1292,64.63,1227,2022,9
2022-09-25,YYC-SE,ONLINE,12,311,15.57,295,2022,9
2022-09-26,YYC-DT,IN_STORE,64,2113,105.67,2007,2022,9
2022-09-26,YYC-DT,ONLINE,24,648,32.43,616,2022,9
2022-09-26,YYC-NW,IN_STORE,38,1415,70.76,1344,2022,9
2022-09-26,YYC-NW,ONLINE,10,464,23.23,441,2022,9
2022-09-26,YYC-SE,IN_STORE,32,1394,69.74,1324,2022,9
2022-09-26,YYC-SE,ONLINE,11,373,18.68,354,2022,9
2022-09-27,YYC-DT,IN_STORE,57,1821,91.06,1730,2022,9
2022-09-27,YYC-DT,ONLINE,15,530,26.51,503,2022,9
2022-09-27,YYC-NW,IN_STORE,34,1502,75.13,1427,2022,9
2022-09-27,YYC-NW,ONLINE,14,373,18.69,355,2022,9
2022-09-27,YYC-SE,IN_STORE,32,1228,61.45,1167,2022,9
2022-09-27,YYC-SE,ONLINE,8,324,16.21,308,2022,9
2022-09-28,YYC-DT,IN_STORE,65,2077,103.86,1973,2022,9
2022-09-28,YYC-DT,ONLINE,15,557,27.9,530,2022,9
2022-09-28,YYC-NW,IN_STORE,34,1350,67.52,1282,2022,9
2022-09-28,YYC-NW,ONLINE,16,409,20.45,388,2022,9
2022-09-28,YYC-SE,IN_STORE,29,1202,60.13,1142,2022,9
2022-09-28,YYC-SE,ONLINE,12,319,15.97,303,2022,9
2022-09-29,YYC-DT,IN_STORE,78,1931,96.55,1834,2022,9
2022-09-29,YYC-DT,ONLINE,16,516,25.83,490,2022,9
2022-09-29,YYC-NW,IN_STORE,40,1388,69.44,1319,2022,9
2022-09-29,YYC-NW,ONLINE,10,429,21.47,407,2022,9
2022-09-29,YYC-SE,IN_STORE,46,1147,57.36,1089,2022,9
2022-09-29,YYC-SE,ONLINE,13,350,17.5,332,2022,9
2022-09-30,YYC-DT,IN_STORE,51,1995,99.8,1896,2022,9
2022-09-30,YYC-DT,ONLINE,14,520,26.02,494,2022,9
2022-09-30,YYC-NW,IN_STORE,36,1363,68.17,1295,2022,9
2022-09-30,YYC-NW,ONLINE,15,425,21.28,404,2022,9
2022-09-30,YYC-SE,IN_STORE,32,1207,60.35,1146,2022,9
2022-09-30,YYC-SE,ONLINE,12,337,16.9,321,2022,9
2022-10-01,YYC-DT,IN_STORE,55,2085,104.26,1980,2022,10
2022-10-01,YYC-DT,ONLINE,23,639,31.95,607,2022,10
2022-10-01,YYC-NW,IN_STORE,63,1585,79.25,1505,2022,10
2022-10-01,YYC-NW,ONLINE,10,435,21.77,413,2022,10
2022-10-01,YYC-SE,IN_STORE,38,1361,68.06,1293,2022,10
2022-10-01,YYC-SE,ONLINE,9,400,20.0,380,2022,10
2022-10-02,YYC-DT,IN_STORE,94,2317,115.86,2201,2022,10
2022-10-02,YYC-DT,ONLINE,19,618,30.93,587,2022,10
2022-10-02,YYC-NW,IN_STORE,42,1613,80.66,1532,2022,10
2022-10-02,YYC-NW,ONLINE,14,446,22.31,423,2022,10
2022-10-02,YYC-SE,IN_STORE,45,1404,70.23,1334,2022,10
2022-10-02,YYC-SE,ONLINE,13,384,19.24,365,2022,10
2022-10-03,YYC-DT,IN_STORE,68,2188,109.41,2078,2022,10
2022-10-03,YYC-DT,ONLINE,24,654,32.74,622,2022,10
2022-10-03,YYC-NW,IN_STORE,51,1544,77.2,1466,2022,10
2022-10-03,YYC-NW,ONLINE,12,433,21.67,411,2022,10
2022-10-03,YYC-SE,IN_STORE,47,1388,69.41,1318,2022,10
2022-10-03,YYC-SE,ONLINE,12,366,18.31,347,2022,10
2022-10-04,YYC-DT,IN_STORE,54,1915,95.76,1819,2022,10
2022-10-04,YYC-DT,ONLINE,20,547,27.37,520,2022,10
2022-10-04,YYC-NW,IN_STORE,55,1350,67.54,1283,2022,10
2022-10-04,YYC-NW,ONLINE,10,356,17.8,338,2022,10
2022-10-04,YYC-SE,IN_STORE,45,1199,59.96,1139,2022,10
2022-10-04,YYC-SE,ONLINE,13,321,16.09,305,2022,10
2022-10-05,YYC-DT,IN_STORE,48,2011,100.56,1910,2022,10
2022-10-05,YYC-DT,ONLINE,21,583,29.16,553,2022,10
2022-10-05,YYC-NW,IN_STORE,34,1313,65.65,1247,2022,10
2022-10-05,YYC-NW,ONLINE,13,379,18.98,360,2022,10
2022-10-05,YYC-SE,IN_STORE,31,1114,55.73,1058,2022,10
2022-10-05,YYC-SE,ONLINE,8,321,16.08,305,2022,10
2022-10-06,YYC-DT,IN_STORE,70,2372,118.6,2253,2022,10
2022-10-06,YYC-DT,ONLINE,17,617,30.87,586,2022,10
2022-10-06,YYC-NW,IN_STORE,43,1547,77.38,1470,2022,10
2022-10-06,YYC-NW,ONLINE,11,488,24.41,463,2022,10
2022-10-06,YYC-SE,IN_STORE,49,1362,68.11,1294,2022,10
2022-10-06,YYC-SE,ONLINE,9,368,18.41,349,2022,10
2022-10-07,YYC-DT,IN_STORE,61,2106,105.31,2000,2022,10
2022-10-07,YYC-DT,ONLINE,21,578,28.92,549,2022,10
2022-10-07,YYC-NW,IN_STORE,53,1409,70.45,1338,2022,10
2022-10-07,YYC-NW,ONLINE,16,394,19.73,374,2022,10
2022-10-07,YYC-SE,IN_STORE,32,1195,59.76,1135,2022,10
2022-10-07,YYC-SE,ONLINE,9,378,18.95,359,2022,10
2022-10-08,YYC-DT,IN_STORE,79,2295,114.76,2180,2022,10
2022-10-08,YYC-DT,ONLINE,25,606,30.33,576,2022,10
2022-10-08,YYC-NW,IN_STORE,46,1663,83.17,1580,2022,10
2022-10-08,YYC-NW,ONLINE,12,432,21.62,410,2022,10
2022-10-08,YYC-SE,IN_STORE,50,1380,69.0,1311,2022,10
2022-10-08,YYC-SE,ONLINE,10,339,16.98,322,2022,10
2022-10-09,YYC-DT,IN_STORE,62,2461,123.09,2338,2022,10
2022-10-09,YYC-DT,ONLINE,25,695,34.8,661,2022,10
2022-10-09,YYC-NW,IN_STORE,47,1607,80.36,1526,2022,10
2022-10-09,YYC-NW,ONLINE,16,568,28.44,540,2022,10
2022-10-09,YYC-SE,IN_STORE,60,1517,75.88,1441,2022,10
2022-10-09,YYC-SE,ONLINE,14,404,20.21,384,2022,10
2022-10-10,YYC-DT,IN_STORE,60,2018,100.9,1917,2022,10
2022-10-10,YYC-DT,ONLINE,18,548,27.44,521,2022,10
2022-10-10,YYC-NW,IN_STORE,53,1440,72.03,1368,2022,10
2022-10-10,YYC-NW,ONLINE,14,414,20.74,394,2022,10
2022-10-10,YYC-SE,IN_STORE,43,1257,62.87,1194,2022,10
2022-10-10,YYC-SE,ONLINE,12,380,19.02,361,2022,10
2022-10-11,YYC-DT,IN_STORE,89,2348,117.43,2231,2022,10
2022-10-11,YYC-DT,ONLINE,22,617,30.88,586,2022,10
2022-10-11,YYC-NW,IN_STORE,52,1701,85.08,1616,2022,10
2022-10-11,YYC-NW,ONLINE,15,481,24.06,457,2022,10
2022-10-11,YYC-SE,IN_STORE,37,1302,65.1,1236,2022,10
2022-10-11,YYC-SE,ONLINE,13,385,19.28,366,2022,10
2022-10-12,YYC-DT,IN_STORE,53,1964,98.25,1866,2022,10
2022-10-12,YYC-DT,ONLINE,15,626,31.31,594,2022,10
2022-10-12,YYC-NW,IN_STORE,61,1527,76.38,1451,2022,10
2022-10-12,YYC-NW,ONLINE,18,416,20.82,395,2022,10
2022-10-12,YYC-SE,IN_STORE,43,1261,63.08,1198,2022,10
2022-10-12,YYC-SE,ONLINE,9,353,17.66,335,2022,10
2022-10-13,YYC-DT,IN_STORE,65,2151,107.56,2043,2022,10
2022-10-13,YYC-DT,ONLINE,21,570,28.5,541,2022,10
2022-10-13,YYC-NW,IN_STORE,42,1426,71.31,1354,2022,10
2022-10-13,YYC-NW,ONLINE,11,407,20.36,386,2022,10
2022-10-13,YYC-SE,IN_STORE,51,1232,61.64,1171,2022,10
2022-10-13,YYC-SE,ONLINE,12,352,17.62,334,2022,10
2022-10-14,YYC-DT,IN_STORE,58,2287,114.36,2172,2022,10
2022-10-14,YYC-DT,ONLINE,16,631,31.56,599,2022,10
2022-10-14,YYC-NW,IN_STORE,51,1756,87.82,1668,2022,10
2022-10-14,YYC-NW,ONLINE,19,424,21.2,402,2022,10
2022-10-14,YYC-SE,IN_STORE,41,1363,68.15,1294,2022,10
2022-10-14,YYC-SE,ONLINE,11,388,19.44,369,2022,10
2022-10-15,YYC-DT,IN_STORE,69,2284,114.21,2169,2022,10
2022-10-15,YYC-DT,ONLINE,25,635,31.79,603,2022,10
2022-10-15,YYC-NW,IN_STORE,48,1562,78.11,1484,2022,10
2022-10-15,YYC-NW,ONLINE,13,417,20.9,397,2022,10
2022-10-15,YYC-SE,IN_STORE,46,1454,72.71,1381,2022,10
2022-10-15,YYC-SE,ONLINE,9,405,20.26,384,2022,10
2022-10-16,YYC-DT,IN_STORE,94,2339,116.99,2222,2022,10
2022-10-16,YYC-DT,ONLINE,16,640,32.04,608,2022,10
2022-10-16,YYC-NW,IN_STORE,52,1764,88.21,1675,2022,10
2022-10-16,YYC-NW,ONLINE,14,426,21.3,404,2022,10
2022-10-16,YYC-SE,IN_STORE,43,1526,76.33,1450,2022,10
2022-10-16,YYC-SE,ONLINE,14,416,20.81,395,2022,10
2022-10-17,YYC-DT,IN_STORE,68,2202,110.12,2092,2022,10
2022-10-17,YYC-DT,ONLINE,18,607,30.39,577,2022,10
2022-10-17,YYC-NW,IN_STORE,50,1556,77.82,1478,2022,10
2022-10-17,YYC-NW,ONLINE,13,370,18.5,351,2022,10
2022-10-17,YYC-SE,IN_STORE,35,1259,62.97,1196,2022,10
2022-10-17,YYC-SE,ONLINE,8,341,17.09,324,2022,10
2022-10-18,YYC-DT,IN_STORE,58,2163,108.17,2055,2022,10
2022-10-18,YYC-DT,ONLINE,19,679,33.98,645,2022,10
2022-10-18,YYC-NW,IN_STORE,50,1682,84.1,1597,2022,10
2022-10-18,YYC-NW,ONLINE,18,480,24.04,456,2022,10
2022-10-18,YYC-SE,IN_STORE,33,1175,58.8,1117,2022,10
2022-10-18,YYC-SE,ONLINE,13,379,18.97,360,2022,10
2022-10-19,YYC-DT,IN_STORE,63,2336,116.81,2219,2022,10
2022-10-19,YYC-DT,ONLINE,15,614,30.75,584,2022,10
2022-10-19,YYC-NW,IN_STORE,44,1591,79.57,1511,2022,10
2022-10-19,YYC-NW,ONLINE,11,460,23.04,437,2022,10
2022-10-19,YYC-SE,IN_STORE,33,1409,70.45,1338,2022,10
2022-10-19,YYC-SE,ONLINE,11,393,19.68,373,2022,10
2022-10-20,YYC-DT,IN_STORE,58,2046,102.33,1944,2022,10
2022-10-20,YYC-DT,ONLINE,20,623,31.17,592,2022,10
2022-10-20,YYC-NW,IN_STORE,58,1444,72.24,1372,2022,10
2022-10-20,YYC-NW,ONLINE,16,394,19.71,374,2022,10
2022-10-20,YYC-SE,IN_STORE,35,1290,64.54,1226,2022,10
2022-10-20,YYC-SE,ONLINE,10,343,17.19,326,2022,10
2022-10-21,YYC-DT,IN_STORE,56,2035,101.8,1934,2022,10
2022-10-21,YYC-DT,ONLINE,18,535,26.78,508,2022,10
2022-10-21,YYC-NW,IN_STORE,54,1489,74.47,1414,2022,10
2022-10-21,YYC-NW,ONLINE,11,485,24.26,460,2022,10
2022-10-21,YYC-SE,IN_STORE,38,1253,62.68,1190,2022,10
2022-10-21,YYC-SE,ONLINE,13,339,16.99,322,2022,10
2022-10-22,YYC-DT,IN_STORE,84,2336,116.85,2220,2022,10
2022-10-22,YYC-DT,ONLINE,19,611,30.58,580,2022,10
2022-10-22,YYC-NW,IN_STORE,46,1759,87.96,1671,2022,10
2022-10-22,YYC-NW,ONLINE,17,453,22.68,430,2022,10
2022-10-22,YYC-SE,IN_STORE,53,1502,75.11,1427,2022,10
2022-10-22,YYC-SE,ONLINE,13,423,21.17,402,2022,10
2022-10-23,YYC-DT,IN_STORE,68,2286,114.33,2172,2022,10
2022-10-23,YYC-DT,ONLINE,23,614,30.7,583,2022,10
2022-10-23,YYC-NW,IN_STORE,39,1696,84.81,1611,2022,10
2022-10-23,YYC-NW,ONLINE,11,419,20.97,398,2022,10
2022-10-23,YYC-SE,IN_STORE,40,1308,65.44,1243,2022,10
2022-10-23,YYC-SE,ONLINE,14,433,21.65,411,2022,10
2022-10-24,YYC-DT,IN_STORE,74,2404,120.2,2283,2022,10
2022-10-24,YYC-DT,ONLINE,20,645,32.27,613,2022,10
2022-10-24,YYC-NW,IN_STORE,57,1658,82.95,1575,2022,10
2022-10-24,YYC-NW,ONLINE,17,505,25.27,480,2022,10
2022-10-24,YYC-SE,IN_STORE,56,1474,73.7,1400,2022,10
2022-10-24,YYC-SE,ONLINE,9,354,17.7,336,2022,10
2022-10-25,YYC-DT,IN_STORE,61,2103,105.16,1997,2022,10
2022-10-25,YYC-DT,ONLINE,18,589,29.47,559,2022,10
2022-10-25,YYC-NW,IN_STORE,49,1546,77.31,1468,2022,10
2022-10-25,YYC-NW,ONLINE,16,398,19.92,378,2022,10
2022-10-25,YYC-SE,IN_STORE,41,1219,60.98,1158,2022,10
2022-10-25,YYC-SE,ONLINE,8,304,15.22,289,2022,10
2022-10-26,YYC-DT,IN_STORE,70,2152,107.61,2044,2022,10
2022-10-26,YYC-DT,ONLINE,14,581,29.1,552,2022,10
2022-10-26,YYC-NW,IN_STORE,38,1483,74.16,1409,2022,10
2022-10-26,YYC-NW,ONLINE,10,390,19.52,370,2022,10
2022-10-26,YYC-SE,IN_STORE,32,1243,62.18,1181,2022,10
2022-10-26,YYC-SE,ONLINE,12,285,14.25,270,2022,10
2022-10-27,YYC-DT,IN_STORE,71,2109,105.49,2004,2022,10
2022-10-27,YYC-DT,ONLINE,24,552,27.64,525,2022,10
2022-10-27,YYC-NW,IN_STORE,49,1549,77.47,1471,2022,10
2022-10-27,YYC-NW,ONLINE,13,418,20.91,397,2022,10
2022-10-27,YYC-SE,IN_STORE,34,1246,62.31,1183,2022,10
2022-10-27,YYC-SE,ONLINE,11,351,17.59,334,2022,10
2022-10-28,YYC-DT,IN_STORE,58,2054,102.74,1952,2022,10
2022-10-28,YYC-DT,ONLINE,14,550,27.52,522,2022,10
2022-10-28,YYC-NW,IN_STORE,41,1399,69.98,1329,2022,10
2022-10-28,YYC-NW,ONLINE,15,386,19.35,367,2022,10
2022-10-28,YYC-SE,IN_STORE,39,1107,55.37,1051,2022,10
2022-10-28,YYC-SE,ONLINE,8,341,17.08,324,2022,10
2022-10-29,YYC-DT,IN_STORE,84,2251,112.58,2138,2022,10
2022-10-29,YYC-DT,ONLINE,26,596,29.81,566,2022,10
2022-10-29,YYC-NW,IN_STORE,42,1703,85.19,1618,2022,10
2022-10-29,YYC-NW,ONLINE,11,462,23.12,439,2022,10
2022-10-29,YYC-SE,IN_STORE,51,1358,67.92,1290,2022,10
2022-10-29,YYC-SE,ONLINE,11,309,15.48,294,2022,10
2022-10-30,YYC-DT,IN_STORE,70,2548,127.43,2421,2022,10
2022-10-30,YYC-DT,ONLINE,26,720,36.02,684,2022,10
2022-10-30,YYC-NW,IN_STORE,49,1777,88.86,1688,2022,10
2022-10-30,YYC-NW,ONLINE,12,464,23.25,441,2022,10
2022-10-30,YYC-SE,IN_STORE,46,1426,71.34,1355,2022,10
2022-10-30,YYC-SE,ONLINE,17,401,20.08,381,2022,10
2022-10-31,YYC-DT,IN_STORE,71,2006,100.35,1906,2022,10
2022-10-31,YYC-DT,ONLINE,16,543,27.15,515,2022,10
2022-10-31,YYC-NW,IN_STORE,39,1535,76.78,1458,2022,10
2022-10-31,YYC-NW,ONLINE,17,411,20.58,391,2022,10
2022-10-31,YYC-SE,IN_STORE,36,1162,58.12,1104,2022,10
2022-10-31,YYC-SE,ONLINE,9,358,17.9,340,2022,10
2022-11-01,YYC-DT,IN_STORE,70,2161,108.05,2053,2022,11
2022-11-01,YYC-DT,ONLINE,19,598,29.94,568,2022,11
2022-11-01,YYC-NW,IN_STORE,63,1608,80.42,1528,2022,11
2022-11-01,YYC-NW,ONLINE,17,491,24.57,466,2022,11
2022-11-01,YYC-SE,IN_STORE,34,1411,70.58,1341,2022,11
2022-11-01,YYC-SE,ONLINE,11,352,17.61,334,2022,11
2022-11-02,YYC-DT,IN_STORE,101,2407,120.37,2287,2022,11
2022-11-02,YYC-DT,ONLINE,27,673,33.66,639,2022,11
2022-11-02,YYC-NW,IN_STORE,60,1745,87.27,1658,2022,11
2022-11-02,YYC-NW,ONLINE,12,484,24.25,460,2022,11
2022-11-02,YYC-SE,IN_STORE,39,1457,72.87,1384,2022,11
2022-11-02,YYC-SE,ONLINE,13,418,20.92,397,2022,11
2022-11-03,YYC-DT,IN_STORE,91,2441,122.06,2319,2022,11
2022-11-03,YYC-DT,ONLINE,19,661,33.07,628,2022,11
2022-11-03,YYC-NW,IN_STORE,52,1881,94.06,1787,2022,11
2022-11-03,YYC-NW,ONLINE,14,547,27.36,519,2022,11
2022-11-03,YYC-SE,IN_STORE,49,1615,80.77,1534,2022,11
2022-11-03,YYC-SE,ONLINE,12,421,21.08,400,2022,11
2022-11-04,YYC-DT,IN_STORE,63,2449,122.5,2327,2022,11
2022-11-04,YYC-DT,ONLINE,21,709,35.5,674,2022,11
2022-11-04,YYC-NW,IN_STORE,50,1795,89.75,1705,2022,11
2022-11-04,YYC-NW,ONLINE,12,490,24.53,466,2022,11
2022-11-04,YYC-SE,IN_STORE,41,1583,79.16,1504,2022,11
2022-11-04,YYC-SE,ONLINE,13,361,18.1,343,2022,11
2022-11-05,YYC-DT,IN_STORE,74,2892,144.64,2748,2022,11
2022-11-05,YYC-DT,ONLINE,29,828,41.43,787,2022,11
2022-11-05,YYC-NW,IN_STORE,70,1845,92.3,1753,2022,11
2022-11-05,YYC-NW,ONLINE,19,580,29.01,551,2022,11
2022-11-05,YYC-SE,IN_STORE,62,1761,88.07,1673,2022,11
2022-11-05,YYC-SE,ONLINE,13,412,20.62,391,2022,11
2022-11-06,YYC-DT,IN_STORE,79,2662,133.14,2529,2022,11
2022-11-06,YYC-DT,ONLINE,18,684,34.24,650,2022,11
2022-11-06,YYC-NW,IN_STORE,47,1938,96.94,1841,2022,11
2022-11-06,YYC-NW,ONLINE,15,500,25.02,475,2022,11
2022-11-06,YYC-SE,IN_STORE,41,1456,72.82,1383,2022,11
2022-11-06,YYC-SE,ONLINE,13,396,19.84,376,2022,11
2022-11-07,YYC-DT,IN_STORE,85,2324,116.24,2208,2022,11
2022-11-07,YYC-DT,ONLINE,26,645,32.29,613,2022,11
2022-11-07,YYC-NW,IN_STORE,43,1594,79.72,1514,2022,11
2022-11-07,YYC-NW,ONLINE,16,416,20.82,395,2022,11
2022-11-07,YYC-SE,IN_STORE,35,1355,67.79,1288,2022,11
2022-11-07,YYC-SE,ONLINE,14,391,19.58,371,2022,11
2022-11-08,YYC-DT,IN_STORE,84,2601,130.08,2471,2022,11
2022-11-08,YYC-DT,ONLINE,20,645,32.28,613,2022,11
2022-11-08,YYC-NW,IN_STORE,48,1807,90.36,1716,2022,11
2022-11-08,YYC-NW,ONLINE,14,489,24.49,465,2022,11
2022-11-08,YYC-SE,IN_STORE,42,1549,77.49,1472,2022,11
2022-11-08,YYC-SE,ONLINE,11,353,17.67,335,2022,11
2022-11-09,YYC-DT,IN_STORE,86,2356,117.84,2238,2022,11
2022-11-09,YYC-DT,ONLINE,18,604,30.24,574,2022,11
2022-11-09,YYC-NW,IN_STORE,41,1665,83.26,1581,2022,11
2022-11-09,YYC-NW,ONLINE,11,459,23.0,436,2022,11
2022-11-09,YYC-SE,IN_STORE,35,1417,70.89,1346,2022,11
2022-11-09,YYC-SE,ONLINE,12,428,21.41,406,2022,11
2022-11-10,YYC-DT,IN_STORE,65,2412,120.62,2291,2022,11
2022-11-10,YYC-DT,ONLINE,28,649,32.49,617,2022,11
2022-11-10,YYC-NW,IN_STORE,54,1747,87.36,1659,2022,11
2022-11-10,YYC-NW,ONLINE,19,500,25.01,475,2022,11
2022-11-10,YYC-SE,IN_STORE,36,1389,69.46,1319,2022,11
2022-11-10,YYC-SE,ONLINE,16,383,19.15,363,2022,11
2022-11-11,YYC-DT,IN_STORE,65,2681,134.07,2547,2022,11
2022-11-11,YYC-DT,ONLINE,21,686,34.34,652,2022,11
2022-11-11,YYC-NW,IN_STORE,64,1872,93.64,1779,2022,11
2022-11-11,YYC-NW,ONLINE,17,524,26.21,498,2022,11
2022-11-11,YYC-SE,IN_STORE,64,1575,78.77,1496,2022,11
2022-11-11,YYC-SE,ONLINE,18,450,22.51,427,2022,11
2022-11-12,YYC-DT,IN_STORE,72,2746,137.32,2609,2022,11
2022-11-12,YYC-DT,ONLINE,29,768,38.44,730,2022,11
2022-11-12,YYC-NW,IN_STORE,72,1928,96.42,1831,2022,11
2022-11-12,YYC-NW,ONLINE,19,554,27.73,526,2022,11
2022-11-12,YYC-SE,IN_STORE,44,1645,82.26,1562,2022,11
2022-11-12,YYC-SE,ONLINE,14,424,21.22,403,2022,11
2022-11-13,YYC-DT,IN_STORE,73,2620,131.03,2489,2022,11
2022-11-13,YYC-DT,ONLINE,28,720,36.02,684,2022,11
2022-11-13,YYC-NW,IN_STORE,71,1984,99.2,1884,2022,11
2022-11-13,YYC-NW,ONLINE,13,546,27.34,519,2022,11
2022-11-13,YYC-SE,IN_STORE,52,1599,79.98,1519,2022,11
2022-11-13,YYC-SE,ONLINE,17,414,20.72,393,2022,11
2022-11-14,YYC-DT,IN_STORE,104,2587,129.39,2458,2022,11
2022-11-14,YYC-DT,ONLINE,18,699,34.99,664,2022,11
2022-11-14,YYC-NW,IN_STORE,46,1891,94.55,1796,2022,11
2022-11-14,YYC-NW,ONLINE,14,548,27.45,521,2022,11
2022-11-14,YYC-SE,IN_STORE,50,1638,81.94,1556,2022,11
2022-11-14,YYC-SE,ONLINE,12,397,19.87,377,2022,11
2022-11-15,YYC-DT,IN_STORE,77,2272,113.64,2159,2022,11
2022-11-15,YYC-DT,ONLINE,19,628,31.45,597,2022,11
2022-11-15,YYC-NW,IN_STORE,41,1638,81.93,1556,2022,11
2022-11-15,YYC-NW,ONLINE,12,518,25.91,492,2022,11
2022-11-15,YYC-SE,IN_STORE,37,1324,66.22,1258,2022,11
2022-11-15,YYC-SE,ONLINE,15,370,18.51,351,2022,11
2022-11-16,YYC-DT,IN_STORE,70,2605,130.27,2475,2022,11
2022-11-16,YYC-DT,ONLINE,22,683,34.19,649,2022,11
2022-11-16,YYC-NW,IN_STORE,65,1826,91.33,1735,2022,11
2022-11-16,YYC-NW,ONLINE,19,529,26.48,503,2022,11
2022-11-16,YYC-SE,IN_STORE,40,1539,76.99,1462,2022,11
2022-11-16,YYC-SE,ONLINE,18,413,20.68,392,2022,11
2022-11-17,YYC-DT,IN_STORE,61,2531,126.58,2405,2022,11
2022-11-17,YYC-DT,ONLINE,22,646,32.34,614,2022,11
2022-11-17,YYC-NW,IN_STORE,68,1703,85.18,1618,2022,11
2022-11-17,YYC-NW,ONLINE,18,517,25.89,491,2022,11
2022-11-17,YYC-SE,IN_STORE,37,1521,76.06,1445,2022,11
2022-11-17,YYC-SE,ONLINE,12,380,19.01,361,2022,11
2022-11-18,YYC-DT,IN_STORE,81,2430,121.5,2308,2022,11
2022-11-18,YYC-DT,ONLINE,17,693,34.65,658,2022,11
2022-11-18,YYC-NW,IN_STORE,70,1735,86.8,1649,2022,11
2022-11-18,YYC-NW,ONLINE,14,440,22.0,418,2022,11
2022-11-18,YYC-SE,IN_STORE,41,1561,78.06,1483,2022,11
2022-11-18,YYC-SE,ONLINE,14,443,22.16,421,2022,11
2022-11-19,YYC-DT,IN_STORE,73,2754,137.72,2616,2022,11
2022-11-19,YYC-DT,ONLINE,19,706,35.31,670,2022,11
2022-11-19,YYC-NW,IN_STORE,76,2062,103.1,1959,2022,11
2022-11-19,YYC-NW,ONLINE,19,574,28.73,545,2022,11
2022-11-19,YYC-SE,IN_STORE,51,1791,89.6,1702,2022,11
2022-11-19,YYC-SE,ONLINE,16,529,26.49,503,2022,11
2022-11-20,YYC-DT,IN_STORE,104,2826,141.31,2684,2022,11
2022-11-20,YYC-DT,ONLINE,21,678,33.93,644,2022,11
2022-11-20,YYC-NW,IN_STORE,52,1919,95.99,1823,2022,11
2022-11-20,YYC-NW,ONLINE,22,524,26.23,498,2022,11
2022-11-20,YYC-SE,IN_STORE,49,1648,82.45,1566,2022,11
2022-11-20,YYC-SE,ONLINE,13,466,23.32,443,2022,11
2022-11-21,YYC-DT,IN_STORE,71,2538,126.94,2411,2022,11
2022-11-21,YYC-DT,ONLINE,17,777,38.87,738,2022,11
2022-11-21,YYC-NW,IN_STORE,52,1672,83.62,1588,2022,11
2022-11-21,YYC-NW,ONLINE,16,455,22.79,433,2022,11
2022-11-21,YYC-SE,IN_STORE,49,1449,72.5,1377,2022,11
2022-11-21,YYC-SE,ONLINE,10,381,19.1,362,2022,11
2022-11-22,YYC-DT,IN_STORE,104,2558,127.95,2430,2022,11
2022-11-22,YYC-DT,ONLINE,22,738,36.94,701,2022,11
2022-11-22,YYC-NW,IN_STORE,45,1745,87.3,1658,2022,11
2022-11-22,YYC-NW,ONLINE,13,432,21.65,411,2022,11
2022-11-22,YYC-SE,IN_STORE,52,1557,77.87,1479,2022,11
2022-11-22,YYC-SE,ONLINE,12,429,21.48,408,2022,11
2022-11-23,YYC-DT,IN_STORE,62,2470,123.51,2346,2022,11
2022-11-23,YYC-DT,ONLINE,19,618,30.91,587,2022,11
2022-11-23,YYC-NW,IN_STORE,49,1811,90.55,1720,2022,11
2022-11-23,YYC-NW,ONLINE,12,448,22.41,425,2022,11
2022-11-23,YYC-SE,IN_STORE,57,1424,71.24,1353,2022,11
2022-11-23,YYC-SE,ONLINE,11,420,21.04,399,2022,11
2022-11-24,YYC-DT,IN_STORE,73,2344,117.25,2227,2022,11
2022-11-24,YYC-DT,ONLINE,18,699,34.98,664,2022,11
2022-11-24,YYC-NW,IN_STORE,41,1711,85.56,1625,2022,11
2022-11-24,YYC-NW,ONLINE,16,445,22.29,423,2022,11
2022-11-24,YYC-SE,IN_STORE,46,1435,71.77,1363,2022,11
2022-11-24,YYC-SE,ONLINE,14,363,18.18,345,2022,11
2022-11-25,YYC-DT,IN_STORE,81,2361,118.08,2243,2022,11
2022-11-25,YYC-DT,ONLINE,19,593,29.67,563,2022,11
2022-11-25,YYC-NW,IN_STORE,50,1588,79.41,1508,2022,11
2022-11-25,YYC-NW,ONLINE,17,469,23.5,446,2022,11
2022-11-25,YYC-SE,IN_STORE,36,1349,67.5,1282,2022,11
2022-11-25,YYC-SE,ONLINE,10,380,19.01,361,2022,11
2022-11-26,YYC-DT,IN_STORE,95,2459,122.96,2336,2022,11
2022-11-26,YYC-DT,ONLINE,18,640,32.01,608,2022,11
2022-11-26,YYC-NW,IN_STORE,46,1758,87.94,1670,2022,11
2022-11-26,YYC-NW,ONLINE,11,486,24.34,462,2022,11
2022-11-26,YYC-SE,IN_STORE,45,1454,72.71,1381,2022,11
2022-11-26,YYC-SE,ONLINE,9,376,18.81,357,2022,11
2022-11-27,YYC-DT,IN_STORE,91,2885,144.29,2741,2022,11
2022-11-27,YYC-DT,ONLINE,21,754,37.72,716,2022,11
2022-11-27,YYC-NW,IN_STORE,82,2224,111.22,2113,2022,11
2022-11-27,YYC-NW,ONLINE,16,571,28.59,543,2022,11
2022-11-27,YYC-SE,IN_STORE,59,1798,89.92,1708,2022,11
2022-11-27,YYC-SE,ONLINE,19,506,25.3,480,2022,11
2022-11-28,YYC-DT,IN_STORE,85,2202,110.14,2092,2022,11
2022-11-28,YYC-DT,ONLINE,16,652,32.65,620,2022,11
2022-11-28,YYC-NW,IN_STORE,56,1699,84.96,1614,2022,11
2022-11-28,YYC-NW,ONLINE,18,482,24.14,458,2022,11
2022-11-28,YYC-SE,IN_STORE,48,1395,69.77,1325,2022,11
2022-11-28,YYC-SE,ONLINE,9,313,15.66,297,2022,11
2022-11-29,YYC-DT,IN_STORE,85,2387,119.35,2267,2022,11
2022-11-29,YYC-DT,ONLINE,23,641,32.07,609,2022,11
2022-11-29,YYC-NW,IN_STORE,69,1651,82.57,1568,2022,11
2022-11-29,YYC-NW,ONLINE,18,443,22.18,421,2022,11
2022-11-29,YYC-SE,IN_STORE,41,1399,69.99,1329,2022,11
2022-11-29,YYC-SE,ONLINE,13,409,20.47,388,2022,11
2022-11-30,YYC-DT,IN_STORE,75,2354,117.71,2236,2022,11
2022-11-30,YYC-DT,ONLINE,19,754,37.73,716,2022,11
2022-11-30,YYC-NW,IN_STORE,61,1640,82.03,1558,2022,11
2022-11-30,YYC-NW,ONLINE,16,492,24.61,467,2022,11
2022-11-30,YYC-SE,IN_STORE,59,1496,74.83,1421,2022,11
2022-11-30,YYC-SE,ONLINE,16,364,18.21,345,2022,11
2022-12-01,YYC-DT,IN_STORE,90,2966,148.35,2818,2022,12
2022-12-01,YYC-DT,ONLINE,22,769,38.49,731,2022,12
2022-12-01,YYC-NW,IN_STORE,72,2016,100.82,1915,2022,12
2022-12-01,YYC-NW,ONLINE,18,526,26.31,499,2022,12
2022-12-01,YYC-SE,IN_STORE,52,1793,89.69,1704,2022,12
2022-12-01,YYC-SE,ONLINE,16,491,24.59,467,2022,12
2022-12-02,YYC-DT,IN_STORE,83,2936,146.85,2790,2022,12
2022-12-02,YYC-DT,ONLINE,28,729,36.47,692,2022,12
2022-12-02,YYC-NW,IN_STORE,81,2048,102.41,1945,2022,12
2022-12-02,YYC-NW,ONLINE,24,572,28.64,544,2022,12
2022-12-02,YYC-SE,IN_STORE,61,1750,87.55,1663,2022,12
2022-12-02,YYC-SE,ONLINE,15,477,23.86,453,2022,12
2022-12-03,YYC-DT,IN_STORE,130,3139,156.98,2982,2022,12
2022-12-03,YYC-DT,ONLINE,26,887,44.39,843,2022,12
2022-12-03,YYC-NW,IN_STORE,66,2339,116.99,2222,2022,12
2022-12-03,YYC-NW,ONLINE,17,628,31.41,596,2022,12
2022-12-03,YYC-SE,IN_STORE,61,1975,98.75,1876,2022,12
2022-12-03,YYC-SE,ONLINE,21,545,27.29,518,2022,12
2022-12-04,YYC-DT,IN_STORE,114,2985,149.29,2836,2022,12
2022-12-04,YYC-DT,ONLINE,31,882,44.11,838,2022,12
2022-12-04,YYC-NW,IN_STORE,55,2128,106.43,2022,2022,12
2022-12-04,YYC-NW,ONLINE,19,608,30.4,577,2022,12
2022-12-04,YYC-SE,IN_STORE,46,1823,91.17,1732,2022,12
2022-12-04,YYC-SE,ONLINE,15,524,26.21,497,2022,12
2022-12-05,YYC-DT,IN_STORE,76,2649,132.46,2516,2022,12
2022-12-05,YYC-DT,ONLINE,23,770,38.52,731,2022,12
2022-12-05,YYC-NW,IN_STORE,79,1912,95.63,1816,2022,12
2022-12-05,YYC-NW,ONLINE,21,588,29.42,559,2022,12
2022-12-05,YYC-SE,IN_STORE,48,1706,85.35,1621,2022,12
2022-12-05,YYC-SE,ONLINE,17,486,24.34,462,2022,12
2022-12-06,YYC-DT,IN_STORE,111,2944,147.22,2797,2022,12
2022-12-06,YYC-DT,ONLINE,27,767,38.38,729,2022,12
2022-12-06,YYC-NW,IN_STORE,55,2044,102.24,1942,2022,12
2022-12-06,YYC-NW,ONLINE,18,597,29.88,567,2022,12
2022-12-06,YYC-SE,IN_STORE,55,1631,81.56,1549,2022,12
2022-12-06,YYC-SE,ONLINE,16,462,23.12,439,2022,12
2022-12-07,YYC-DT,IN_STORE,73,2654,132.73,2521,2022,12
2022-12-07,YYC-DT,ONLINE,20,817,40.86,776,2022,12
2022-12-07,YYC-NW,IN_STORE,80,1903,95.15,1807,2022,12
2022-12-07,YYC-NW,ONLINE,21,519,26.0,493,2022,12
2022-12-07,YYC-SE,IN_STORE,54,1619,80.98,1538,2022,12
2022-12-07,YYC-SE,ONLINE,15,438,21.93,416,2022,12
2022-12-08,YYC-DT,IN_STORE,95,3123,156.17,2967,2022,12
2022-12-08,YYC-DT,ONLINE,30,923,46.16,876,2022,12
2022-12-08,YYC-NW,IN_STORE,71,2137,106.86,2030,2022,12
2022-12-08,YYC-NW,ONLINE,24,606,30.34,576,2022,12
2022-12-08,YYC-SE,IN_STORE,62,1811,90.57,1720,2022,12
2022-12-08,YYC-SE,ONLINE,19,487,24.35,462,2022,12
2022-12-09,YYC-DT,IN_STORE,72,2950,147.55,2803,2022,12
2022-12-09,YYC-DT,ONLINE,27,833,41.68,791,2022,12
2022-12-09,YYC-NW,IN_STORE,60,2094,104.72,1989,2022,12
2022-12-09,YYC-NW,ONLINE,14,584,29.23,555,2022,12
2022-12-09,YYC-SE,IN_STORE,61,1730,86.54,1644,2022,12
2022-12-09,YYC-SE,ONLINE,16,488,24.42,463,2022,12
2022-12-10,YYC-DT,IN_STORE,80,3067,153.39,2914,2022,12
2022-12-10,YYC-DT,ONLINE,32,959,47.97,911,2022,12
2022-12-10,YYC-NW,IN_STORE,61,2489,124.46,2364,2022,12
2022-12-10,YYC-NW,ONLINE,21,674,33.72,640,2022,12
2022-12-10,YYC-SE,IN_STORE,67,1912,95.62,1816,2022,12
2022-12-10,YYC-SE,ONLINE,18,540,27.03,513,2022,12
2022-12-11,YYC-DT,IN_STORE,101,3236,161.84,3075,2022,12
2022-12-11,YYC-DT,ONLINE,21,839,41.99,797,2022,12
2022-12-11,YYC-NW,IN_STORE,71,2316,115.81,2200,2022,12
2022-12-11,YYC-NW,ONLINE,26,660,33.01,627,2022,12
2022-12-11,YYC-SE,IN_STORE,52,1936,96.81,1839,2022,12
2022-12-11,YYC-SE,ONLINE,22,517,25.85,491,2022,12
2022-12-12,YYC-DT,IN_STORE,86,2948,147.45,2801,2022,12
2022-12-12,YYC-DT,ONLINE,32,879,43.96,835,2022,12
2022-12-12,YYC-NW,IN_STORE,65,2181,109.09,2072,2022,12
2022-12-12,YYC-NW,ONLINE,18,622,31.12,591,2022,12
2022-12-12,YYC-SE,IN_STORE,50,1740,87.04,1653,2022,12
2022-12-12,YYC-SE,ONLINE,12,518,25.9,492,2022,12
2022-12-13,YYC-DT,IN_STORE,76,2923,146.16,2777,2022,12
2022-12-13,YYC-DT,ONLINE,21,851,42.57,808,2022,12
2022-12-13,YYC-NW,IN_STORE,56,2051,102.58,1948,2022,12
2022-12-13,YYC-NW,ONLINE,22,533,26.67,506,2022,12
2022-12-13,YYC-SE,IN_STORE,63,1679,83.96,1595,2022,12
2022-12-13,YYC-SE,ONLINE,12,453,22.65,430,2022,12
2022-12-14,YYC-DT,IN_STORE,91,2677,133.87,2543,2022,12
2022-12-14,YYC-DT,ONLINE,19,661,33.1,628,2022,12
2022-12-14,YYC-NW,IN_STORE,52,1910,95.51,1814,2022,12
2022-12-14,YYC-NW,ONLINE,19,502,25.1,476,2022,12
2022-12-14,YYC-SE,IN_STORE,43,1560,78.05,1482,2022,12
2022-12-14,YYC-SE,ONLINE,11,444,22.23,422,2022,12
2022-12-15,YYC-DT,IN_STORE,117,2839,141.99,2697,2022,12
2022-12-15,YYC-DT,ONLINE,26,802,40.13,762,2022,12
2022-12-15,YYC-NW,IN_STORE,57,1970,98.54,1872,2022,12
2022-12-15,YYC-NW,ONLINE,15,584,29.22,555,2022,12
2022-12-15,YYC-SE,IN_STORE,57,1673,83.66,1589,2022,12
2022-12-15,YYC-SE,ONLINE,14,449,22.46,426,2022,12
2022-12-16,YYC-DT,IN_STORE,81,2658,132.92,2525,2022,12
2022-12-16,YYC-DT,ONLINE,19,758,37.94,720,2022,12
2022-12-16,YYC-NW,IN_STORE,56,2012,100.63,1912,2022,12
2022-12-16,YYC-NW,ONLINE,13,531,26.57,504,2022,12
2022-12-16,YYC-SE,IN_STORE,55,1635,81.77,1553,2022,12
2022-12-16,YYC-SE,ONLINE,11,414,20.75,394,2022,12
2022-12-17,YYC-DT,IN_STORE,74,3061,153.06,2908,2022,12
2022-12-17,YYC-DT,ONLINE,20,822,41.13,781,2022,12
2022-12-17,YYC-NW,IN_STORE,59,2010,100.54,1910,2022,12
2022-12-17,YYC-NW,ONLINE,16,569,28.48,541,2022,12
2022-12-17,YYC-SE,IN_STORE,72,1843,92.18,1751,2022,12
2022-12-17,YYC-SE,ONLINE,14,548,27.42,520,2022,12
2022-12-18,YYC-DT,IN_STORE,84,3190,159.54,3031,2022,12
2022-12-18,YYC-DT,ONLINE,29,892,44.64,848,2022,12
2022-12-18,YYC-NW,IN_STORE,81,2260,113.01,2147,2022,12
2022-12-18,YYC-NW,ONLINE,23,665,33.25,631,2022,12
2022-12-18,YYC-SE,IN_STORE,58,1967,98.36,1868,2022,12
2022-12-18,YYC-SE,ONLINE,14,529,26.5,503,2022,12
2022-12-19,YYC-DT,IN_STORE,88,2992,149.65,2843,2022,12
2022-12-19,YYC-DT,ONLINE,28,882,44.14,838,2022,12
2022-12-19,YYC-NW,IN_STORE,76,2186,109.31,2076,2022,12
2022-12-19,YYC-NW,ONLINE,16,649,32.49,617,2022,12
2022-12-19,YYC-SE,IN_STORE,56,1879,93.96,1785,2022,12
2022-12-19,YYC-SE,ONLINE,13,498,24.91,473,2022,12
2022-12-20,YYC-DT,IN_STORE,116,2878,143.94,2734,2022,12
2022-12-20,YYC-DT,ONLINE,19,800,40.0,760,2022,12
2022-12-20,YYC-NW,IN_STORE,49,1941,97.05,1843,2022,12
2022-12-20,YYC-NW,ONLINE,15,542,27.11,514,2022,12
2022-12-20,YYC-SE,IN_STORE,41,1635,81.77,1553,2022,12
2022-12-20,YYC-SE,ONLINE,18,488,24.44,464,2022,12
2022-12-21,YYC-DT,IN_STORE,78,2769,138.48,2631,2022,12
2022-12-21,YYC-DT,ONLINE,32,811,40.57,770,2022,12
2022-12-21,YYC-NW,IN_STORE,84,2014,100.71,1913,2022,12
2022-12-21,YYC-NW,ONLINE,17,624,31.2,592,2022,12
2022-12-21,YYC-SE,IN_STORE,62,1783,89.17,1694,2022,12
2022-12-21,YYC-SE,ONLINE,13,475,23.78,451,2022,12
2022-12-22,YYC-DT,IN_STORE,84,2952,147.63,2804,2022,12
2022-12-22,YYC-DT,ONLINE,22,943,47.19,896,2022,12
2022-12-22,YYC-NW,IN_STORE,58,2111,105.59,2006,2022,12
2022-12-22,YYC-NW,ONLINE,21,582,29.12,553,2022,12
2022-12-22,YYC-SE,IN_STORE,52,1847,92.36,1754,2022,12
2022-12-22,YYC-SE,ONLINE,12,487,24.38,463,2022,12
2022-12-23,YYC-DT,IN_STORE,91,2795,139.79,2655,2022,12
2022-12-23,YYC-DT,ONLINE,24,808,40.41,767,2022,12
2022-12-23,YYC-NW,IN_STORE,61,2058,102.94,1955,2022,12
2022-12-23,YYC-NW,ONLINE,19,538,26.93,511,2022,12
2022-12-23,YYC-SE,IN_STORE,66,1613,80.67,1532,2022,12
2022-12-23,YYC-SE,ONLINE,13,498,24.93,473,2022,12
2022-12-24,YYC-DT,IN_STORE,128,3649,182.47,3466,2022,12
2022-12-24,YYC-DT,ONLINE,25,912,45.65,867,2022,12
2022-12-24,YYC-NW,IN_STORE,67,2531,126.59,2405,2022,12
2022-12-24,YYC-NW,ONLINE,23,694,34.7,659,2022,12
2022-12-24,YYC-SE,IN_STORE,52,2400,120.04,2280,2022,12
2022-12-24,YYC-SE,ONLINE,14,582,29.12,553,2022,12
2022-12-25,YYC-DT,IN_STORE,112,3134,156.7,2977,2022,12
2022-12-25,YYC-DT,ONLINE,33,907,45.36,861,2022,12
2022-12-25,YYC-NW,IN_STORE,55,2306,115.3,2190,2022,12
2022-12-25,YYC-NW,ONLINE,26,586,29.34,557,2022,12
2022-12-25,YYC-SE,IN_STORE,71,1886,94.35,1792,2022,12
2022-12-25,YYC-SE,ONLINE,16,551,27.56,523,2022,12
2022-12-26,YYC-DT,IN_STORE,73,2599,129.98,2469,2022,12
2022-12-26,YYC-DT,ONLINE,21,753,37.65,715,2022,12
2022-12-26,YYC-NW,IN_STORE,61,1694,84.74,1610,2022,12
2022-12-26,YYC-NW,ONLINE,14,458,22.91,435,2022,12
2022-12-26,YYC-SE,IN_STORE,59,1544,77.23,1467,2022,12
2022-12-26,YYC-SE,ONLINE,14,430,21.5,408,2022,12
2022-12-27,YYC-DT,IN_STORE,94,2891,144.6,2747,2022,12
2022-12-27,YYC-DT,ONLINE,33,797,39.9,758,2022,12
2022-12-27,YYC-NW,IN_STORE,69,2112,105.6,2006,2022,12
2022-12-27,YYC-NW,ONLINE,14,583,29.16,553,2022,12
2022-12-27,YYC-SE,IN_STORE,47,1729,86.47,1642,2022,12
2022-12-27,YYC-SE,ONLINE,12,575,28.8,547,2022,12
2022-12-28,YYC-DT,IN_STORE,73,2826,141.32,2685,2022,12
2022-12-28,YYC-DT,ONLINE,20,854,42.75,812,2022,12
2022-12-28,YYC-NW,IN_STORE,60,2063,103.16,1959,2022,12
2022-12-28,YYC-NW,ONLINE,15,589,29.46,559,2022,12
2022-12-28,YYC-SE,IN_STORE,49,1781,89.07,1692,2022,12
2022-12-28,YYC-SE,ONLINE,16,491,24.6,467,2022,12
2022-12-29,YYC-DT,IN_STORE,112,3032,151.64,2881,2022,12
2022-12-29,YYC-DT,ONLINE,30,858,42.9,815,2022,12
2022-12-29,YYC-NW,IN_STORE,82,2084,104.24,1980,2022,12
2022-12-29,YYC-NW,ONLINE,20,579,29.0,550,2022,12
2022-12-29,YYC-SE,IN_STORE,69,1840,92.04,1748,2022,12
2022-12-29,YYC-SE,ONLINE,16,531,26.56,504,2022,12
2022-12-30,YYC-DT,IN_STORE,95,2961,148.08,2813,2022,12
2022-12-30,YYC-DT,ONLINE,21,814,40.72,773,2022,12
2022-12-30,YYC-NW,IN_STORE,59,1985,99.27,1886,2022,12
2022-12-30,YYC-NW,ONLINE,17,529,26.48,503,2022,12
2022-12-30,YYC-SE,IN_STORE,43,1777,88.85,1688,2022,12
2022-12-30,YYC-SE,ONLINE,12,524,26.21,497,2022,12
2022-12-31,YYC-DT,IN_STORE,76,3251,162.59,3089,2022,12
2022-12-31,YYC-DT,ONLINE,24,812,40.62,771,2022,12
2022-12-31,YYC-NW,IN_STORE,70,2293,114.65,2178,2022,12
2022-12-31,YYC-NW,ONLINE,25,552,27.64,525,2022,12
2022-12-31,YYC-SE,IN_STORE,62,1912,95.64,1817,2022,12
2022-12-31,YYC-SE,ONLINE,14,489,24.47,464,2022,12
2023-01-01,YYC-DT,IN_STORE,75,1970,98.52,1871,2023,1
2023-01-01,YYC-DT,ONLINE,15,411,20.58,391,2023,1
2023-01-01,YYC-NW,IN_STORE,50,1384,69.21,1315,2023,1
2023-01-01,YYC-NW,ONLINE,8,259,12.99,246,2023,1
2023-01-01,YYC-SE,IN_STORE,37,1186,59.35,1127,2023,1
2023-01-01,YYC-SE,ONLINE,8,230,11.5,218,2023,1
2023-01-02,YYC-DT,IN_STORE,45,1783,89.16,1694,2023,1
2023-01-02,YYC-DT,ONLINE,13,421,21.06,400,2023,1
2023-01-02,YYC-NW,IN_STORE,34,1331,66.57,1264,2023,1
2023-01-02,YYC-NW,ONLINE,7,264,13.2,250,2023,1
2023-01-02,YYC-SE,IN_STORE,34,1167,58.36,1108,2023,1
2023-01-02,YYC-SE,ONLINE,9,286,14.34,272,2023,1
2023-01-03,YYC-DT,IN_STORE,60,1791,89.57,1701,2023,1
2023-01-03,YYC-DT,ONLINE,12,404,20.23,384,2023,1
2023-01-03,YYC-NW,IN_STORE,40,1219,60.98,1158,2023,1
2023-01-03,YYC-NW,ONLINE,9,273,13.65,259,2023,1
2023-01-03,YYC-SE,IN_STORE,38,1047,52.36,994,2023,1
2023-01-03,YYC-SE,ONLINE,7,245,12.25,232,2023,1
2023-01-04,YYC-DT,IN_STORE,73,1868,93.44,1775,2023,1
2023-01-04,YYC-DT,ONLINE,11,385,19.28,366,2023,1
2023-01-04,YYC-NW,IN_STORE,52,1197,59.88,1137,2023,1
2023-01-04,YYC-NW,ONLINE,8,240,12.01,228,2023,1
2023-01-04,YYC-SE,IN_STORE,45,1048,52.43,996,2023,1
2023-01-04,YYC-SE,ONLINE,8,232,11.62,220,2023,1
2023-01-05,YYC-DT,IN_STORE,51,1930,96.53,1834,2023,1
2023-01-05,YYC-DT,ONLINE,16,411,20.6,391,2023,1
2023-01-05,YYC-NW,IN_STORE,32,1328,66.44,1262,2023,1
2023-01-05,YYC-NW,ONLINE,8,280,14.02,266,2023,1
2023-01-05,YYC-SE,IN_STORE,41,1249,62.45,1186,2023,1
2023-01-05,YYC-SE,ONLINE,6,262,13.14,249,2023,1
2023-01-06,YYC-DT,IN_STORE,77,2038,101.95,1937,2023,1
2023-01-06,YYC-DT,ONLINE,12,431,21.55,409,2023,1
2023-01-06,YYC-NW,IN_STORE,59,1409,70.46,1338,2023,1
2023-01-06,YYC-NW,ONLINE,12,302,15.13,287,2023,1
2023-01-06,YYC-SE,IN_STORE,42,1214,60.7,1153,2023,1
2023-01-06,YYC-SE,ONLINE,10,266,13.3,252,2023,1
2023-01-07,YYC-DT,IN_STORE,81,2147,107.4,2040,2023,1
2023-01-07,YYC-DT,ONLINE,11,481,24.1,457,2023,1
2023-01-07,YYC-NW,IN_STORE,56,1513,75.66,1437,2023,1
2023-01-07,YYC-NW,ONLINE,9,316,15.84,301,2023,1
2023-01-07,YYC-SE,IN_STORE,31,1292,64.62,1227,2023,1
2023-01-07,YYC-SE,ONLINE,8,281,14.07,267,2023,1
2023-01-08,YYC-DT,IN_STORE,48,1969,98.48,1871,2023,1
2023-01-08,YYC-DT,ONLINE,15,462,23.12,439,2023,1
2023-01-08,YYC-NW,IN_STORE,55,1311,65.56,1245,2023,1
2023-01-08,YYC-NW,ONLINE,8,285,14.3,271,2023,1
2023-01-08,YYC-SE,IN_STORE,41,1157,57.87,1099,2023,1
2023-01-08,YYC-SE,ONLINE,6,224,11.23,213,2023,1
2023-01-09,YYC-DT,IN_STORE,61,1949,97.45,1851,2023,1
2023-01-09,YYC-DT,ONLINE,10,388,19.43,369,2023,1
2023-01-09,YYC-NW,IN_STORE,35,1355,67.79,1288,2023,1
2023-01-09,YYC-NW,ONLINE,9,315,15.77,299,2023,1
2023-01-09,YYC-SE,IN_STORE,34,1126,56.34,1070,2023,1
2023-01-09,YYC-SE,ONLINE,6,212,10.65,202,2023,1
2023-01-10,YYC-DT,IN_STORE,71,2065,103.29,1962,2023,1
2023-01-10,YYC-DT,ONLINE,11,447,22.36,424,2023,1
2023-01-10,YYC-NW,IN_STORE,35,1299,64.95,1234,2023,1
2023-01-10,YYC-NW,ONLINE,9,299,14.97,284,2023,1
2023-01-10,YYC-SE,IN_STORE,32,1217,60.87,1156,2023,1
2023-01-10,YYC-SE,ONLINE,6,206,10.34,196,2023,1
2023-01-11,YYC-DT,IN_STORE,65,1770,88.55,1682,2023,1
2023-01-11,YYC-DT,ONLINE,11,376,18.8,357,2023,1
2023-01-11,YYC-NW,IN_STORE,46,1259,62.95,1196,2023,1
2023-01-11,YYC-NW,ONLINE,7,244,12.21,232,2023,1
2023-01-11,YYC-SE,IN_STORE,29,1131,56.58,1075,2023,1
2023-01-11,YYC-SE,ONLINE,7,252,12.62,239,2023,1
2023-01-12,YYC-DT,IN_STORE,49,1860,93.02,1767,2023,1
2023-01-12,YYC-DT,ONLINE,9,298,14.9,283,2023,1
2023-01-12,YYC-NW,IN_STORE,48,1307,65.38,1242,2023,1
2023-01-12,YYC-NW,ONLINE,10,313,15.68,297,2023,1
2023-01-12,YYC-SE,IN_STORE,43,1047,52.36,994,2023,1
2023-01-12,YYC-SE,ONLINE,9,276,13.83,262,2023,1
2023-01-13,YYC-DT,IN_STORE,70,1949,97.5,1852,2023,1
2023-01-13,YYC-DT,ONLINE,10,378,18.9,359,2023,1
2023-01-13,YYC-NW,IN_STORE,33,1315,65.78,1249,2023,1
2023-01-13,YYC-NW,ONLINE,9,282,14.13,268,2023,1
2023-01-13,YYC-SE,IN_STORE,38,1213,60.65,1152,2023,1
2023-01-13,YYC-SE,ONLINE,9,246,12.31,233,2023,1
2023-01-14,YYC-DT,IN_STORE,72,1935,96.78,1838,2023,1
2023-01-14,YYC-DT,ONLINE,10,438,21.91,416,2023,1
2023-01-14,YYC-NW,IN_STORE,55,1393,69.67,1323,2023,1
2023-01-14,YYC-NW,ONLINE,7,259,12.99,246,2023,1
2023-01-14,YYC-SE,IN_STORE,37,1268,63.4,1204,2023,1
2023-01-14,YYC-SE,ONLINE,6,259,12.95,246,2023,1
2023-01-15,YYC-DT,IN_STORE,87,2023,101.19,1922,2023,1
2023-01-15,YYC-DT,ONLINE,11,486,24.33,462,2023,1
2023-01-15,YYC-NW,IN_STORE,39,1472,73.64,1399,2023,1
2023-01-15,YYC-NW,ONLINE,9,323,16.18,307,2023,1
2023-01-15,YYC-SE,IN_STORE,53,1276,63.84,1213,2023,1
2023-01-15,YYC-SE,ONLINE,6,271,13.57,257,2023,1
2023-01-16,YYC-DT,IN_STORE,50,1903,95.17,1808,2023,1
2023-01-16,YYC-DT,ONLINE,9,457,22.89,435,2023,1
2023-01-16,YYC-NW,IN_STORE,50,1307,65.36,1241,2023,1
2023-01-16,YYC-NW,ONLINE,7,282,14.15,268,2023,1
2023-01-16,YYC-SE,IN_STORE,31,1136,56.84,1079,2023,1
2023-01-16,YYC-SE,ONLINE,7,226,11.33,215,2023,1
2023-01-17,YYC-DT,IN_STORE,64,1862,93.13,1769,2023,1
2023-01-17,YYC-DT,ONLINE,11,397,19.87,377,2023,1
2023-01-17,YYC-NW,IN_STORE,35,1445,72.28,1373,2023,1
2023-01-17,YYC-NW,ONLINE,8,241,12.05,229,2023,1
2023-01-17,YYC-SE,IN_STORE,30,1153,57.69,1096,2023,1
2023-01-17,YYC-SE,ONLINE,7,266,13.34,253,2023,1
2023-01-18,YYC-DT,IN_STORE,59,1796,89.8,1706,2023,1
2023-01-18,YYC-DT,ONLINE,10,338,16.92,321,2023,1
2023-01-18,YYC-NW,IN_STORE,32,1279,63.96,1215,2023,1
2023-01-18,YYC-NW,ONLINE,10,273,13.67,259,2023,1
2023-01-18,YYC-SE,IN_STORE,29,1002,50.12,952,2023,1
2023-01-18,YYC-SE,ONLINE,9,275,13.77,261,2023,1
2023-01-19,YYC-DT,IN_STORE,63,1667,83.37,1584,2023,1
2023-01-19,YYC-DT,ONLINE,9,323,16.16,306,2023,1
2023-01-19,YYC-NW,IN_STORE,47,1307,65.36,1241,2023,1
2023-01-19,YYC-NW,ONLINE,7,269,13.49,256,2023,1
2023-01-19,YYC-SE,IN_STORE,36,1084,54.2,1029,2023,1
2023-01-19,YYC-SE,ONLINE,8,210,10.54,200,2023,1
2023-01-20,YYC-DT,IN_STORE,73,1868,93.45,1775,2023,1
2023-01-20,YYC-DT,ONLINE,12,379,18.98,360,2023,1
2023-01-20,YYC-NW,IN_STORE,35,1318,65.94,1252,2023,1
2023-01-20,YYC-NW,ONLINE,10,346,17.33,329,2023,1
2023-01-20,YYC-SE,IN_STORE,34,1071,53.58,1018,2023,1
2023-01-20,YYC-SE,ONLINE,8,255,12.77,242,2023,1
2023-01-21,YYC-DT,IN_STORE,56,2068,103.44,1965,2023,1
2023-01-21,YYC-DT,ONLINE,13,465,23.29,442,2023,1
2023-01-21,YYC-NW,IN_STORE,44,1475,73.77,1401,2023,1
2023-01-21,YYC-NW,ONLINE,7,269,13.49,256,2023,1
2023-01-21,YYC-SE,IN_STORE,45,1145,57.27,1088,2023,1
2023-01-21,YYC-SE,ONLINE,7,203,10.2,193,2023,1
2023-01-22,YYC-DT,IN_STORE,56,2180,109.04,2071,2023,1
2023-01-22,YYC-DT,ONLINE,12,539,26.98,512,2023,1
2023-01-22,YYC-NW,IN_STORE,50,1663,83.17,1580,2023,1
2023-01-22,YYC-NW,ONLINE,12,376,18.83,357,2023,1
2023-01-22,YYC-SE,IN_STORE,49,1358,67.9,1290,2023,1
2023-01-22,YYC-SE,ONLINE,9,304,15.23,289,2023,1
2023-01-23,YYC-DT,IN_STORE,47,1733,86.65,1646,2023,1
2023-01-23,YYC-DT,ONLINE,11,390,19.55,371,2023,1
2023-01-23,YYC-NW,IN_STORE,48,1269,63.48,1206,2023,1
2023-01-23,YYC-NW,ONLINE,7,297,14.9,283,2023,1
2023-01-23,YYC-SE,IN_STORE,36,1164,58.2,1105,2023,1
2023-01-23,YYC-SE,ONLINE,7,217,10.89,206,2023,1
2023-01-24,YYC-DT,IN_STORE,57,1894,94.72,1799,2023,1
2023-01-24,YYC-DT,ONLINE,10,408,20.44,388,2023,1
2023-01-24,YYC-NW,IN_STORE,55,1352,67.62,1284,2023,1
2023-01-24,YYC-NW,ONLINE,11,304,15.24,289,2023,1
2023-01-24,YYC-SE,IN_STORE,40,1167,58.39,1109,2023,1
2023-01-24,YYC-SE,ONLINE,8,278,13.9,264,2023,1
2023-01-25,YYC-DT,IN_STORE,66,1805,90.28,1715,2023,1
2023-01-25,YYC-DT,ONLINE,13,402,20.14,382,2023,1
2023-01-25,YYC-NW,IN_STORE,39,1369,68.48,1301,2023,1
2023-01-25,YYC-NW,ONLINE,8,288,14.4,273,2023,1
2023-01-25,YYC-SE,IN_STORE,44,1121,56.1,1065,2023,1
2023-01-25,YYC-SE,ONLINE,6,227,11.39,216,2023,1
2023-01-26,YYC-DT,IN_STORE,66,1695,84.75,1610,2023,1
2023-01-26,YYC-DT,ONLINE,12,381,19.07,362,2023,1
2023-01-26,YYC-NW,IN_STORE,40,1251,62.59,1189,2023,1
2023-01-26,YYC-NW,ONLINE,7,259,12.98,246,2023,1
2023-01-26,YYC-SE,IN_STORE,30,1025,51.28,974,2023,1
2023-01-26,YYC-SE,ONLINE,5,176,8.85,168,2023,1
2023-01-27,YYC-DT,IN_STORE,46,1735,86.76,1648,2023,1
2023-01-27,YYC-DT,ONLINE,10,333,16.67,316,2023,1
2023-01-27,YYC-NW,IN_STORE,42,1201,60.09,1141,2023,1
2023-01-27,YYC-NW,ONLINE,6,230,11.53,219,2023,1
2023-01-27,YYC-SE,IN_STORE,33,1005,50.26,954,2023,1
2023-01-27,YYC-SE,ONLINE,6,252,12.62,239,2023,1
2023-01-28,YYC-DT,IN_STORE,65,1853,92.66,1760,2023,1
2023-01-28,YYC-DT,ONLINE,16,397,19.85,377,2023,1
2023-01-28,YYC-NW,IN_STORE,47,1345,67.26,1278,2023,1
2023-01-28,YYC-NW,ONLINE,8,274,13.72,260,2023,1
2023-01-28,YYC-SE,IN_STORE,39,1171,58.55,1112,2023,1
2023-01-28,YYC-SE,ONLINE,10,238,11.95,227,2023,1
2023-01-29,YYC-DT,IN_STORE,71,2146,107.34,2039,2023,1
2023-01-29,YYC-DT,ONLINE,11,411,20.58,391,2023,1
2023-01-29,YYC-NW,IN_STORE,37,1571,78.56,1492,2023,1
2023-01-29,YYC-NW,ONLINE,11,350,17.52,332,2023,1
2023-01-29,YYC-SE,IN_STORE,38,1242,62.12,1180,2023,1
2023-01-29,YYC-SE,ONLINE,9,248,12.41,235,2023,1
2023-01-30,YYC-DT,IN_STORE,55,1731,86.57,1644,2023,1
2023-01-30,YYC-DT,ONLINE,14,423,21.16,402,2023,1
2023-01-30,YYC-NW,IN_STORE,33,1279,63.96,1215,2023,1
2023-01-30,YYC-NW,ONLINE,10,313,15.67,297,2023,1
2023-01-30,YYC-SE,IN_STORE,41,1130,56.51,1073,2023,1
2023-01-30,YYC-SE,ONLINE,8,206,10.33,196,2023,1
2023-01-31,YYC-DT,IN_STORE,56,2035,101.78,1933,2023,1
2023-01-31,YYC-DT,ONLINE,14,458,22.93,435,2023,1
2023-01-31,YYC-NW,IN_STORE,40,1503,75.17,1428,2023,1
2023-01-31,YYC-NW,ONLINE,8,339,16.98,322,2023,1
2023-01-31,YYC-SE,IN_STORE,35,1231,61.59,1170,2023,1
2023-01-31,YYC-SE,ONLINE,11,222,11.12,211,2023,1
2023-02-01,YYC-DT,IN_STORE,74,1896,94.85,1802,2023,2
2023-02-01,YYC-DT,ONLINE,10,427,21.36,405,2023,2
2023-02-01,YYC-NW,IN_STORE,58,1441,72.06,1369,2023,2
2023-02-01,YYC-NW,ONLINE,12,319,15.99,303,2023,2
2023-02-01,YYC-SE,IN_STORE,44,1218,60.95,1158,2023,2
2023-02-01,YYC-SE,ONLINE,8,298,14.94,283,2023,2
2023-02-02,YYC-DT,IN_STORE,61,1967,98.38,1869,2023,2
2023-02-02,YYC-DT,ONLINE,13,422,21.12,401,2023,2
2023-02-02,YYC-NW,IN_STORE,39,1517,75.86,1441,2023,2
2023-02-02,YYC-NW,ONLINE,9,296,14.8,281,2023,2
2023-02-02,YYC-SE,IN_STORE,32,1230,61.52,1168,2023,2
2023-02-02,YYC-SE,ONLINE,10,237,11.9,226,2023,2
2023-02-03,YYC-DT,IN_STORE,59,2138,106.92,2031,2023,2
2023-02-03,YYC-DT,ONLINE,13,489,24.46,464,2023,2
2023-02-03,YYC-NW,IN_STORE,42,1597,79.88,1517,2023,2
2023-02-03,YYC-NW,ONLINE,10,364,18.25,346,2023,2
2023-02-03,YYC-SE,IN_STORE,44,1397,69.85,1327,2023,2
2023-02-03,YYC-SE,ONLINE,7,276,13.82,262,2023,2
2023-02-04,YYC-DT,IN_STORE,82,2647,132.38,2515,2023,2
2023-02-04,YYC-DT,ONLINE,13,450,22.5,427,2023,2
2023-02-04,YYC-NW,IN_STORE,52,1826,91.3,1734,2023,2
2023-02-04,YYC-NW,ONLINE,13,377,18.87,358,2023,2
2023-02-04,YYC-SE,IN_STORE,44,1520,76.04,1444,2023,2
2023-02-04,YYC-SE,ONLINE,11,339,16.96,322,2023,2
2023-02-05,YYC-DT,IN_STORE,63,2502,125.13,2377,2023,2
2023-02-05,YYC-DT,ONLINE,19,539,26.98,512,2023,2
2023-02-05,YYC-NW,IN_STORE,58,1761,88.06,1673,2023,2
2023-02-05,YYC-NW,ONLINE,10,377,18.86,358,2023,2
2023-02-05,YYC-SE,IN_STORE,61,1553,77.69,1476,2023,2
2023-02-05,YYC-SE,ONLINE,11,345,17.3,328,2023,2
2023-02-06,YYC-DT,IN_STORE,82,2162,108.13,2054,2023,2
2023-02-06,YYC-DT,ONLINE,16,422,21.11,401,2023,2
2023-02-06,YYC-NW,IN_STORE,56,1626,81.33,1545,2023,2
2023-02-06,YYC-NW,ONLINE,11,358,17.93,340,2023,2
2023-02-06,YYC-SE,IN_STORE,40,1371,68.56,1302,2023,2
2023-02-06,YYC-SE,ONLINE,10,304,15.25,289,2023,2
2023-02-07,YYC-DT,IN_STORE,57,2102,105.1,1996,2023,2
2023-02-07,YYC-DT,ONLINE,11,503,25.17,478,2023,2
2023-02-07,YYC-NW,IN_STORE,52,1510,75.5,1434,2023,2
2023-02-07,YYC-NW,ONLINE,8,293,14.65,278,2023,2
2023-02-07,YYC-SE,IN_STORE,50,1312,65.63,1246,2023,2
2023-02-07,YYC-SE,ONLINE,10,319,15.98,303,2023,2
2023-02-08,YYC-DT,IN_STORE,66,2193,109.69,2084,2023,2
2023-02-08,YYC-DT,ONLINE,17,472,23.63,448,2023,2
2023-02-08,YYC-NW,IN_STORE,36,1496,74.84,1421,2023,2
2023-02-08,YYC-NW,ONLINE,8,346,17.33,329,2023,2
2023-02-08,YYC-SE,IN_STORE,34,1294,64.72,1229,2023,2
2023-02-08,YYC-SE,ONLINE,10,284,14.22,270,2023,2
2023-02-09,YYC-DT,IN_STORE,61,2236,111.81,2124,2023,2
2023-02-09,YYC-DT,ONLINE,15,430,21.54,409,2023,2
2023-02-09,YYC-NW,IN_STORE,54,1497,74.86,1422,2023,2
2023-02-09,YYC-NW,ONLINE,8,304,15.21,288,2023,2
2023-02-09,YYC-SE,IN_STORE,51,1372,68.63,1304,2023,2
2023-02-09,YYC-SE,ONLINE,8,293,14.66,278,2023,2
2023-02-10,YYC-DT,IN_STORE,63,1991,99.55,1891,2023,2
2023-02-10,YYC-DT,ONLINE,11,461,23.05,438,2023,2
2023-02-10,YYC-NW,IN_STORE,46,1404,70.21,1333,2023,2
2023-02-10,YYC-NW,ONLINE,9,337,16.86,320,2023,2
2023-02-10,YYC-SE,IN_STORE,31,1240,62.02,1178,2023,2
2023-02-10,YYC-SE,ONLINE,6,309,15.49,294,2023,2
2023-02-11,YYC-DT,IN_STORE,60,2079,103.95,1975,2023,2
2023-02-11,YYC-DT,ONLINE,17,468,23.42,444,2023,2
2023-02-11,YYC-NW,IN_STORE,59,1503,75.16,1427,2023,2
2023-02-11,YYC-NW,ONLINE,11,298,14.93,283,2023,2
2023-02-11,YYC-SE,IN_STORE,39,1306,65.32,1240,2023,2
2023-02-11,YYC-SE,ONLINE,11,289,14.48,275,2023,2
2023-02-12,YYC-DT,IN_STORE,92,2225,111.25,2113,2023,2
2023-02-12,YYC-DT,ONLINE,12,503,25.16,477,2023,2
2023-02-12,YYC-NW,IN_STORE,56,1585,79.27,1506,2023,2
2023-02-12,YYC-NW,ONLINE,12,342,17.12,325,2023,2
2023-02-12,YYC-SE,IN_STORE,40,1404,70.25,1334,2023,2
2023-02-12,YYC-SE,ONLINE,7,263,13.19,250,2023,2
2023-02-13,YYC-DT,IN_STORE,60,1902,95.14,1807,2023,2
2023-02-13,YYC-DT,ONLINE,11,439,21.97,417,2023,2
2023-02-13,YYC-NW,IN_STORE,52,1428,71.43,1357,2023,2
2023-02-13,YYC-NW,ONLINE,10,284,14.21,269,2023,2
2023-02-13,YYC-SE,IN_STORE,36,1234,61.71,1172,2023,2
2023-02-13,YYC-SE,ONLINE,6,267,13.35,253,2023,2
2023-02-14,YYC-DT,IN_STORE,57,2021,101.07,1920,2023,2
2023-02-14,YYC-DT,ONLINE,16,425,21.3,404,2023,2
2023-02-14,YYC-NW,IN_STORE,40,1471,73.6,1398,2023,2
2023-02-14,YYC-NW,ONLINE,9,299,14.98,284,2023,2
2023-02-14,YYC-SE,IN_STORE,44,1144,57.2,1086,2023,2
2023-02-14,YYC-SE,ONLINE,8,251,12.58,239,2023,2
2023-02-15,YYC-DT,IN_STORE,79,2050,102.54,1948,2023,2
2023-02-15,YYC-DT,ONLINE,17,396,19.82,376,2023,2
2023-02-15,YYC-NW,IN_STORE,42,1469,73.45,1395,2023,2
2023-02-15,YYC-NW,ONLINE,10,349,17.46,331,2023,2
2023-02-15,YYC-SE,IN_STORE,43,1185,59.26,1125,2023,2
2023-02-15,YYC-SE,ONLINE,9,297,14.88,282,2023,2
2023-02-16,YYC-DT,IN_STORE,83,2096,104.81,1991,2023,2
2023-02-16,YYC-DT,ONLINE,12,414,20.7,393,2023,2
2023-02-16,YYC-NW,IN_STORE,47,1533,76.66,1456,2023,2
2023-02-16,YYC-NW,ONLINE,10,384,19.24,365,2023,2
2023-02-16,YYC-SE,IN_STORE,38,1320,66.0,1254,2023,2
2023-02-16,YYC-SE,ONLINE,7,194,9.73,184,2023,2
2023-02-17,YYC-DT,IN_STORE,52,2072,103.62,1968,2023,2
2023-02-17,YYC-DT,ONLINE,14,466,23.32,443,2023,2
2023-02-17,YYC-NW,IN_STORE,45,1372,68.64,1304,2023,2
2023-02-17,YYC-NW,ONLINE,11,305,15.29,290,2023,2
2023-02-17,YYC-SE,IN_STORE,37,1241,62.08,1179,2023,2
2023-02-17,YYC-SE,ONLINE,10,271,13.58,258,2023,2
2023-02-18,YYC-DT,IN_STORE,68,2431,121.58,2310,2023,2
2023-02-18,YYC-DT,ONLINE,16,519,25.99,493,2023,2
2023-02-18,YYC-NW,IN_STORE,44,1635,81.76,1553,2023,2
2023-02-18,YYC-NW,ONLINE,11,365,18.29,347,2023,2
2023-02-18,YYC-SE,IN_STORE,43,1462,73.13,1389,2023,2
2023-02-18,YYC-SE,ONLINE,7,311,15.56,295,2023,2
2023-02-19,YYC-DT,IN_STORE,72,2119,105.95,2013,2023,2
2023-02-19,YYC-DT,ONLINE,13,455,22.78,432,2023,2
2023-02-19,YYC-NW,IN_STORE,47,1562,78.11,1484,2023,2
2023-02-19,YYC-NW,ONLINE,8,313,15.67,297,2023,2
2023-02-19,YYC-SE,IN_STORE,49,1362,68.14,1294,2023,2
2023-02-19,YYC-SE,ONLINE,7,292,14.61,277,2023,2
2023-02-20,YYC-DT,IN_STORE,68,1982,99.15,1883,2023,2
2023-02-20,YYC-DT,ONLINE,15,426,21.35,405,2023,2
2023-02-20,YYC-NW,IN_STORE,60,1386,69.35,1317,2023,2
2023-02-20,YYC-NW,ONLINE,9,271,13.59,258,2023,2
2023-02-20,YYC-SE,IN_STORE,33,1187,59.37,1127,2023,2
2023-02-20,YYC-SE,ONLINE,11,250,12.54,238,2023,2
2023-02-21,YYC-DT,IN_STORE,63,1967,98.38,1869,2023,2
2023-02-21,YYC-DT,ONLINE,13,400,20.01,380,2023,2
2023-02-21,YYC-NW,IN_STORE,46,1400,70.02,1330,2023,2
2023-02-21,YYC-NW,ONLINE,7,265,13.28,252,2023,2
2023-02-21,YYC-SE,IN_STORE,29,1135,56.8,1079,2023,2
2023-02-21,YYC-SE,ONLINE,9,261,13.06,248,2023,2
2023-02-22,YYC-DT,IN_STORE,46,1912,95.62,1816,2023,2
2023-02-22,YYC-DT,ONLINE,11,417,20.89,396,2023,2
2023-02-22,YYC-NW,IN_STORE,40,1352,67.63,1285,2023,2
2023-02-22,YYC-NW,ONLINE,9,312,15.63,296,2023,2
2023-02-22,YYC-SE,IN_STORE,35,1080,54.04,1026,2023,2
2023-02-22,YYC-SE,ONLINE,7,239,12.0,227,2023,2
2023-02-23,YYC-DT,IN_STORE,84,2006,100.31,1905,2023,2
2023-02-23,YYC-DT,ONLINE,17,418,20.93,397,2023,2
2023-02-23,YYC-NW,IN_STORE,51,1534,76.73,1457,2023,2
2023-02-23,YYC-NW,ONLINE,8,357,17.86,339,2023,2
2023-02-23,YYC-SE,IN_STORE,34,1151,57.56,1093,2023,2
2023-02-23,YYC-SE,ONLINE,9,258,12.92,245,2023,2
2023-02-24,YYC-DT,IN_STORE,56,2010,100.54,1910,2023,2
2023-02-24,YYC-DT,ONLINE,17,405,20.26,385,2023,2
2023-02-24,YYC-NW,IN_STORE,38,1408,70.42,1338,2023,2
2023-02-24,YYC-NW,ONLINE,10,350,17.52,332,2023,2
2023-02-24,YYC-SE,IN_STORE,35,1354,67.74,1287,2023,2
2023-02-24,YYC-SE,ONLINE,7,251,12.57,238,2023,2
2023-02-25,YYC-DT,IN_STORE,89,2436,121.82,2314,2023,2
2023-02-25,YYC-DT,ONLINE,15,489,24.46,464,2023,2
2023-02-25,YYC-NW,IN_STORE,47,1738,86.9,1651,2023,2
2023-02-25,YYC-NW,ONLINE,13,413,20.69,393,2023,2
2023-02-25,YYC-SE,IN_STORE,48,1468,73.41,1394,2023,2
2023-02-25,YYC-SE,ONLINE,11,300,15.02,285,2023,2
2023-02-26,YYC-DT,IN_STORE,60,2309,115.48,2194,2023,2
2023-02-26,YYC-DT,ONLINE,18,464,23.24,441,2023,2
2023-02-26,YYC-NW,IN_STORE,40,1522,76.14,1446,2023,2
2023-02-26,YYC-NW,ONLINE,10,342,17.14,325,2023,2
2023-02-26,YYC-SE,IN_STORE,53,1380,69.02,1311,2023,2
2023-02-26,YYC-SE,ONLINE,7,250,12.54,238,2023,2
2023-02-27,YYC-DT,IN_STORE,54,1891,94.55,1796,2023,2
2023-02-27,YYC-DT,ONLINE,12,443,22.2,421,2023,2
2023-02-27,YYC-NW,IN_STORE,43,1414,70.7,1343,2023,2
2023-02-27,YYC-NW,ONLINE,7,217,10.86,206,2023,2
2023-02-27,YYC-SE,IN_STORE,33,1180,59.0,1121,2023,2
2023-02-27,YYC-SE,ONLINE,6,216,10.81,205,2023,2
2023-02-28,YYC-DT,IN_STORE,73,2307,115.39,2192,2023,2
2023-02-28,YYC-DT,ONLINE,13,437,21.9,416,2023,2
2023-02-28,YYC-NW,IN_STORE,42,1585,79.29,1506,2023,2
2023-02-28,YYC-NW,ONLINE,14,339,16.99,322,2023,2
2023-02-28,YYC-SE,IN_STORE,34,1505,75.27,1430,2023,2
2023-02-28,YYC-SE,ONLINE,8,236,11.81,224,2023,2
2023-03-01,YYC-DT,IN_STORE,77,2324,116.22,2208,2023,3
2023-03-01,YYC-DT,ONLINE,18,467,23.39,444,2023,3
2023-03-01,YYC-NW,IN_STORE,64,1711,85.57,1625,2023,3
2023-03-01,YYC-NW,ONLINE,13,378,18.91,359,2023,3
2023-03-01,YYC-SE,IN_STORE,43,1393,69.69,1324,2023,3
2023-03-01,YYC-SE,ONLINE,7,254,12.75,242,2023,3
2023-03-02,YYC-DT,IN_STORE,59,2175,108.78,2066,2023,3
2023-03-02,YYC-DT,ONLINE,16,465,23.3,442,2023,3
2023-03-02,YYC-NW,IN_STORE,54,1655,82.8,1573,2023,3
2023-03-02,YYC-NW,ONLINE,11,318,15.93,302,2023,3
2023-03-02,YYC-SE,IN_STORE,40,1380,69.0,1311,2023,3
2023-03-02,YYC-SE,ONLINE,12,307,15.38,292,2023,3
2023-03-03,YYC-DT,IN_STORE,81,2167,108.39,2059,2023,3
2023-03-03,YYC-DT,ONLINE,19,446,22.33,424,2023,3
2023-03-03,YYC-NW,IN_STORE,62,1480,74.05,1406,2023,3
2023-03-03,YYC-NW,ONLINE,11,312,15.64,297,2023,3
2023-03-03,YYC-SE,IN_STORE,42,1333,66.67,1266,2023,3
2023-03-03,YYC-SE,ONLINE,7,271,13.6,258,2023,3
2023-03-04,YYC-DT,IN_STORE,74,2303,115.17,2188,2023,3
2023-03-04,YYC-DT,ONLINE,14,430,21.54,409,2023,3
2023-03-04,YYC-NW,IN_STORE,50,1698,84.91,1613,2023,3
2023-03-04,YYC-NW,ONLINE,10,311,15.55,295,2023,3
2023-03-04,YYC-SE,IN_STORE,35,1351,67.56,1283,2023,3
2023-03-04,YYC-SE,ONLINE,8,277,13.86,263,2023,3
2023-03-05,YYC-DT,IN_STORE,59,2230,111.52,2118,2023,3
2023-03-05,YYC-DT,ONLINE,16,527,26.38,501,2023,3
2023-03-05,YYC-NW,IN_STORE,42,1781,89.08,1692,2023,3
2023-03-05,YYC-NW,ONLINE,14,362,18.13,344,2023,3
2023-03-05,YYC-SE,IN_STORE,47,1400,70.01,1330,2023,3
2023-03-05,YYC-SE,ONLINE,7,285,14.3,271,2023,3
2023-03-06,YYC-DT,IN_STORE,66,2302,115.13,2187,2023,3
2023-03-06,YYC-DT,ONLINE,19,552,27.61,524,2023,3
2023-03-06,YYC-NW,IN_STORE,62,1610,80.55,1530,2023,3
2023-03-06,YYC-NW,ONLINE,10,361,18.06,343,2023,3
2023-03-06,YYC-SE,IN_STORE,49,1407,70.38,1337,2023,3
2023-03-06,YYC-SE,ONLINE,8,285,14.3,271,2023,3
2023-03-07,YYC-DT,IN_STORE,64,2405,120.29,2285,2023,3
2023-03-07,YYC-DT,ONLINE,15,528,26.4,501,2023,3
2023-03-07,YYC-NW,IN_STORE,58,1726,86.32,1640,2023,3
2023-03-07,YYC-NW,ONLINE,11,384,19.25,365,2023,3
2023-03-07,YYC-SE,IN_STORE,44,1452,72.64,1380,2023,3
2023-03-07,YYC-SE,ONLINE,13,258,12.94,245,2023,3
2023-03-08,YYC-DT,IN_STORE,65,2415,120.78,2294,2023,3
2023-03-08,YYC-DT,ONLINE,21,501,25.09,476,2023,3
2023-03-08,YYC-NW,IN_STORE,41,1730,86.54,1644,2023,3
2023-03-08,YYC-NW,ONLINE,12,324,16.22,308,2023,3
2023-03-08,YYC-SE,IN_STORE,44,1463,73.16,1390,2023,3
2023-03-08,YYC-SE,ONLINE,8,314,15.71,298,2023,3
2023-03-09,YYC-DT,IN_STORE,85,2263,113.19,2150,2023,3
2023-03-09,YYC-DT,ONLINE,15,414,20.73,393,2023,3
2023-03-09,YYC-NW,IN_STORE,42,1455,72.77,1382,2023,3
2023-03-09,YYC-NW,ONLINE,11,270,13.52,256,2023,3
2023-03-09,YYC-SE,IN_STORE,37,1375,68.8,1307,2023,3
2023-03-09,YYC-SE,ONLINE,8,289,14.47,274,2023,3
2023-03-10,YYC-DT,IN_STORE,77,2082,104.14,1978,2023,3
2023-03-10,YYC-DT,ONLINE,18,465,23.27,442,2023,3
2023-03-10,YYC-NW,IN_STORE,49,1457,72.87,1384,2023,3
2023-03-10,YYC-NW,ONLINE,11,298,14.91,283,2023,3
2023-03-10,YYC-SE,IN_STORE,33,1243,62.16,1181,2023,3
2023-03-10,YYC-SE,ONLINE,6,278,13.91,264,2023,3
2023-03-11,YYC-DT,IN_STORE,88,2339,116.97,2222,2023,3
2023-03-11,YYC-DT,ONLINE,17,512,25.61,486,2023,3
2023-03-11,YYC-NW,IN_STORE,61,1671,83.57,1587,2023,3
2023-03-11,YYC-NW,ONLINE,9,343,17.15,325,2023,3
2023-03-11,YYC-SE,IN_STORE,47,1531,76.57,1454,2023,3
2023-03-11,YYC-SE,ONLINE,9,325,16.28,309,2023,3
2023-03-12,YYC-DT,IN_STORE,74,2199,109.98,2089,2023,3
2023-03-12,YYC-DT,ONLINE,14,439,22.0,417,2023,3
2023-03-12,YYC-NW,IN_STORE,51,1624,81.24,1543,2023,3
2023-03-12,YYC-NW,ONLINE,10,370,18.54,352,2023,3
2023-03-12,YYC-SE,IN_STORE,52,1374,68.71,1305,2023,3
2023-03-12,YYC-SE,ONLINE,7,294,14.72,279,2023,3
2023-03-13,YYC-DT,IN_STORE,62,2335,116.78,2218,2023,3
2023-03-13,YYC-DT,ONLINE,15,417,20.85,396,2023,3
2023-03-13,YYC-NW,IN_STORE,56,1596,79.84,1516,2023,3
2023-03-13,YYC-NW,ONLINE,9,410,20.51,389,2023,3
2023-03-13,YYC-SE,IN_STORE,54,1302,65.13,1237,2023,3
2023-03-13,YYC-SE,ONLINE,7,245,12.25,232,2023,3
2023-03-14,YYC-DT,IN_STORE,71,2134,106.7,2027,2023,3
2023-03-14,YYC-DT,ONLINE,11,437,21.88,415,2023,3
2023-03-14,YYC-NW,IN_STORE,64,1517,75.89,1441,2023,3
2023-03-14,YYC-NW,ONLINE,9,355,17.77,337,2023,3
2023-03-14,YYC-SE,IN_STORE,41,1362,68.12,1294,2023,3
2023-03-14,YYC-SE,ONLINE,9,268,13.43,255,2023,3
2023-03-15,YYC-DT,IN_STORE,58,2084,104.23,1980,2023,3
2023-03-15,YYC-DT,ONLINE,16,517,25.89,491,2023,3
2023-03-15,YYC-NW,IN_STORE,42,1540,77.02,1463,2023,3
2023-03-15,YYC-NW,ONLINE,9,284,14.22,270,2023,3
2023-03-15,YYC-SE,IN_STORE,35,1197,59.85,1137,2023,3
2023-03-15,YYC-SE,ONLINE,9,281,14.05,267,2023,3
2023-03-16,YYC-DT,IN_STORE,60,1983,99.16,1884,2023,3
2023-03-16,YYC-DT,ONLINE,13,396,19.84,376,2023,3
2023-03-16,YYC-NW,IN_STORE,46,1373,68.69,1305,2023,3
2023-03-16,YYC-NW,ONLINE,10,301,15.08,286,2023,3
2023-03-16,YYC-SE,IN_STORE,30,1316,65.83,1250,2023,3
2023-03-16,YYC-SE,ONLINE,8,281,14.1,267,2023,3
2023-03-17,YYC-DT,IN_STORE,65,2344,117.23,2227,2023,3
2023-03-17,YYC-DT,ONLINE,17,473,23.7,450,2023,3
2023-03-17,YYC-NW,IN_STORE,52,1550,77.55,1473,2023,3
2023-03-17,YYC-NW,ONLINE,9,370,18.54,352,2023,3
2023-03-17,YYC-SE,IN_STORE,44,1476,73.8,1402,2023,3
2023-03-17,YYC-SE,ONLINE,10,288,14.41,273,2023,3
2023-03-18,YYC-DT,IN_STORE,77,2461,123.1,2338,2023,3
2023-03-18,YYC-DT,ONLINE,14,487,24.36,462,2023,3
2023-03-18,YYC-NW,IN_STORE,44,1668,83.42,1584,2023,3
2023-03-18,YYC-NW,ONLINE,9,300,15.01,285,2023,3
2023-03-18,YYC-SE,IN_STORE,44,1491,74.6,1417,2023,3
2023-03-18,YYC-SE,ONLINE,12,262,13.14,249,2023,3
2023-03-19,YYC-DT,IN_STORE,76,2285,114.26,2170,2023,3
2023-03-19,YYC-DT,ONLINE,14,445,22.28,423,2023,3
2023-03-19,YYC-NW,IN_STORE,46,1672,83.64,1589,2023,3
2023-03-19,YYC-NW,ONLINE,11,326,16.31,309,2023,3
2023-03-19,YYC-SE,IN_STORE,51,1369,68.48,1301,2023,3
2023-03-19,YYC-SE,ONLINE,7,292,14.64,278,2023,3
2023-03-20,YYC-DT,IN_STORE,54,1901,95.06,1806,2023,3
2023-03-20,YYC-DT,ONLINE,11,389,19.45,369,2023,3
2023-03-20,YYC-NW,IN_STORE,52,1371,68.58,1302,2023,3
2023-03-20,YYC-NW,ONLINE,9,248,12.45,236,2023,3
2023-03-20,YYC-SE,IN_STORE,31,1166,58.31,1107,2023,3
2023-03-20,YYC-SE,ONLINE,7,223,11.16,212,2023,3
2023-03-21,YYC-DT,IN_STORE,61,2165,108.28,2057,2023,3
2023-03-21,YYC-DT,ONLINE,18,479,23.95,455,2023,3
2023-03-21,YYC-NW,IN_STORE,52,1572,78.63,1493,2023,3
2023-03-21,YYC-NW,ONLINE,11,399,19.99,379,2023,3
2023-03-21,YYC-SE,IN_STORE,33,1344,67.2,1276,2023,3
2023-03-21,YYC-SE,ONLINE,7,297,14.87,282,2023,3
2023-03-22,YYC-DT,IN_STORE,98,2410,120.54,2290,2023,3
2023-03-22,YYC-DT,ONLINE,15,532,26.65,506,2023,3
2023-03-22,YYC-NW,IN_STORE,41,1622,81.13,1541,2023,3
2023-03-22,YYC-NW,ONLINE,10,311,15.56,295,2023,3
2023-03-22,YYC-SE,IN_STORE,46,1461,73.07,1388,2023,3
2023-03-22,YYC-SE,ONLINE,12,342,17.13,325,2023,3
2023-03-23,YYC-DT,IN_STORE,67,2356,117.81,2238,2023,3
2023-03-23,YYC-DT,ONLINE,16,528,26.41,501,2023,3
2023-03-23,YYC-NW,IN_STORE,69,1729,86.49,1643,2023,3
2023-03-23,YYC-NW,ONLINE,15,361,18.07,343,2023,3
2023-03-23,YYC-SE,IN_STORE,35,1430,71.53,1359,2023,3
2023-03-23,YYC-SE,ONLINE,12,327,16.38,311,2023,3
2023-03-24,YYC-DT,IN_STORE,88,2206,110.3,2095,2023,3
2023-03-24,YYC-DT,ONLINE,15,456,22.83,433,2023,3
2023-03-24,YYC-NW,IN_STORE,38,1576,78.83,1497,2023,3
2023-03-24,YYC-NW,ONLINE,12,338,16.95,321,2023,3
2023-03-24,YYC-SE,IN_STORE,34,1336,66.82,1269,2023,3
2023-03-24,YYC-SE,ONLINE,8,251,12.58,239,2023,3
2023-03-25,YYC-DT,IN_STORE,72,2416,120.81,2295,2023,3
2023-03-25,YYC-DT,ONLINE,15,473,23.67,449,2023,3
2023-03-25,YYC-NW,IN_STORE,41,1736,86.83,1649,2023,3
2023-03-25,YYC-NW,ONLINE,13,389,19.46,369,2023,3
2023-03-25,YYC-SE,IN_STORE,54,1396,69.81,1326,2023,3
2023-03-25,YYC-SE,ONLINE,8,312,15.62,296,2023,3
2023-03-26,YYC-DT,IN_STORE,102,2534,126.73,2407,2023,3
2023-03-26,YYC-DT,ONLINE,18,560,28.03,532,2023,3
2023-03-26,YYC-NW,IN_STORE,45,1874,93.73,1780,2023,3
2023-03-26,YYC-NW,ONLINE,12,398,19.94,378,2023,3
2023-03-26,YYC-SE,IN_STORE,58,1499,74.99,1424,2023,3
2023-03-26,YYC-SE,ONLINE,13,347,17.38,330,2023,3
2023-03-27,YYC-DT,IN_STORE,71,2020,101.03,1919,2023,3
2023-03-27,YYC-DT,ONLINE,12,478,23.91,454,2023,3
2023-03-27,YYC-NW,IN_STORE,47,1441,72.08,1369,2023,3
2023-03-27,YYC-NW,ONLINE,12,323,16.19,307,2023,3
2023-03-27,YYC-SE,IN_STORE,36,1275,63.78,1211,2023,3
2023-03-27,YYC-SE,ONLINE,8,290,14.55,276,2023,3
2023-03-28,YYC-DT,IN_STORE,62,2238,111.95,2127,2023,3
2023-03-28,YYC-DT,ONLINE,12,427,21.38,406,2023,3
2023-03-28,YYC-NW,IN_STORE,55,1590,79.54,1511,2023,3
2023-03-28,YYC-NW,ONLINE,14,385,19.26,365,2023,3
2023-03-28,YYC-SE,IN_STORE,53,1349,67.47,1281,2023,3
2023-03-28,YYC-SE,ONLINE,12,317,15.87,301,2023,3
2023-03-29,YYC-DT,IN_STORE,70,2312,115.6,2196,2023,3
2023-03-29,YYC-DT,ONLINE,12,445,22.29,423,2023,3
2023-03-29,YYC-NW,IN_STORE,42,1619,80.96,1538,2023,3
2023-03-29,YYC-NW,ONLINE,8,334,16.75,318,2023,3
2023-03-29,YYC-SE,IN_STORE,57,1374,68.71,1305,2023,3
2023-03-29,YYC-SE,ONLINE,7,265,13.26,251,2023,3
2023-03-30,YYC-DT,IN_STORE,84,2358,117.9,2240,2023,3
2023-03-30,YYC-DT,ONLINE,15,471,23.55,447,2023,3
2023-03-30,YYC-NW,IN_STORE,45,1648,82.44,1566,2023,3
2023-03-30,YYC-NW,ONLINE,12,390,19.5,370,2023,3
2023-03-30,YYC-SE,IN_STORE,45,1345,67.26,1277,2023,3
2023-03-30,YYC-SE,ONLINE,10,298,14.94,283,2023,3
2023-03-31,YYC-DT,IN_STORE,82,2274,113.75,2161,2023,3
2023-03-31,YYC-DT,ONLINE,12,488,24.43,464,2023,3
2023-03-31,YYC-NW,IN_STORE,43,1596,79.82,1516,2023,3
2023-03-31,YYC-NW,ONLINE,10,356,17.82,338,2023,3
2023-03-31,YYC-SE,IN_STORE,49,1295,64.8,1231,2023,3
2023-03-31,YYC-SE,ONLINE,10,279,13.99,265,2023,3
2023-04-01,YYC-DT,IN_STORE,88,2533,126.67,2406,2023,4
2023-04-01,YYC-DT,ONLINE,19,525,26.27,499,2023,4
2023-04-01,YYC-NW,IN_STORE,47,1830,91.52,1738,2023,4
2023-04-01,YYC-NW,ONLINE,15,376,18.84,358,2023,4
2023-04-01,YYC-SE,IN_STORE,47,1541,77.05,1464,2023,4
2023-04-01,YYC-SE,ONLINE,10,325,16.25,308,2023,4
2023-04-02,YYC-DT,IN_STORE,62,2460,123.0,2337,2023,4
2023-04-02,YYC-DT,ONLINE,21,492,24.65,468,2023,4
2023-04-02,YYC-NW,IN_STORE,50,1758,87.94,1670,2023,4
2023-04-02,YYC-NW,ONLINE,11,340,17.03,323,2023,4
2023-04-02,YYC-SE,IN_STORE,56,1390,69.53,1321,2023,4
2023-04-02,YYC-SE,ONLINE,12,286,14.35,272,2023,4
2023-04-03,YYC-DT,IN_STORE,57,2213,110.68,2102,2023,4
2023-04-03,YYC-DT,ONLINE,15,493,24.67,468,2023,4
2023-04-03,YYC-NW,IN_STORE,50,1592,79.64,1513,2023,4
2023-04-03,YYC-NW,ONLINE,9,342,17.13,325,2023,4
2023-04-03,YYC-SE,IN_STORE,44,1298,64.95,1234,2023,4
2023-04-03,YYC-SE,ONLINE,8,276,13.84,262,2023,4
2023-04-04,YYC-DT,IN_STORE,60,2339,116.99,2222,2023,4
2023-04-04,YYC-DT,ONLINE,14,456,22.81,433,2023,4
2023-04-04,YYC-NW,IN_STORE,47,1709,85.47,1623,2023,4
2023-04-04,YYC-NW,ONLINE,14,372,18.62,353,2023,4
2023-04-04,YYC-SE,IN_STORE,39,1420,71.05,1349,2023,4
2023-04-04,YYC-SE,ONLINE,11,304,15.24,289,2023,4
2023-04-05,YYC-DT,IN_STORE,57,2391,119.55,2271,2023,4
2023-04-05,YYC-DT,ONLINE,17,479,23.97,455,2023,4
2023-04-05,YYC-NW,IN_STORE,69,1763,88.18,1675,2023,4
2023-04-05,YYC-NW,ONLINE,11,412,20.63,392,2023,4
2023-04-05,YYC-SE,IN_STORE,36,1389,69.47,1320,2023,4
2023-04-05,YYC-SE,ONLINE,9,257,12.89,244,2023,4
2023-04-06,YYC-DT,IN_STORE,65,2368,118.44,2250,2023,4
2023-04-06,YYC-DT,ONLINE,21,497,24.85,472,2023,4
2023-04-06,YYC-NW,IN_STORE,61,1733,86.66,1646,2023,4
2023-04-06,YYC-NW,ONLINE,9,359,17.98,341,2023,4
2023-04-06,YYC-SE,IN_STORE,48,1504,75.24,1429,2023,4
2023-04-06,YYC-SE,ONLINE,8,307,15.38,292,2023,4
2023-04-07,YYC-DT,IN_STORE,62,2137,106.85,2030,2023,4
2023-04-07,YYC-DT,ONLINE,13,546,27.31,518,2023,4
2023-04-07,YYC-NW,IN_STORE,59,1668,83.45,1585,2023,4
2023-04-07,YYC-NW,ONLINE,11,326,16.33,310,2023,4
2023-04-07,YYC-SE,IN_STORE,40,1342,67.11,1275,2023,4
2023-04-07,YYC-SE,ONLINE,8,281,14.1,267,2023,4
2023-04-08,YYC-DT,IN_STORE,73,2591,129.57,2461,2023,4
2023-04-08,YYC-DT,ONLINE,19,558,27.93,530,2023,4
2023-04-08,YYC-NW,IN_STORE,57,1829,91.48,1738,2023,4
2023-04-08,YYC-NW,ONLINE,14,403,20.18,383,2023,4
2023-04-08,YYC-SE,IN_STORE,43,1779,88.98,1690,2023,4
2023-04-08,YYC-SE,ONLINE,14,377,18.89,358,2023,4
2023-04-09,YYC-DT,IN_STORE,104,2447,122.39,2325,2023,4
2023-04-09,YYC-DT,ONLINE,18,573,28.68,544,2023,4
2023-04-09,YYC-NW,IN_STORE,62,1825,91.25,1733,2023,4
2023-04-09,YYC-NW,ONLINE,13,395,19.76,375,2023,4
2023-04-09,YYC-SE,IN_STORE,47,1530,76.51,1453,2023,4
2023-04-09,YYC-SE,ONLINE,8,282,14.14,268,2023,4
2023-04-10,YYC-DT,IN_STORE,86,2285,114.28,2171,2023,4
2023-04-10,YYC-DT,ONLINE,15,491,24.57,466,2023,4
2023-04-10,YYC-NW,IN_STORE,58,1614,80.73,1533,2023,4
2023-04-10,YYC-NW,ONLINE,12,308,15.42,293,2023,4
2023-04-10,YYC-SE,IN_STORE,47,1457,72.86,1384,2023,4
2023-04-10,YYC-SE,ONLINE,8,354,17.73,336,2023,4
2023-04-11,YYC-DT,IN_STORE,74,2170,108.54,2062,2023,4
2023-04-11,YYC-DT,ONLINE,14,434,21.72,412,2023,4
2023-04-11,YYC-NW,IN_STORE,40,1492,74.65,1418,2023,4
2023-04-11,YYC-NW,ONLINE,8,333,16.66,316,2023,4
2023-04-11,YYC-SE,IN_STORE,34,1341,67.06,1274,2023,4
2023-04-11,YYC-SE,ONLINE,9,278,13.92,264,2023,4
2023-04-12,YYC-DT,IN_STORE,73,1997,99.89,1897,2023,4
2023-04-12,YYC-DT,ONLINE,13,435,21.78,413,2023,4
2023-04-12,YYC-NW,IN_STORE,36,1416,70.81,1345,2023,4
2023-04-12,YYC-NW,ONLINE,9,333,16.69,317,2023,4
2023-04-12,YYC-SE,IN_STORE,46,1207,60.36,1146,2023,4
2023-04-12,YYC-SE,ONLINE,8,299,14.96,284,2023,4
2023-04-13,YYC-DT,IN_STORE,75,2479,123.99,2355,2023,4
2023-04-13,YYC-DT,ONLINE,18,536,26.82,509,2023,4
2023-04-13,YYC-NW,IN_STORE,50,1765,88.29,1677,2023,4
2023-04-13,YYC-NW,ONLINE,12,327,16.4,311,2023,4
2023-04-13,YYC-SE,IN_STORE,37,1419,70.95,1348,2023,4
2023-04-13,YYC-SE,ONLINE,7,268,13.42,254,2023,4
2023-04-14,YYC-DT,IN_STORE,58,2646,132.3,2513,2023,4
2023-04-14,YYC-DT,ONLINE,14,469,23.48,446,2023,4
2023-04-14,YYC-NW,IN_STORE,68,1695,84.76,1610,2023,4
2023-04-14,YYC-NW,ONLINE,9,348,17.42,331,2023,4
2023-04-14,YYC-SE,IN_STORE,41,1467,73.37,1394,2023,4
2023-04-14,YYC-SE,ONLINE,12,313,15.7,298,2023,4
2023-04-15,YYC-DT,IN_STORE,61,2526,126.3,2399,2023,4
2023-04-15,YYC-DT,ONLINE,19,530,26.51,503,2023,4
2023-04-15,YYC-NW,IN_STORE,72,1828,91.43,1737,2023,4
2023-04-15,YYC-NW,ONLINE,12,374,18.74,356,2023,4
2023-04-15,YYC-SE,IN_STORE,46,1470,73.5,1396,2023,4
2023-04-15,YYC-SE,ONLINE,8,357,17.89,339,2023,4
2023-04-16,YYC-DT,IN_STORE,85,2559,127.95,2431,2023,4
2023-04-16,YYC-DT,ONLINE,16,536,26.82,509,2023,4
2023-04-16,YYC-NW,IN_STORE,47,1828,91.42,1736,2023,4
2023-04-16,YYC-NW,ONLINE,12,334,16.74,318,2023,4
2023-04-16,YYC-SE,IN_STORE,45,1522,76.13,1446,2023,4
2023-04-16,YYC-SE,ONLINE,8,309,15.48,294,2023,4
2023-04-17,YYC-DT,IN_STORE,73,2408,120.44,2288,2023,4
2023-04-17,YYC-DT,ONLINE,14,439,22.0,417,2023,4
2023-04-17,YYC-NW,IN_STORE,56,1605,80.25,1524,2023,4
2023-04-17,YYC-NW,ONLINE,11,387,19.35,367,2023,4
2023-04-17,YYC-SE,IN_STORE,55,1444,72.23,1372,2023,4
2023-04-17,YYC-SE,ONLINE,12,305,15.28,290,2023,4
2023-04-18,YYC-DT,IN_STORE,68,2288,114.43,2174,2023,4
2023-04-18,YYC-DT,ONLINE,14,503,25.18,478,2023,4
2023-04-18,YYC-NW,IN_STORE,43,1533,76.67,1456,2023,4
2023-04-18,YYC-NW,ONLINE,12,343,17.18,326,2023,4
2023-04-18,YYC-SE,IN_STORE,41,1349,67.46,1281,2023,4
2023-04-18,YYC-SE,ONLINE,7,264,13.22,251,2023,4
2023-04-19,YYC-DT,IN_STORE,72,2256,112.81,2143,2023,4
2023-04-19,YYC-DT,ONLINE,14,505,25.29,480,2023,4
2023-04-19,YYC-NW,IN_STORE,61,1590,79.51,1510,2023,4
2023-04-19,YYC-NW,ONLINE,10,351,17.55,333,2023,4
2023-04-19,YYC-SE,IN_STORE,39,1520,76.0,1444,2023,4
2023-04-19,YYC-SE,ONLINE,8,258,12.93,245,2023,4
2023-04-20,YYC-DT,IN_STORE,72,2379,118.96,2260,2023,4
2023-04-20,YYC-DT,ONLINE,13,488,24.42,463,2023,4
2023-04-20,YYC-NW,IN_STORE,47,1709,85.47,1623,2023,4
2023-04-20,YYC-NW,ONLINE,14,373,18.66,354,2023,4
2023-04-20,YYC-SE,IN_STORE,48,1487,74.37,1412,2023,4
2023-04-20,YYC-SE,ONLINE,8,305,15.25,289,2023,4
2023-04-21,YYC-DT,IN_STORE,76,2159,107.95,2051,2023,4
2023-04-21,YYC-DT,ONLINE,13,444,22.22,422,2023,4
2023-04-21,YYC-NW,IN_STORE,47,1480,74.03,1406,2023,4
2023-04-21,YYC-NW,ONLINE,10,291,14.59,277,2023,4
2023-04-21,YYC-SE,IN_STORE,33,1492,74.64,1418,2023,4
2023-04-21,YYC-SE,ONLINE,7,320,16.04,304,2023,4
2023-04-22,YYC-DT,IN_STORE,99,2550,127.54,2423,2023,4
2023-04-22,YYC-DT,ONLINE,15,578,28.93,549,2023,4
2023-04-22,YYC-NW,IN_STORE,45,1894,94.7,1799,2023,4
2023-04-22,YYC-NW,ONLINE,16,375,18.79,357,2023,4
2023-04-22,YYC-SE,IN_STORE,42,1532,76.63,1455,2023,4
2023-04-22,YYC-SE,ONLINE,11,349,17.48,332,2023,4
2023-04-23,YYC-DT,IN_STORE,66,2384,119.23,2265,2023,4
2023-04-23,YYC-DT,ONLINE,14,502,25.15,477,2023,4
2023-04-23,YYC-NW,IN_STORE,52,1726,86.34,1640,2023,4
2023-04-23,YYC-NW,ONLINE,10,389,19.46,369,2023,4
2023-04-23,YYC-SE,IN_STORE,41,1349,67.47,1281,2023,4
2023-04-23,YYC-SE,ONLINE,8,340,17.02,323,2023,4
2023-04-24,YYC-DT,IN_STORE,62,2343,117.18,2226,2023,4
2023-04-24,YYC-DT,ONLINE,20,499,24.97,474,2023,4
2023-04-24,YYC-NW,IN_STORE,43,1705,85.29,1620,2023,4
2023-04-24,YYC-NW,ONLINE,12,343,17.16,325,2023,4
2023-04-24,YYC-SE,IN_STORE,54,1433,71.67,1361,2023,4
2023-04-24,YYC-SE,ONLINE,8,297,14.87,282,2023,4
2023-04-25,YYC-DT,IN_STORE,78,2394,119.75,2275,2023,4
2023-04-25,YYC-DT,ONLINE,14,446,22.32,424,2023,4
2023-04-25,YYC-NW,IN_STORE,63,1688,84.4,1603,2023,4
2023-04-25,YYC-NW,ONLINE,11,340,17.02,323,2023,4
2023-04-25,YYC-SE,IN_STORE,37,1466,73.34,1393,2023,4
2023-04-25,YYC-SE,ONLINE,8,321,16.09,305,2023,4
2023-04-26,YYC-DT,IN_STORE,53,2011,100.55,1910,2023,4
2023-04-26,YYC-DT,ONLINE,11,414,20.73,393,2023,4
2023-04-26,YYC-NW,IN_STORE,40,1584,79.22,1505,2023,4
2023-04-26,YYC-NW,ONLINE,12,315,15.79,299,2023,4
2023-04-26,YYC-SE,IN_STORE,48,1243,62.18,1181,2023,4
2023-04-26,YYC-SE,ONLINE,10,254,12.74,242,2023,4
2023-04-27,YYC-DT,IN_STORE,69,2444,122.22,2322,2023,4
2023-04-27,YYC-DT,ONLINE,13,543,27.15,515,2023,4
2023-04-27,YYC-NW,IN_STORE,51,1748,87.44,1661,2023,4
2023-04-27,YYC-NW,ONLINE,12,363,18.2,345,2023,4
2023-04-27,YYC-SE,IN_STORE,38,1459,72.98,1386,2023,4
2023-04-27,YYC-SE,ONLINE,8,297,14.87,282,2023,4
2023-04-28,YYC-DT,IN_STORE,79,2236,111.84,2124,2023,4
2023-04-28,YYC-DT,ONLINE,14,486,24.31,461,2023,4
2023-04-28,YYC-NW,IN_STORE,64,1541,77.06,1464,2023,4
2023-04-28,YYC-NW,ONLINE,8,325,16.28,309,2023,4
2023-04-28,YYC-SE,IN_STORE,37,1410,70.5,1339,2023,4
2023-04-28,YYC-SE,ONLINE,12,288,14.45,274,2023,4
2023-04-29,YYC-DT,IN_STORE,87,2456,122.83,2333,2023,4
2023-04-29,YYC-DT,ONLINE,15,486,24.31,461,2023,4
2023-04-29,YYC-NW,IN_STORE,44,1807,90.36,1716,2023,4
2023-04-29,YYC-NW,ONLINE,9,344,17.24,327,2023,4
2023-04-29,YYC-SE,IN_STORE,38,1485,74.27,1411,2023,4
2023-04-29,YYC-SE,ONLINE,13,312,15.6,296,2023,4
2023-04-30,YYC-DT,IN_STORE,79,2505,125.29,2380,2023,4
2023-04-30,YYC-DT,ONLINE,14,542,27.15,515,2023,4
2023-04-30,YYC-NW,IN_STORE,58,1756,87.8,1668,2023,4
2023-04-30,YYC-NW,ONLINE,11,382,19.11,363,2023,4
2023-04-30,YYC-SE,IN_STORE,49,1643,82.18,1561,2023,4
2023-04-30,YYC-SE,ONLINE,8,277,13.9,264,2023,4
2023-05-01,YYC-DT,IN_STORE,65,2603,130.16,2473,2023,5
2023-05-01,YYC-DT,ONLINE,17,540,27.04,513,2023,5
2023-05-01,YYC-NW,IN_STORE,68,1806,90.35,1716,2023,5
2023-05-01,YYC-NW,ONLINE,16,411,20.56,390,2023,5
2023-05-01,YYC-SE,IN_STORE,46,1475,73.78,1401,2023,5
2023-05-01,YYC-SE,ONLINE,10,377,18.85,358,2023,5
2023-05-02,YYC-DT,IN_STORE,57,2223,111.17,2112,2023,5
2023-05-02,YYC-DT,ONLINE,14,470,23.51,446,2023,5
2023-05-02,YYC-NW,IN_STORE,40,1610,80.53,1530,2023,5
2023-05-02,YYC-NW,ONLINE,12,274,13.75,261,2023,5
2023-05-02,YYC-SE,IN_STORE,56,1315,65.75,1249,2023,5
2023-05-02,YYC-SE,ONLINE,12,279,14.0,265,2023,5
2023-05-03,YYC-DT,IN_STORE,59,2473,123.66,2349,2023,5
2023-05-03,YYC-DT,ONLINE,15,489,24.47,465,2023,5
2023-05-03,YYC-NW,IN_STORE,46,1637,81.89,1555,2023,5
2023-05-03,YYC-NW,ONLINE,11,336,16.81,319,2023,5
2023-05-03,YYC-SE,IN_STORE,55,1466,73.3,1392,2023,5
2023-05-03,YYC-SE,ONLINE,8,324,16.22,308,2023,5
2023-05-04,YYC-DT,IN_STORE,74,2507,125.37,2382,2023,5
2023-05-04,YYC-DT,ONLINE,15,516,25.82,490,2023,5
2023-05-04,YYC-NW,IN_STORE,42,1671,83.58,1587,2023,5
2023-05-04,YYC-NW,ONLINE,9,375,18.79,356,2023,5
2023-05-04,YYC-SE,IN_STORE,39,1396,69.83,1326,2023,5
2023-05-04,YYC-SE,ONLINE,12,321,16.08,305,2023,5
2023-05-05,YYC-DT,IN_STORE,83,2463,123.2,2340,2023,5
2023-05-05,YYC-DT,ONLINE,16,566,28.32,538,2023,5
2023-05-05,YYC-NW,IN_STORE,58,1751,87.57,1663,2023,5
2023-05-05,YYC-NW,ONLINE,9,333,16.66,316,2023,5
2023-05-05,YYC-SE,IN_STORE,53,1395,69.77,1325,2023,5
2023-05-05,YYC-SE,ONLINE,10,310,15.54,295,2023,5
2023-05-06,YYC-DT,IN_STORE,75,2753,137.69,2616,2023,5
2023-05-06,YYC-DT,ONLINE,14,569,28.48,541,2023,5
2023-05-06,YYC-NW,IN_STORE,55,1826,91.32,1735,2023,5
2023-05-06,YYC-NW,ONLINE,15,355,17.8,338,2023,5
2023-05-06,YYC-SE,IN_STORE,44,1545,77.28,1468,2023,5
2023-05-06,YYC-SE,ONLINE,10,370,18.54,352,2023,5
2023-05-07,YYC-DT,IN_STORE,96,2603,130.16,2472,2023,5
2023-05-07,YYC-DT,ONLINE,13,548,27.42,521,2023,5
2023-05-07,YYC-NW,IN_STORE,50,1927,96.36,1830,2023,5
2023-05-07,YYC-NW,ONLINE,9,351,17.58,334,2023,5
2023-05-07,YYC-SE,IN_STORE,45,1520,76.01,1444,2023,5
2023-05-07,YYC-SE,ONLINE,8,389,19.46,369,2023,5
2023-05-08,YYC-DT,IN_STORE,74,2224,111.23,2113,2023,5
2023-05-08,YYC-DT,ONLINE,18,522,26.12,496,2023,5
2023-05-08,YYC-NW,IN_STORE,43,1593,79.67,1513,2023,5
2023-05-08,YYC-NW,ONLINE,10,345,17.28,328,2023,5
2023-05-08,YYC-SE,IN_STORE,49,1219,60.95,1158,2023,5
2023-05-08,YYC-SE,ONLINE,10,286,14.3,271,2023,5
2023-05-09,YYC-DT,IN_STORE,60,2283,114.15,2168,2023,5
2023-05-09,YYC-DT,ONLINE,13,533,26.67,506,2023,5
2023-05-09,YYC-NW,IN_STORE,44,1638,81.91,1556,2023,5
2023-05-09,YYC-NW,ONLINE,9,337,16.89,320,2023,5
2023-05-09,YYC-SE,IN_STORE,49,1427,71.35,1355,2023,5
2023-05-09,YYC-SE,ONLINE,7,249,12.5,237,2023,5
2023-05-10,YYC-DT,IN_STORE,68,2321,116.05,2205,2023,5
2023-05-10,YYC-DT,ONLINE,14,520,26.04,494,2023,5
2023-05-10,YYC-NW,IN_STORE,58,1530,76.53,1454,2023,5
2023-05-10,YYC-NW,ONLINE,9,367,18.36,348,2023,5
2023-05-10,YYC-SE,IN_STORE,33,1482,74.13,1408,2023,5
2023-05-10,YYC-SE,ONLINE,10,281,14.09,267,2023,5
2023-05-11,YYC-DT,IN_STORE,63,2112,105.6,2006,2023,5
2023-05-11,YYC-DT,ONLINE,18,405,20.26,385,2023,5
2023-05-11,YYC-NW,IN_STORE,50,1372,68.6,1303,2023,5
2023-05-11,YYC-NW,ONLINE,9,349,17.47,331,2023,5
2023-05-11,YYC-SE,IN_STORE,37,1264,63.21,1200,2023,5
2023-05-11,YYC-SE,ONLINE,9,276,13.8,262,2023,5
2023-05-12,YYC-DT,IN_STORE,83,2440,122.03,2318,2023,5
2023-05-12,YYC-DT,ONLINE,13,506,25.31,480,2023,5
2023-05-12,YYC-NW,IN_STORE,46,1857,92.89,1764,2023,5
2023-05-12,YYC-NW,ONLINE,12,396,19.82,376,2023,5
2023-05-12,YYC-SE,IN_STORE,53,1467,73.39,1394,2023,5
2023-05-12,YYC-SE,ONLINE,10,261,13.08,248,2023,5
2023-05-13,YYC-DT,IN_STORE,94,2605,130.27,2475,2023,5
2023-05-13,YYC-DT,ONLINE,18,661,33.06,628,2023,5
2023-05-13,YYC-NW,IN_STORE,76,1977,98.88,1878,2023,5
2023-05-13,YYC-NW,ONLINE,17,386,19.32,366,2023,5
2023-05-13,YYC-SE,IN_STORE,61,1620,81.0,1539,2023,5
2023-05-13,YYC-SE,ONLINE,9,368,18.43,350,2023,5
2023-05-14,YYC-DT,IN_STORE,61,2362,118.13,2244,2023,5
2023-05-14,YYC-DT,ONLINE,13,491,24.58,466,2023,5
2023-05-14,YYC-NW,IN_STORE,61,1594,79.72,1514,2023,5
2023-05-14,YYC-NW,ONLINE,9,350,17.52,332,2023,5
2023-05-14,YYC-SE,IN_STORE,36,1439,71.99,1367,2023,5
2023-05-14,YYC-SE,ONLINE,8,326,16.35,310,2023,5
2023-05-15,YYC-DT,IN_STORE,65,2202,110.13,2092,2023,5
2023-05-15,YYC-DT,ONLINE,14,494,24.7,469,2023,5
2023-05-15,YYC-NW,IN_STORE,48,1619,80.96,1538,2023,5
2023-05-15,YYC-NW,ONLINE,11,327,16.36,310,2023,5
2023-05-15,YYC-SE,IN_STORE,35,1361,68.07,1293,2023,5
2023-05-15,YYC-SE,ONLINE,9,294,14.74,280,2023,5
2023-05-16,YYC-DT,IN_STORE,81,2385,119.27,2266,2023,5
2023-05-16,YYC-DT,ONLINE,13,531,26.58,505,2023,5
2023-05-16,YYC-NW,IN_STORE,60,1759,88.0,1671,2023,5
2023-05-16,YYC-NW,ONLINE,11,313,15.66,297,2023,5
2023-05-16,YYC-SE,IN_STORE,44,1432,71.65,1361,2023,5
2023-05-16,YYC-SE,ONLINE,8,284,14.24,270,2023,5
2023-05-17,YYC-DT,IN_STORE,76,2605,130.26,2474,2023,5
2023-05-17,YYC-DT,ONLINE,17,517,25.86,491,2023,5
2023-05-17,YYC-NW,IN_STORE,69,1933,96.67,1836,2023,5
2023-05-17,YYC-NW,ONLINE,9,326,16.33,310,2023,5
2023-05-17,YYC-SE,IN_STORE,45,1630,81.52,1548,2023,5
2023-05-17,YYC-SE,ONLINE,12,314,15.73,298,2023,5
2023-05-18,YYC-DT,IN_STORE,60,2301,115.06,2186,2023,5
2023-05-18,YYC-DT,ONLINE,17,492,24.62,467,2023,5
2023-05-18,YYC-NW,IN_STORE,52,1726,86.32,1640,2023,5
2023-05-18,YYC-NW,ONLINE,15,375,18.75,356,2023,5
2023-05-18,YYC-SE,IN_STORE,35,1342,67.14,1275,2023,5
2023-05-18,YYC-SE,ONLINE,7,305,15.26,289,2023,5
2023-05-19,YYC-DT,IN_STORE,90,2275,113.75,2161,2023,5
2023-05-19,YYC-DT,ONLINE,16,520,26.01,494,2023,5
2023-05-19,YYC-NW,IN_STORE,45,1641,82.09,1559,2023,5
2023-05-19,YYC-NW,ONLINE,8,314,15.74,299,2023,5
2023-05-19,YYC-SE,IN_STORE,39,1398,69.93,1328,2023,5
2023-05-19,YYC-SE,ONLINE,7,260,13.01,247,2023,5
2023-05-20,YYC-DT,IN_STORE,82,2399,119.99,2279,2023,5
2023-05-20,YYC-DT,ONLINE,18,548,27.44,521,2023,5
2023-05-20,YYC-NW,IN_STORE,69,1951,97.6,1854,2023,5
2023-05-20,YYC-NW,ONLINE,11,429,21.47,408,2023,5
2023-05-20,YYC-SE,IN_STORE,41,1568,78.43,1490,2023,5
2023-05-20,YYC-SE,ONLINE,11,316,15.81,300,2023,5
2023-05-21,YYC-DT,IN_STORE,91,2862,143.14,2719,2023,5
2023-05-21,YYC-DT,ONLINE,18,574,28.72,545,2023,5
2023-05-21,YYC-NW,IN_STORE,57,1944,97.21,1846,2023,5
2023-05-21,YYC-NW,ONLINE,11,412,20.62,391,2023,5
2023-05-21,YYC-SE,IN_STORE,47,1696,84.84,1611,2023,5
2023-05-21,YYC-SE,ONLINE,14,334,16.7,317,2023,5
2023-05-22,YYC-DT,IN_STORE,57,2470,123.5,2346,2023,5
2023-05-22,YYC-DT,ONLINE,12,473,23.69,450,2023,5
2023-05-22,YYC-NW,IN_STORE,53,1556,77.82,1478,2023,5
2023-05-22,YYC-NW,ONLINE,12,313,15.69,298,2023,5
2023-05-22,YYC-SE,IN_STORE,39,1389,69.47,1319,2023,5
2023-05-22,YYC-SE,ONLINE,9,307,15.35,291,2023,5
2023-05-23,YYC-DT,IN_STORE,67,2261,113.1,2148,2023,5
2023-05-23,YYC-DT,ONLINE,18,459,22.97,436,2023,5
2023-05-23,YYC-NW,IN_STORE,65,1624,81.22,1543,2023,5
2023-05-23,YYC-NW,ONLINE,14,381,19.06,362,2023,5
2023-05-23,YYC-SE,IN_STORE,54,1383,69.19,1314,2023,5
2023-05-23,YYC-SE,ONLINE,9,283,14.18,269,2023,5
2023-05-24,YYC-DT,IN_STORE,63,2335,116.8,2219,2023,5
2023-05-24,YYC-DT,ONLINE,15,535,26.76,508,2023,5
2023-05-24,YYC-NW,IN_STORE,51,1615,80.79,1535,2023,5
2023-05-24,YYC-NW,ONLINE,12,292,14.62,277,2023,5
2023-05-24,YYC-SE,IN_STORE,41,1502,75.14,1427,2023,5
2023-05-24,YYC-SE,ONLINE,11,265,13.25,251,2023,5
2023-05-25,YYC-DT,IN_STORE,67,2159,107.97,2051,2023,5
2023-05-25,YYC-DT,ONLINE,14,467,23.37,443,2023,5
2023-05-25,YYC-NW,IN_STORE,67,1557,77.88,1479,2023,5
2023-05-25,YYC-NW,ONLINE,14,348,17.44,331,2023,5
2023-05-25,YYC-SE,IN_STORE,49,1293,64.68,1228,2023,5
2023-05-25,YYC-SE,ONLINE,9,312,15.64,297,2023,5
2023-05-26,YYC-DT,IN_STORE,77,2462,123.14,2339,2023,5
2023-05-26,YYC-DT,ONLINE,21,519,25.96,493,2023,5
2023-05-26,YYC-NW,IN_STORE,57,1644,82.24,1562,2023,5
2023-05-26,YYC-NW,ONLINE,11,404,20.24,384,2023,5
2023-05-26,YYC-SE,IN_STORE,42,1416,70.83,1345,2023,5
2023-05-26,YYC-SE,ONLINE,7,349,17.48,332,2023,5
2023-05-27,YYC-DT,IN_STORE,80,2926,146.34,2780,2023,5
2023-05-27,YYC-DT,ONLINE,24,681,34.06,647,2023,5
2023-05-27,YYC-NW,IN_STORE,61,1871,93.59,1778,2023,5
2023-05-27,YYC-NW,ONLINE,11,385,19.29,366,2023,5
2023-05-27,YYC-SE,IN_STORE,46,1742,87.12,1655,2023,5
2023-05-27,YYC-SE,ONLINE,11,336,16.81,319,2023,5
2023-05-28,YYC-DT,IN_STORE,97,2634,131.73,2502,2023,5
2023-05-28,YYC-DT,ONLINE,17,546,27.33,519,2023,5
2023-05-28,YYC-NW,IN_STORE,69,2019,100.98,1918,2023,5
2023-05-28,YYC-NW,ONLINE,16,436,21.82,414,2023,5
2023-05-28,YYC-SE,IN_STORE,40,1512,75.65,1437,2023,5
2023-05-28,YYC-SE,ONLINE,10,329,16.47,312,2023,5
2023-05-29,YYC-DT,IN_STORE,72,2296,114.84,2182,2023,5
2023-05-29,YYC-DT,ONLINE,14,536,26.83,509,2023,5
2023-05-29,YYC-NW,IN_STORE,59,1633,81.69,1552,2023,5
2023-05-29,YYC-NW,ONLINE,9,337,16.88,320,2023,5
2023-05-29,YYC-SE,IN_STORE,46,1448,72.42,1376,2023,5
2023-05-29,YYC-SE,ONLINE,8,329,16.46,312,2023,5
2023-05-30,YYC-DT,IN_STORE,66,2322,116.11,2206,2023,5
2023-05-30,YYC-DT,ONLINE,14,503,25.19,478,2023,5
2023-05-30,YYC-NW,IN_STORE,66,1636,81.83,1554,2023,5
2023-05-30,YYC-NW,ONLINE,12,361,18.1,343,2023,5
2023-05-30,YYC-SE,IN_STORE,40,1415,70.79,1345,2023,5
2023-05-30,YYC-SE,ONLINE,7,337,16.86,320,2023,5
2023-05-31,YYC-DT,IN_STORE,72,2149,107.45,2041,2023,5
2023-05-31,YYC-DT,ONLINE,15,463,23.17,440,2023,5
2023-05-31,YYC-NW,IN_STORE,64,1548,77.43,1471,2023,5
2023-05-31,YYC-NW,ONLINE,11,333,16.69,317,2023,5
2023-05-31,YYC-SE,IN_STORE,37,1368,68.45,1300,2023,5
2023-05-31,YYC-SE,ONLINE,7,258,12.94,245,2023,5
2023-06-01,YYC-DT,IN_STORE,103,2602,130.13,2472,2023,6
2023-06-01,YYC-DT,ONLINE,16,503,25.15,477,2023,6
2023-06-01,YYC-NW,IN_STORE,70,1834,91.74,1742,2023,6
2023-06-01,YYC-NW,ONLINE,16,421,21.06,400,2023,6
2023-06-01,YYC-SE,IN_STORE,40,1515,75.79,1440,2023,6
2023-06-01,YYC-SE,ONLINE,10,317,15.86,301,2023,6
2023-06-02,YYC-DT,IN_STORE,82,2432,121.61,2310,2023,6
2023-06-02,YYC-DT,ONLINE,19,558,27.94,530,2023,6
2023-06-02,YYC-NW,IN_STORE,50,1793,89.7,1704,2023,6
2023-06-02,YYC-NW,ONLINE,11,411,20.58,391,2023,6
2023-06-02,YYC-SE,IN_STORE,39,1454,72.72,1381,2023,6
2023-06-02,YYC-SE,ONLINE,10,290,14.53,276,2023,6
2023-06-03,YYC-DT,IN_STORE,93,2864,143.23,2721,2023,6
2023-06-03,YYC-DT,ONLINE,17,638,31.9,606,2023,6
2023-06-03,YYC-NW,IN_STORE,46,1885,94.26,1790,2023,6
2023-06-03,YYC-NW,ONLINE,14,437,21.87,415,2023,6
2023-06-03,YYC-SE,IN_STORE,54,1521,76.09,1445,2023,6
2023-06-03,YYC-SE,ONLINE,9,312,15.62,296,2023,6
2023-06-04,YYC-DT,IN_STORE,81,3178,158.91,3019,2023,6
2023-06-04,YYC-DT,ONLINE,17,758,37.91,720,2023,6
2023-06-04,YYC-NW,IN_STORE,80,2174,108.75,2066,2023,6
2023-06-04,YYC-NW,ONLINE,11,487,24.4,463,2023,6
2023-06-04,YYC-SE,IN_STORE,69,1876,93.84,1782,2023,6
2023-06-04,YYC-SE,ONLINE,14,377,18.86,358,2023,6
2023-06-05,YYC-DT,IN_STORE,61,2503,125.2,2378,2023,6
2023-06-05,YYC-DT,ONLINE,14,565,28.28,537,2023,6
2023-06-05,YYC-NW,IN_STORE,48,1684,84.21,1599,2023,6
2023-06-05,YYC-NW,ONLINE,12,360,18.0,342,2023,6
2023-06-05,YYC-SE,IN_STORE,48,1600,80.0,1520,2023,6
2023-06-05,YYC-SE,ONLINE,11,348,17.41,330,2023,6
2023-06-06,YYC-DT,IN_STORE,57,2459,122.95,2336,2023,6
2023-06-06,YYC-DT,ONLINE,15,524,26.24,498,2023,6
2023-06-06,YYC-NW,IN_STORE,66,1653,82.66,1570,2023,6
2023-06-06,YYC-NW,ONLINE,15,369,18.47,351,2023,6
2023-06-06,YYC-SE,IN_STORE,42,1334,66.75,1268,2023,6
2023-06-06,YYC-SE,ONLINE,10,306,15.31,290,2023,6
2023-06-07,YYC-DT,IN_STORE,77,2360,118.04,2242,2023,6
2023-06-07,YYC-DT,ONLINE,21,496,24.82,471,2023,6
2023-06-07,YYC-NW,IN_STORE,54,1653,82.69,1571,2023,6
2023-06-07,YYC-NW,ONLINE,9,327,16.39,311,2023,6
2023-06-07,YYC-SE,IN_STORE,55,1414,70.7,1343,2023,6
2023-06-07,YYC-SE,ONLINE,9,342,17.12,325,2023,6
2023-06-08,YYC-DT,IN_STORE,81,2536,126.85,2410,2023,6
2023-06-08,YYC-DT,ONLINE,17,556,27.83,528,2023,6
2023-06-08,YYC-NW,IN_STORE,56,1844,92.23,1752,2023,6
2023-06-08,YYC-NW,ONLINE,9,393,19.65,373,2023,6
2023-06-08,YYC-SE,IN_STORE,49,1593,79.68,1513,2023,6
2023-06-08,YYC-SE,ONLINE,9,335,16.79,319,2023,6
2023-06-09,YYC-DT,IN_STORE,62,2563,128.16,2435,2023,6
2023-06-09,YYC-DT,ONLINE,16,532,26.65,506,2023,6
2023-06-09,YYC-NW,IN_STORE,67,1690,84.54,1606,2023,6
2023-06-09,YYC-NW,ONLINE,12,340,17.02,323,2023,6
2023-06-09,YYC-SE,IN_STORE,45,1444,72.21,1372,2023,6
2023-06-09,YYC-SE,ONLINE,12,284,14.2,269,2023,6
2023-06-10,YYC-DT,IN_STORE,68,2497,124.88,2372,2023,6
2023-06-10,YYC-DT,ONLINE,17,519,25.96,493,2023,6
2023-06-10,YYC-NW,IN_STORE,48,1735,86.76,1648,2023,6
2023-06-10,YYC-NW,ONLINE,13,332,16.65,316,2023,6
2023-06-10,YYC-SE,IN_STORE,41,1589,79.46,1509,2023,6
2023-06-10,YYC-SE,ONLINE,8,314,15.75,299,2023,6
2023-06-11,YYC-DT,IN_STORE,76,2717,135.88,2581,2023,6
2023-06-11,YYC-DT,ONLINE,24,583,29.16,554,2023,6
2023-06-11,YYC-NW,IN_STORE,51,2049,102.49,1947,2023,6
2023-06-11,YYC-NW,ONLINE,12,461,23.1,438,2023,6
2023-06-11,YYC-SE,IN_STORE,58,1715,85.76,1629,2023,6
2023-06-11,YYC-SE,ONLINE,10,330,16.53,313,2023,6
2023-06-12,YYC-DT,IN_STORE,72,2419,120.97,2298,2023,6
2023-06-12,YYC-DT,ONLINE,12,464,23.24,441,2023,6
2023-06-12,YYC-NW,IN_STORE,59,1712,85.61,1626,2023,6
2023-06-12,YYC-NW,ONLINE,12,372,18.64,354,2023,6
2023-06-12,YYC-SE,IN_STORE,35,1444,72.23,1372,2023,6
2023-06-12,YYC-SE,ONLINE,8,293,14.69,279,2023,6
2023-06-13,YYC-DT,IN_STORE,67,2618,130.94,2487,2023,6
2023-06-13,YYC-DT,ONLINE,16,557,27.85,529,2023,6
2023-06-13,YYC-NW,IN_STORE,58,1870,93.55,1777,2023,6
2023-06-13,YYC-NW,ONLINE,10,406,20.33,386,2023,6
2023-06-13,YYC-SE,IN_STORE,47,1703,85.19,1618,2023,6
2023-06-13,YYC-SE,ONLINE,12,317,15.89,301,2023,6
2023-06-14,YYC-DT,IN_STORE,89,2560,128.01,2432,2023,6
2023-06-14,YYC-DT,ONLINE,15,545,27.28,518,2023,6
2023-06-14,YYC-NW,IN_STORE,74,1830,91.52,1738,2023,6
2023-06-14,YYC-NW,ONLINE,11,456,22.84,434,2023,6
2023-06-14,YYC-SE,IN_STORE,49,1470,73.54,1397,2023,6
2023-06-14,YYC-SE,ONLINE,11,326,16.3,309,2023,6
2023-06-15,YYC-DT,IN_STORE,66,2334,116.74,2218,2023,6
2023-06-15,YYC-DT,ONLINE,17,469,23.49,446,2023,6
2023-06-15,YYC-NW,IN_STORE,47,1746,87.3,1658,2023,6
2023-06-15,YYC-NW,ONLINE,9,378,18.91,359,2023,6
2023-06-15,YYC-SE,IN_STORE,57,1514,75.73,1438,2023,6
2023-06-15,YYC-SE,ONLINE,7,272,13.63,259,2023,6
2023-06-16,YYC-DT,IN_STORE,95,2618,130.95,2488,2023,6
2023-06-16,YYC-DT,ONLINE,22,522,26.14,496,2023,6
2023-06-16,YYC-NW,IN_STORE,45,1840,92.04,1748,2023,6
2023-06-16,YYC-NW,ONLINE,16,394,19.74,375,2023,6
2023-06-16,YYC-SE,IN_STORE,44,1444,72.23,1372,2023,6
2023-06-16,YYC-SE,ONLINE,12,266,13.33,253,2023,6
2023-06-17,YYC-DT,IN_STORE,73,2741,137.08,2604,2023,6
2023-06-17,YYC-DT,ONLINE,19,565,28.3,537,2023,6
2023-06-17,YYC-NW,IN_STORE,52,1834,91.74,1743,2023,6
2023-06-17,YYC-NW,ONLINE,16,377,18.86,358,2023,6
2023-06-17,YYC-SE,IN_STORE,49,1677,83.89,1593,2023,6
2023-06-17,YYC-SE,ONLINE,11,331,16.58,315,2023,6
2023-06-18,YYC-DT,IN_STORE,73,2866,143.31,2722,2023,6
2023-06-18,YYC-DT,ONLINE,17,582,29.13,553,2023,6
2023-06-18,YYC-NW,IN_STORE,51,1977,98.86,1878,2023,6
2023-06-18,YYC-NW,ONLINE,12,432,21.61,410,2023,6
2023-06-18,YYC-SE,IN_STORE,45,1728,86.44,1642,2023,6
2023-06-18,YYC-SE,ONLINE,8,299,14.95,284,2023,6
2023-06-19,YYC-DT,IN_STORE,60,2483,124.2,2359,2023,6
2023-06-19,YYC-DT,ONLINE,21,523,26.16,497,2023,6
2023-06-19,YYC-NW,IN_STORE,62,1761,88.05,1672,2023,6
2023-06-19,YYC-NW,ONLINE,12,339,16.97,322,2023,6
2023-06-19,YYC-SE,IN_STORE,54,1509,75.47,1433,2023,6
2023-06-19,YYC-SE,ONLINE,11,306,15.34,291,2023,6
2023-06-20,YYC-DT,IN_STORE,62,2388,119.45,2269,2023,6
2023-06-20,YYC-DT,ONLINE,14,462,23.12,439,2023,6
2023-06-20,YYC-NW,IN_STORE,46,1688,84.43,1604,2023,6
2023-06-20,YYC-NW,ONLINE,12,384,19.2,364,2023,6
2023-06-20,YYC-SE,IN_STORE,43,1360,68.03,1292,2023,6
2023-06-20,YYC-SE,ONLINE,9,300,15.05,285,2023,6
2023-06-21,YYC-DT,IN_STORE,88,2472,123.6,2348,2023,6
2023-06-21,YYC-DT,ONLINE,12,457,22.88,434,2023,6
2023-06-21,YYC-NW,IN_STORE,70,1691,84.56,1606,2023,6
2023-06-21,YYC-NW,ONLINE,14,403,20.18,383,2023,6
2023-06-21,YYC-SE,IN_STORE,35,1454,72.72,1381,2023,6
2023-06-21,YYC-SE,ONLINE,9,287,14.36,272,2023,6
2023-06-22,YYC-DT,IN_STORE,78,2586,129.31,2456,2023,6
2023-06-22,YYC-DT,ONLINE,18,523,26.17,497,2023,6
2023-06-22,YYC-NW,IN_STORE,51,1805,90.28,1715,2023,6
2023-06-22,YYC-NW,ONLINE,13,406,20.33,386,2023,6
2023-06-22,YYC-SE,IN_STORE,54,1522,76.12,1446,2023,6
2023-06-22,YYC-SE,ONLINE,8,291,14.58,276,2023,6
2023-06-23,YYC-DT,IN_STORE,77,2440,122.03,2318,2023,6
2023-06-23,YYC-DT,ONLINE,12,513,25.7,488,2023,6
2023-06-23,YYC-NW,IN_STORE,53,1628,81.45,1547,2023,6
2023-06-23,YYC-NW,ONLINE,9,316,15.8,300,2023,6
2023-06-23,YYC-SE,IN_STORE,35,1411,70.57,1340,2023,6
2023-06-23,YYC-SE,ONLINE,7,284,14.23,270,2023,6
2023-06-24,YYC-DT,IN_STORE,80,2670,133.52,2536,2023,6
2023-06-24,YYC-DT,ONLINE,18,548,27.4,520,2023,6
2023-06-24,YYC-NW,IN_STORE,75,1804,90.23,1714,2023,6
2023-06-24,YYC-NW,ONLINE,11,339,16.98,322,2023,6
2023-06-24,YYC-SE,IN_STORE,48,1628,81.42,1546,2023,6
2023-06-24,YYC-SE,ONLINE,10,295,14.76,280,2023,6
2023-06-25,YYC-DT,IN_STORE,65,2518,125.94,2392,2023,6
2023-06-25,YYC-DT,ONLINE,15,543,27.19,516,2023,6
2023-06-25,YYC-NW,IN_STORE,44,1774,88.72,1685,2023,6
2023-06-25,YYC-NW,ONLINE,12,381,19.1,362,2023,6
2023-06-25,YYC-SE,IN_STORE,59,1511,75.58,1436,2023,6
2023-06-25,YYC-SE,ONLINE,8,313,15.68,297,2023,6
2023-06-26,YYC-DT,IN_STORE,79,2398,119.91,2278,2023,6
2023-06-26,YYC-DT,ONLINE,22,519,26.0,493,2023,6
2023-06-26,YYC-NW,IN_STORE,70,1843,92.18,1751,2023,6
2023-06-26,YYC-NW,ONLINE,9,362,18.11,344,2023,6
2023-06-26,YYC-SE,IN_STORE,42,1479,73.96,1405,2023,6
2023-06-26,YYC-SE,ONLINE,8,291,14.6,277,2023,6
2023-06-27,YYC-DT,IN_STORE,69,2605,130.3,2475,2023,6
2023-06-27,YYC-DT,ONLINE,22,581,29.07,552,2023,6
2023-06-27,YYC-NW,IN_STORE,56,1849,92.49,1757,2023,6
2023-06-27,YYC-NW,ONLINE,10,358,17.91,340,2023,6
2023-06-27,YYC-SE,IN_STORE,66,1720,86.03,1634,2023,6
2023-06-27,YYC-SE,ONLINE,8,331,16.58,315,2023,6
2023-06-28,YYC-DT,IN_STORE,67,2188,109.43,2079,2023,6
2023-06-28,YYC-DT,ONLINE,17,486,24.31,461,2023,6
2023-06-28,YYC-NW,IN_STORE,55,1613,80.67,1532,2023,6
2023-06-28,YYC-NW,ONLINE,10,331,16.6,315,2023,6
2023-06-28,YYC-SE,IN_STORE,43,1440,72.05,1368,2023,6
2023-06-28,YYC-SE,ONLINE,10,314,15.73,298,2023,6
2023-06-29,YYC-DT,IN_STORE,88,2497,124.85,2372,2023,6
2023-06-29,YYC-DT,ONLINE,21,492,24.65,468,2023,6
2023-06-29,YYC-NW,IN_STORE,55,1886,94.33,1792,2023,6
2023-06-29,YYC-NW,ONLINE,15,349,17.46,331,2023,6
2023-06-29,YYC-SE,IN_STORE,56,1468,73.44,1395,2023,6
2023-06-29,YYC-SE,ONLINE,8,340,17.02,323,2023,6
2023-06-30,YYC-DT,IN_STORE,80,2577,128.88,2448,2023,6
2023-06-30,YYC-DT,ONLINE,17,569,28.46,540,2023,6
2023-06-30,YYC-NW,IN_STORE,56,1818,90.95,1728,2023,6
2023-06-30,YYC-NW,ONLINE,10,374,18.74,356,2023,6
2023-06-30,YYC-SE,IN_STORE,39,1525,76.28,1449,2023,6
2023-06-30,YYC-SE,ONLINE,12,333,16.68,316,2023,6
2023-07-01,YYC-DT,IN_STORE,107,2632,131.63,2500,2023,7
2023-07-01,YYC-DT,ONLINE,15,597,29.87,567,2023,7
2023-07-01,YYC-NW,IN_STORE,56,1859,92.97,1766,2023,7
2023-07-01,YYC-NW,ONLINE,11,409,20.46,388,2023,7
2023-07-01,YYC-SE,IN_STORE,48,1596,79.82,1516,2023,7
2023-07-01,YYC-SE,ONLINE,13,339,16.96,322,2023,7
2023-07-02,YYC-DT,IN_STORE,70,2699,134.99,2564,2023,7
2023-07-02,YYC-DT,ONLINE,23,575,28.79,547,2023,7
2023-07-02,YYC-NW,IN_STORE,67,1896,94.81,1801,2023,7
2023-07-02,YYC-NW,ONLINE,14,355,17.78,337,2023,7
2023-07-02,YYC-SE,IN_STORE,63,1597,79.86,1517,2023,7
2023-07-02,YYC-SE,ONLINE,12,306,15.3,290,2023,7
2023-07-03,YYC-DT,IN_STORE,65,2127,106.37,2021,2023,7
2023-07-03,YYC-DT,ONLINE,20,501,25.09,476,2023,7
2023-07-03,YYC-NW,IN_STORE,57,1606,80.34,1526,2023,7
2023-07-03,YYC-NW,ONLINE,10,364,18.22,346,2023,7
2023-07-03,YYC-SE,IN_STORE,57,1429,71.45,1357,2023,7
2023-07-03,YYC-SE,ONLINE,11,274,13.71,260,2023,7
2023-07-04,YYC-DT,IN_STORE,68,2464,123.22,2341,2023,7
2023-07-04,YYC-DT,ONLINE,21,526,26.35,500,2023,7
2023-07-04,YYC-NW,IN_STORE,48,1799,89.98,1709,2023,7
2023-07-04,YYC-NW,ONLINE,13,410,20.5,389,2023,7
2023-07-04,YYC-SE,IN_STORE,51,1470,73.54,1397,2023,7
2023-07-04,YYC-SE,ONLINE,10,280,14.01,266,2023,7
2023-07-05,YYC-DT,IN_STORE,77,2443,122.19,2321,2023,7
2023-07-05,YYC-DT,ONLINE,18,516,25.83,490,2023,7
2023-07-05,YYC-NW,IN_STORE,50,1655,82.79,1573,2023,7
2023-07-05,YYC-NW,ONLINE,10,380,19.04,361,2023,7
2023-07-05,YYC-SE,IN_STORE,35,1409,70.49,1339,2023,7
2023-07-05,YYC-SE,ONLINE,9,282,14.12,268,2023,7
2023-07-06,YYC-DT,IN_STORE,82,2478,123.94,2354,2023,7
2023-07-06,YYC-DT,ONLINE,15,521,26.05,495,2023,7
2023-07-06,YYC-NW,IN_STORE,64,1852,92.6,1759,2023,7
2023-07-06,YYC-NW,ONLINE,13,345,17.3,328,2023,7
2023-07-06,YYC-SE,IN_STORE,39,1586,79.35,1507,2023,7
2023-07-06,YYC-SE,ONLINE,11,304,15.21,289,2023,7
2023-07-07,YYC-DT,IN_STORE,64,2516,125.84,2390,2023,7
2023-07-07,YYC-DT,ONLINE,15,509,25.46,483,2023,7
2023-07-07,YYC-NW,IN_STORE,54,1747,87.36,1659,2023,7
2023-07-07,YYC-NW,ONLINE,15,362,18.12,344,2023,7
2023-07-07,YYC-SE,IN_STORE,42,1530,76.52,1453,2023,7
2023-07-07,YYC-SE,ONLINE,8,289,14.47,274,2023,7
2023-07-08,YYC-DT,IN_STORE,112,2986,149.34,2837,2023,7
2023-07-08,YYC-DT,ONLINE,20,611,30.58,581,2023,7
2023-07-08,YYC-NW,IN_STORE,56,2094,104.72,1989,2023,7
2023-07-08,YYC-NW,ONLINE,14,518,25.94,492,2023,7
2023-07-08,YYC-SE,IN_STORE,67,1805,90.28,1715,2023,7
2023-07-08,YYC-SE,ONLINE,12,363,18.17,345,2023,7
2023-07-09,YYC-DT,IN_STORE,67,2730,136.54,2594,2023,7
2023-07-09,YYC-DT,ONLINE,17,602,30.13,572,2023,7
2023-07-09,YYC-NW,IN_STORE,68,1908,95.42,1812,2023,7
2023-07-09,YYC-NW,ONLINE,13,416,20.82,395,2023,7
2023-07-09,YYC-SE,IN_STORE,48,1596,79.83,1516,2023,7
2023-07-09,YYC-SE,ONLINE,11,312,15.63,297,2023,7
2023-07-10,YYC-DT,IN_STORE,91,2481,124.05,2357,2023,7
2023-07-10,YYC-DT,ONLINE,14,527,26.38,501,2023,7
2023-07-10,YYC-NW,IN_STORE,47,1703,85.17,1618,2023,7
2023-07-10,YYC-NW,ONLINE,9,333,16.65,316,2023,7
2023-07-10,YYC-SE,IN_STORE,59,1480,74.04,1406,2023,7
2023-07-10,YYC-SE,ONLINE,8,342,17.13,325,2023,7
2023-07-11,YYC-DT,IN_STORE,71,2420,121.03,2299,2023,7
2023-07-11,YYC-DT,ONLINE,13,497,24.88,472,2023,7
2023-07-11,YYC-NW,IN_STORE,55,1703,85.17,1618,2023,7
2023-07-11,YYC-NW,ONLINE,9,359,17.98,341,2023,7
2023-07-11,YYC-SE,IN_STORE,45,1459,72.97,1386,2023,7
2023-07-11,YYC-SE,ONLINE,9,280,14.01,266,2023,7
2023-07-12,YYC-DT,IN_STORE,85,2298,114.93,2183,2023,7
2023-07-12,YYC-DT,ONLINE,12,466,23.33,443,2023,7
2023-07-12,YYC-NW,IN_STORE,50,1768,88.4,1679,2023,7
2023-07-12,YYC-NW,ONLINE,9,351,17.58,334,2023,7
2023-07-12,YYC-SE,IN_STORE,44,1431,71.6,1360,2023,7
2023-07-12,YYC-SE,ONLINE,7,269,13.47,255,2023,7
2023-07-13,YYC-DT,IN_STORE,102,2443,122.17,2321,2023,7
2023-07-13,YYC-DT,ONLINE,15,556,27.84,529,2023,7
2023-07-13,YYC-NW,IN_STORE,67,1770,88.54,1682,2023,7
2023-07-13,YYC-NW,ONLINE,11,410,20.53,390,2023,7
2023-07-13,YYC-SE,IN_STORE,50,1427,71.39,1356,2023,7
2023-07-13,YYC-SE,ONLINE,10,332,16.64,316,2023,7
2023-07-14,YYC-DT,IN_STORE,57,2541,127.07,2414,2023,7
2023-07-14,YYC-DT,ONLINE,12,519,25.99,493,2023,7
2023-07-14,YYC-NW,IN_STORE,51,1649,82.46,1566,2023,7
2023-07-14,YYC-NW,ONLINE,14,352,17.61,334,2023,7
2023-07-14,YYC-SE,IN_STORE,35,1391,69.57,1321,2023,7
2023-07-14,YYC-SE,ONLINE,10,286,14.31,271,2023,7
2023-07-15,YYC-DT,IN_STORE,82,2675,133.78,2541,2023,7
2023-07-15,YYC-DT,ONLINE,20,584,29.23,555,2023,7
2023-07-15,YYC-NW,IN_STORE,73,1878,93.92,1784,2023,7
2023-07-15,YYC-NW,ONLINE,13,411,20.58,390,2023,7
2023-07-15,YYC-SE,IN_STORE,65,1622,81.1,1540,2023,7
2023-07-15,YYC-SE,ONLINE,10,333,16.67,316,2023,7
2023-07-16,YYC-DT,IN_STORE,89,2770,138.55,2632,2023,7
2023-07-16,YYC-DT,ONLINE,24,639,31.97,607,2023,7
2023-07-16,YYC-NW,IN_STORE,56,2122,106.12,2016,2023,7
2023-07-16,YYC-NW,ONLINE,12,408,20.43,388,2023,7
2023-07-16,YYC-SE,IN_STORE,65,1842,92.1,1750,2023,7
2023-07-16,YYC-SE,ONLINE,8,327,16.35,310,2023,7
2023-07-17,YYC-DT,IN_STORE,60,2199,109.97,2089,2023,7
2023-07-17,YYC-DT,ONLINE,16,412,20.65,392,2023,7
2023-07-17,YYC-NW,IN_STORE,39,1619,80.96,1538,2023,7
2023-07-17,YYC-NW,ONLINE,11,300,15.02,285,2023,7
2023-07-17,YYC-SE,IN_STORE,57,1429,71.45,1357,2023,7
2023-07-17,YYC-SE,ONLINE,7,279,13.97,265,2023,7
2023-07-18,YYC-DT,IN_STORE,96,2624,131.21,2493,2023,7
2023-07-18,YYC-DT,ONLINE,18,549,27.47,521,2023,7
2023-07-18,YYC-NW,IN_STORE,57,1764,88.23,1676,2023,7
2023-07-18,YYC-NW,ONLINE,14,439,21.97,417,2023,7
2023-07-18,YYC-SE,IN_STORE,64,1527,76.38,1451,2023,7
2023-07-18,YYC-SE,ONLINE,12,353,17.67,335,2023,7
2023-07-19,YYC-DT,IN_STORE,73,2608,130.41,2477,2023,7
2023-07-19,YYC-DT,ONLINE,18,601,30.1,571,2023,7
2023-07-19,YYC-NW,IN_STORE,49,1889,94.46,1794,2023,7
2023-07-19,YYC-NW,ONLINE,9,425,21.26,403,2023,7
2023-07-19,YYC-SE,IN_STORE,64,1496,74.85,1422,2023,7
2023-07-19,YYC-SE,ONLINE,9,300,15.04,285,2023,7
2023-07-20,YYC-DT,IN_STORE,61,2289,114.48,2175,2023,7
2023-07-20,YYC-DT,ONLINE,16,508,25.41,482,2023,7
2023-07-20,YYC-NW,IN_STORE,44,1757,87.89,1669,2023,7
2023-07-20,YYC-NW,ONLINE,13,383,19.16,364,2023,7
2023-07-20,YYC-SE,IN_STORE,40,1324,66.2,1257,2023,7
2023-07-20,YYC-SE,ONLINE,12,345,17.29,328,2023,7
2023-07-21,YYC-DT,IN_STORE,52,2121,106.09,2015,2023,7
2023-07-21,YYC-DT,ONLINE,15,458,22.94,435,2023,7
2023-07-21,YYC-NW,IN_STORE,38,1493,74.69,1419,2023,7
2023-07-21,YYC-NW,ONLINE,8,351,17.57,333,2023,7
2023-07-21,YYC-SE,IN_STORE,37,1157,57.9,1100,2023,7
2023-07-21,YYC-SE,ONLINE,10,278,13.95,265,2023,7
2023-07-22,YYC-DT,IN_STORE,104,2647,132.36,2514,2023,7
2023-07-22,YYC-DT,ONLINE,22,524,26.2,497,2023,7
2023-07-22,YYC-NW,IN_STORE,69,1854,92.72,1761,2023,7
2023-07-22,YYC-NW,ONLINE,15,378,18.94,359,2023,7
2023-07-22,YYC-SE,IN_STORE,46,1609,80.49,1529,2023,7
2023-07-22,YYC-SE,ONLINE,11,308,15.42,292,2023,7
2023-07-23,YYC-DT,IN_STORE,89,2870,143.51,2726,2023,7
2023-07-23,YYC-DT,ONLINE,25,627,31.38,596,2023,7
2023-07-23,YYC-NW,IN_STORE,52,2161,108.05,2052,2023,7
2023-07-23,YYC-NW,ONLINE,13,416,20.84,395,2023,7
2023-07-23,YYC-SE,IN_STORE,63,1713,85.67,1627,2023,7
2023-07-23,YYC-SE,ONLINE,10,323,16.17,307,2023,7
2023-07-24,YYC-DT,IN_STORE,74,2294,114.71,2179,2023,7
2023-07-24,YYC-DT,ONLINE,20,561,28.07,533,2023,7
2023-07-24,YYC-NW,IN_STORE,52,1720,86.02,1634,2023,7
2023-07-24,YYC-NW,ONLINE,14,372,18.64,354,2023,7
2023-07-24,YYC-SE,IN_STORE,42,1460,73.02,1387,2023,7
2023-07-24,YYC-SE,ONLINE,10,278,13.92,264,2023,7
2023-07-25,YYC-DT,IN_STORE,74,2351,117.58,2233,2023,7
2023-07-25,YYC-DT,ONLINE,14,492,24.64,468,2023,7
2023-07-25,YYC-NW,IN_STORE,43,1512,75.61,1436,2023,7
2023-07-25,YYC-NW,ONLINE,12,345,17.27,328,2023,7
2023-07-25,YYC-SE,IN_STORE,57,1378,68.93,1309,2023,7
2023-07-25,YYC-SE,ONLINE,7,231,11.57,219,2023,7
2023-07-26,YYC-DT,IN_STORE,63,2297,114.9,2183,2023,7
2023-07-26,YYC-DT,ONLINE,19,583,29.2,554,2023,7
2023-07-26,YYC-NW,IN_STORE,58,1678,83.93,1594,2023,7
2023-07-26,YYC-NW,ONLINE,11,359,18.0,341,2023,7
2023-07-26,YYC-SE,IN_STORE,36,1459,72.97,1386,2023,7
2023-07-26,YYC-SE,ONLINE,8,276,13.82,262,2023,7
2023-07-27,YYC-DT,IN_STORE,88,2456,122.81,2333,2023,7
2023-07-27,YYC-DT,ONLINE,16,533,26.66,506,2023,7
2023-07-27,YYC-NW,IN_STORE,42,1806,90.31,1715,2023,7
2023-07-27,YYC-NW,ONLINE,10,372,18.62,353,2023,7
2023-07-27,YYC-SE,IN_STORE,55,1496,74.84,1422,2023,7
2023-07-27,YYC-SE,ONLINE,13,326,16.31,309,2023,7
2023-07-28,YYC-DT,IN_STORE,76,2562,128.14,2434,2023,7
2023-07-28,YYC-DT,ONLINE,19,532,26.65,506,2023,7
2023-07-28,YYC-NW,IN_STORE,47,1857,92.89,1764,2023,7
2023-07-28,YYC-NW,ONLINE,10,386,19.31,366,2023,7
2023-07-28,YYC-SE,IN_STORE,45,1538,76.95,1461,2023,7
2023-07-28,YYC-SE,ONLINE,8,300,15.03,285,2023,7
2023-07-29,YYC-DT,IN_STORE,84,2607,130.4,2477,2023,7
2023-07-29,YYC-DT,ONLINE,13,523,26.17,497,2023,7
2023-07-29,YYC-NW,IN_STORE,66,1808,90.42,1718,2023,7
2023-07-29,YYC-NW,ONLINE,15,383,19.15,363,2023,7
2023-07-29,YYC-SE,IN_STORE,44,1635,81.76,1553,2023,7
2023-07-29,YYC-SE,ONLINE,12,361,18.09,343,2023,7
2023-07-30,YYC-DT,IN_STORE,106,2692,134.64,2558,2023,7
2023-07-30,YYC-DT,ONLINE,15,520,26.04,494,2023,7
2023-07-30,YYC-NW,IN_STORE,53,1812,90.62,1721,2023,7
2023-07-30,YYC-NW,ONLINE,15,380,19.01,361,2023,7
2023-07-30,YYC-SE,IN_STORE,51,1593,79.68,1513,2023,7
2023-07-30,YYC-SE,ONLINE,10,310,15.53,295,2023,7
2023-07-31,YYC-DT,IN_STORE,66,2318,115.95,2203,2023,7
2023-07-31,YYC-DT,ONLINE,14,523,26.19,497,2023,7
2023-07-31,YYC-NW,IN_STORE,68,1628,81.44,1547,2023,7
2023-07-31,YYC-NW,ONLINE,12,411,20.56,390,2023,7
2023-07-31,YYC-SE,IN_STORE,50,1404,70.24,1334,2023,7
2023-07-31,YYC-SE,ONLINE,7,302,15.14,287,2023,7
2023-08-01,YYC-DT,IN_STORE,75,2306,115.33,2191,2023,8
2023-08-01,YYC-DT,ONLINE,11,437,21.87,415,2023,8
2023-08-01,YYC-NW,IN_STORE,42,1572,78.65,1494,2023,8
2023-08-01,YYC-NW,ONLINE,8,356,17.85,339,2023,8
2023-08-01,YYC-SE,IN_STORE,41,1291,64.59,1227,2023,8
2023-08-01,YYC-SE,ONLINE,7,279,13.99,265,2023,8
2023-08-02,YYC-DT,IN_STORE,79,2545,127.3,2418,2023,8
2023-08-02,YYC-DT,ONLINE,18,532,26.63,506,2023,8
2023-08-02,YYC-NW,IN_STORE,54,1860,93.05,1767,2023,8
2023-08-02,YYC-NW,ONLINE,13,419,20.97,398,2023,8
2023-08-02,YYC-SE,IN_STORE,37,1471,73.57,1397,2023,8
2023-08-02,YYC-SE,ONLINE,8,273,13.68,259,2023,8
2023-08-03,YYC-DT,IN_STORE,75,2405,120.25,2284,2023,8
2023-08-03,YYC-DT,ONLINE,17,564,28.23,536,2023,8
2023-08-03,YYC-NW,IN_STORE,66,1683,84.17,1599,2023,8
2023-08-03,YYC-NW,ONLINE,12,360,18.03,342,2023,8
2023-08-03,YYC-SE,IN_STORE,36,1459,72.98,1386,2023,8
2023-08-03,YYC-SE,ONLINE,12,271,13.55,257,2023,8
2023-08-04,YYC-DT,IN_STORE,62,2520,126.04,2394,2023,8
2023-08-04,YYC-DT,ONLINE,19,584,29.21,554,2023,8
2023-08-04,YYC-NW,IN_STORE,62,1810,90.51,1719,2023,8
2023-08-04,YYC-NW,ONLINE,12,389,19.45,369,2023,8
2023-08-04,YYC-SE,IN_STORE,40,1524,76.25,1448,2023,8
2023-08-04,YYC-SE,ONLINE,10,269,13.48,256,2023,8
2023-08-05,YYC-DT,IN_STORE,113,2830,141.53,2689,2023,8
2023-08-05,YYC-DT,ONLINE,21,625,31.26,593,2023,8
2023-08-05,YYC-NW,IN_STORE,60,1985,99.3,1886,2023,8
2023-08-05,YYC-NW,ONLINE,14,445,22.27,423,2023,8
2023-08-05,YYC-SE,IN_STORE,66,1704,85.23,1619,2023,8
2023-08-05,YYC-SE,ONLINE,10,435,21.76,413,2023,8
2023-08-06,YYC-DT,IN_STORE,79,2745,137.27,2608,2023,8
2023-08-06,YYC-DT,ONLINE,18,638,31.93,606,2023,8
2023-08-06,YYC-NW,IN_STORE,49,1986,99.33,1887,2023,8
2023-08-06,YYC-NW,ONLINE,14,425,21.29,404,2023,8
2023-08-06,YYC-SE,IN_STORE,45,1693,84.66,1608,2023,8
2023-08-06,YYC-SE,ONLINE,10,340,17.02,323,2023,8
2023-08-07,YYC-DT,IN_STORE,60,2361,118.09,2243,2023,8
2023-08-07,YYC-DT,ONLINE,13,526,26.35,500,2023,8
2023-08-07,YYC-NW,IN_STORE,40,1769,88.49,1681,2023,8
2023-08-07,YYC-NW,ONLINE,9,321,16.09,305,2023,8
2023-08-07,YYC-SE,IN_STORE,57,1428,71.44,1357,2023,8
2023-08-07,YYC-SE,ONLINE,8,268,13.42,255,2023,8
2023-08-08,YYC-DT,IN_STORE,74,2282,114.14,2168,2023,8
2023-08-08,YYC-DT,ONLINE,17,530,26.52,503,2023,8
2023-08-08,YYC-NW,IN_STORE,63,1652,82.61,1569,2023,8
2023-08-08,YYC-NW,ONLINE,11,417,20.86,396,2023,8
2023-08-08,YYC-SE,IN_STORE,44,1422,71.13,1351,2023,8
2023-08-08,YYC-SE,ONLINE,7,252,12.64,240,2023,8
2023-08-09,YYC-DT,IN_STORE,75,2352,117.63,2234,2023,8
2023-08-09,YYC-DT,ONLINE,13,437,21.9,416,2023,8
2023-08-09,YYC-NW,IN_STORE,51,1768,88.41,1679,2023,8
2023-08-09,YYC-NW,ONLINE,11,309,15.46,293,2023,8
2023-08-09,YYC-SE,IN_STORE,58,1486,74.33,1412,2023,8
2023-08-09,YYC-SE,ONLINE,11,309,15.49,294,2023,8
2023-08-10,YYC-DT,IN_STORE,61,2154,107.74,2047,2023,8
2023-08-10,YYC-DT,ONLINE,17,487,24.37,463,2023,8
2023-08-10,YYC-NW,IN_STORE,63,1556,77.84,1478,2023,8
2023-08-10,YYC-NW,ONLINE,10,331,16.57,314,2023,8
2023-08-10,YYC-SE,IN_STORE,49,1352,67.65,1285,2023,8
2023-08-10,YYC-SE,ONLINE,11,261,13.06,248,2023,8
2023-08-11,YYC-DT,IN_STORE,59,2308,115.41,2192,2023,8
2023-08-11,YYC-DT,ONLINE,22,514,25.72,488,2023,8
2023-08-11,YYC-NW,IN_STORE,44,1739,86.97,1652,2023,8
2023-08-11,YYC-NW,ONLINE,13,368,18.41,349,2023,8
2023-08-11,YYC-SE,IN_STORE,50,1482,74.12,1408,2023,8
2023-08-11,YYC-SE,ONLINE,7,288,14.44,274,2023,8
2023-08-12,YYC-DT,IN_STORE,74,2405,120.28,2285,2023,8
2023-08-12,YYC-DT,ONLINE,13,550,27.51,522,2023,8
2023-08-12,YYC-NW,IN_STORE,51,1752,87.62,1664,2023,8
2023-08-12,YYC-NW,ONLINE,12,393,19.66,373,2023,8
2023-08-12,YYC-SE,IN_STORE,42,1556,77.82,1478,2023,8
2023-08-12,YYC-SE,ONLINE,9,272,13.64,259,2023,8
2023-08-13,YYC-DT,IN_STORE,94,2929,146.46,2782,2023,8
2023-08-13,YYC-DT,ONLINE,19,602,30.11,572,2023,8
2023-08-13,YYC-NW,IN_STORE,69,1964,98.22,1866,2023,8
2023-08-13,YYC-NW,ONLINE,11,402,20.11,382,2023,8
2023-08-13,YYC-SE,IN_STORE,48,1609,80.49,1529,2023,8
2023-08-13,YYC-SE,ONLINE,11,324,16.21,307,2023,8
2023-08-14,YYC-DT,IN_STORE,56,2250,112.54,2138,2023,8
2023-08-14,YYC-DT,ONLINE,12,547,27.4,520,2023,8
2023-08-14,YYC-NW,IN_STORE,54,1690,84.52,1605,2023,8
2023-08-14,YYC-NW,ONLINE,9,346,17.3,328,2023,8
2023-08-14,YYC-SE,IN_STORE,39,1313,65.66,1247,2023,8
2023-08-14,YYC-SE,ONLINE,11,317,15.86,301,2023,8
2023-08-15,YYC-DT,IN_STORE,95,2417,120.86,2296,2023,8
2023-08-15,YYC-DT,ONLINE,14,520,26.03,494,2023,8
2023-08-15,YYC-NW,IN_STORE,54,1783,89.16,1694,2023,8
2023-08-15,YYC-NW,ONLINE,12,332,16.62,315,2023,8
2023-08-15,YYC-SE,IN_STORE,46,1459,72.97,1386,2023,8
2023-08-15,YYC-SE,ONLINE,12,326,16.35,310,2023,8
2023-08-16,YYC-DT,IN_STORE,85,2400,120.02,2280,2023,8
2023-08-16,YYC-DT,ONLINE,15,434,21.75,413,2023,8
2023-08-16,YYC-NW,IN_STORE,50,1547,77.4,1470,2023,8
2023-08-16,YYC-NW,ONLINE,10,347,17.39,330,2023,8
2023-08-16,YYC-SE,IN_STORE,39,1427,71.39,1356,2023,8
2023-08-16,YYC-SE,ONLINE,11,313,15.66,297,2023,8
2023-08-17,YYC-DT,IN_STORE,66,2285,114.29,2171,2023,8
2023-08-17,YYC-DT,ONLINE,13,440,22.03,418,2023,8
2023-08-17,YYC-NW,IN_STORE,53,1671,83.57,1587,2023,8
2023-08-17,YYC-NW,ONLINE,11,376,18.85,358,2023,8
2023-08-17,YYC-SE,IN_STORE,38,1473,73.67,1399,2023,8
2023-08-17,YYC-SE,ONLINE,12,213,10.7,203,2023,8
2023-08-18,YYC-DT,IN_STORE,102,2391,119.57,2271,2023,8
2023-08-18,YYC-DT,ONLINE,18,520,26.04,494,2023,8
2023-08-18,YYC-NW,IN_STORE,51,1783,89.19,1694,2023,8
2023-08-18,YYC-NW,ONLINE,10,350,17.52,332,2023,8
2023-08-18,YYC-SE,IN_STORE,37,1546,77.31,1468,2023,8
2023-08-18,YYC-SE,ONLINE,8,316,15.84,300,2023,8
2023-08-19,YYC-DT,IN_STORE,97,2504,125.21,2379,2023,8
2023-08-19,YYC-DT,ONLINE,23,561,28.07,533,2023,8
2023-08-19,YYC-NW,IN_STORE,48,1763,88.16,1675,2023,8
2023-08-19,YYC-NW,ONLINE,9,354,17.74,337,2023,8
2023-08-19,YYC-SE,IN_STORE,58,1536,76.83,1459,2023,8
2023-08-19,YYC-SE,ONLINE,11,332,16.62,315,2023,8
2023-08-20,YYC-DT,IN_STORE,106,2681,134.07,2547,2023,8
2023-08-20,YYC-DT,ONLINE,18,566,28.31,537,2023,8
2023-08-20,YYC-NW,IN_STORE,47,2076,103.84,1972,2023,8
2023-08-20,YYC-NW,ONLINE,10,349,17.47,331,2023,8
2023-08-20,YYC-SE,IN_STORE,68,1694,84.74,1609,2023,8
2023-08-20,YYC-SE,ONLINE,10,287,14.37,273,2023,8
2023-08-21,YYC-DT,IN_STORE,54,2319,115.98,2203,2023,8
2023-08-21,YYC-DT,ONLINE,12,453,22.68,430,2023,8
2023-08-21,YYC-NW,IN_STORE,38,1496,74.84,1421,2023,8
2023-08-21,YYC-NW,ONLINE,12,352,17.63,334,2023,8
2023-08-21,YYC-SE,IN_STORE,33,1381,69.08,1312,2023,8
2023-08-21,YYC-SE,ONLINE,7,322,16.15,306,2023,8
2023-08-22,YYC-DT,IN_STORE,81,2267,113.39,2154,2023,8
2023-08-22,YYC-DT,ONLINE,13,507,25.38,482,2023,8
2023-08-22,YYC-NW,IN_STORE,52,1726,86.3,1639,2023,8
2023-08-22,YYC-NW,ONLINE,11,337,16.89,320,2023,8
2023-08-22,YYC-SE,IN_STORE,36,1410,70.5,1339,2023,8
2023-08-22,YYC-SE,ONLINE,7,295,14.77,280,2023,8
2023-08-23,YYC-DT,IN_STORE,98,2568,128.42,2439,2023,8
2023-08-23,YYC-DT,ONLINE,15,578,28.91,549,2023,8
2023-08-23,YYC-NW,IN_STORE,67,1833,91.67,1741,2023,8
2023-08-23,YYC-NW,ONLINE,11,386,19.33,367,2023,8
2023-08-23,YYC-SE,IN_STORE,46,1670,83.54,1587,2023,8
2023-08-23,YYC-SE,ONLINE,13,300,15.0,285,2023,8
2023-08-24,YYC-DT,IN_STORE,61,2219,111.0,2108,2023,8
2023-08-24,YYC-DT,ONLINE,14,523,26.17,497,2023,8
2023-08-24,YYC-NW,IN_STORE,45,1573,78.67,1494,2023,8
2023-08-24,YYC-NW,ONLINE,10,349,17.49,332,2023,8
2023-08-24,YYC-SE,IN_STORE,50,1326,66.34,1260,2023,8
2023-08-24,YYC-SE,ONLINE,9,291,14.59,277,2023,8
2023-08-25,YYC-DT,IN_STORE,85,2272,113.62,2158,2023,8
2023-08-25,YYC-DT,ONLINE,13,403,20.15,382,2023,8
2023-08-25,YYC-NW,IN_STORE,39,1519,75.96,1443,2023,8
2023-08-25,YYC-NW,ONLINE,10,367,18.36,348,2023,8
2023-08-25,YYC-SE,IN_STORE,34,1324,66.23,1258,2023,8
2023-08-25,YYC-SE,ONLINE,7,314,15.75,299,2023,8
2023-08-26,YYC-DT,IN_STORE,65,2830,141.52,2688,2023,8
2023-08-26,YYC-DT,ONLINE,16,620,31.02,589,2023,8
2023-08-26,YYC-NW,IN_STORE,68,1908,95.43,1813,2023,8
2023-08-26,YYC-NW,ONLINE,11,420,21.0,399,2023,8
2023-08-26,YYC-SE,IN_STORE,48,1508,75.45,1433,2023,8
2023-08-26,YYC-SE,ONLINE,9,376,18.84,357,2023,8
2023-08-27,YYC-DT,IN_STORE,67,2591,129.58,2462,2023,8
2023-08-27,YYC-DT,ONLINE,14,530,26.52,503,2023,8
2023-08-27,YYC-NW,IN_STORE,45,2001,100.1,1901,2023,8
2023-08-27,YYC-NW,ONLINE,10,412,20.61,391,2023,8
2023-08-27,YYC-SE,IN_STORE,65,1638,81.91,1556,2023,8
2023-08-27,YYC-SE,ONLINE,10,379,18.99,360,2023,8
2023-08-28,YYC-DT,IN_STORE,64,2285,114.28,2171,2023,8
2023-08-28,YYC-DT,ONLINE,16,511,25.56,485,2023,8
2023-08-28,YYC-NW,IN_STORE,51,1583,79.19,1504,2023,8
2023-08-28,YYC-NW,ONLINE,9,310,15.52,294,2023,8
2023-08-28,YYC-SE,IN_STORE,40,1417,70.86,1346,2023,8
2023-08-28,YYC-SE,ONLINE,10,329,16.47,312,2023,8
2023-08-29,YYC-DT,IN_STORE,59,2317,115.88,2201,2023,8
2023-08-29,YYC-DT,ONLINE,15,473,23.69,450,2023,8
2023-08-29,YYC-NW,IN_STORE,51,1648,82.42,1565,2023,8
2023-08-29,YYC-NW,ONLINE,11,366,18.33,348,2023,8
2023-08-29,YYC-SE,IN_STORE,38,1480,74.03,1406,2023,8
2023-08-29,YYC-SE,ONLINE,8,326,16.31,309,2023,8
2023-08-30,YYC-DT,IN_STORE,65,2480,124.04,2356,2023,8
2023-08-30,YYC-DT,ONLINE,18,536,26.84,509,2023,8
2023-08-30,YYC-NW,IN_STORE,45,1748,87.41,1660,2023,8
2023-08-30,YYC-NW,ONLINE,11,361,18.09,343,2023,8
2023-08-30,YYC-SE,IN_STORE,38,1603,80.17,1523,2023,8
2023-08-30,YYC-SE,ONLINE,10,343,17.18,326,2023,8
2023-08-31,YYC-DT,IN_STORE,76,2469,123.48,2346,2023,8
2023-08-31,YYC-DT,ONLINE,15,532,26.61,505,2023,8
2023-08-31,YYC-NW,IN_STORE,45,1821,91.07,1730,2023,8
2023-08-31,YYC-NW,ONLINE,11,426,21.32,405,2023,8
2023-08-31,YYC-SE,IN_STORE,36,1553,77.69,1476,2023,8
2023-08-31,YYC-SE,ONLINE,11,289,14.45,274,2023,8
2023-09-01,YYC-DT,IN_STORE,71,2391,119.58,2272,2023,9
2023-09-01,YYC-DT,ONLINE,16,497,24.87,472,2023,9
2023-09-01,YYC-NW,IN_STORE,56,1732,86.6,1645,2023,9
2023-09-01,YYC-NW,ONLINE,11,336,16.82,319,2023,9
2023-09-01,YYC-SE,IN_STORE,53,1470,73.53,1397,2023,9
2023-09-01,YYC-SE,ONLINE,11,315,15.79,300,2023,9
2023-09-02,YYC-DT,IN_STORE,98,2511,125.55,2385,2023,9
2023-09-02,YYC-DT,ONLINE,17,563,28.17,535,2023,9
2023-09-02,YYC-NW,IN_STORE,45,1887,94.36,1792,2023,9
2023-09-02,YYC-NW,ONLINE,14,324,16.22,308,2023,9
2023-09-02,YYC-SE,IN_STORE,45,1523,76.17,1447,2023,9
2023-09-02,YYC-SE,ONLINE,10,322,16.11,306,2023,9
2023-09-03,YYC-DT,IN_STORE,64,2698,134.94,2563,2023,9
2023-09-03,YYC-DT,ONLINE,19,585,29.3,556,2023,9
2023-09-03,YYC-NW,IN_STORE,52,1805,90.28,1715,2023,9
2023-09-03,YYC-NW,ONLINE,12,381,19.09,362,2023,9
2023-09-03,YYC-SE,IN_STORE,42,1575,78.78,1496,2023,9
2023-09-03,YYC-SE,ONLINE,10,354,17.75,337,2023,9
2023-09-04,YYC-DT,IN_STORE,101,2539,126.98,2412,2023,9
2023-09-04,YYC-DT,ONLINE,16,535,26.76,508,2023,9
2023-09-04,YYC-NW,IN_STORE,52,1873,93.68,1779,2023,9
2023-09-04,YYC-NW,ONLINE,10,432,21.62,410,2023,9
2023-09-04,YYC-SE,IN_STORE,46,1603,80.18,1523,2023,9
2023-09-04,YYC-SE,ONLINE,9,311,15.57,295,2023,9
2023-09-05,YYC-DT,IN_STORE,72,2255,112.76,2142,2023,9
2023-09-05,YYC-DT,ONLINE,13,522,26.1,495,2023,9
2023-09-05,YYC-NW,IN_STORE,40,1702,85.13,1617,2023,9
2023-09-05,YYC-NW,ONLINE,11,333,16.66,316,2023,9
2023-09-05,YYC-SE,IN_STORE,41,1408,70.41,1337,2023,9
2023-09-05,YYC-SE,ONLINE,12,311,15.56,295,2023,9
2023-09-06,YYC-DT,IN_STORE,55,2234,111.72,2122,2023,9
2023-09-06,YYC-DT,ONLINE,15,447,22.37,425,2023,9
2023-09-06,YYC-NW,IN_STORE,55,1545,77.27,1468,2023,9
2023-09-06,YYC-NW,ONLINE,10,343,17.16,326,2023,9
2023-09-06,YYC-SE,IN_STORE,48,1437,71.86,1365,2023,9
2023-09-06,YYC-SE,ONLINE,7,297,14.87,282,2023,9
2023-09-07,YYC-DT,IN_STORE,80,2541,127.09,2414,2023,9
2023-09-07,YYC-DT,ONLINE,15,544,27.24,517,2023,9
2023-09-07,YYC-NW,IN_STORE,46,1644,82.21,1561,2023,9
2023-09-07,YYC-NW,ONLINE,15,329,16.5,313,2023,9
2023-09-07,YYC-SE,IN_STORE,42,1449,72.46,1376,2023,9
2023-09-07,YYC-SE,ONLINE,10,311,15.56,295,2023,9
2023-09-08,YYC-DT,IN_STORE,69,2367,118.36,2248,2023,9
2023-09-08,YYC-DT,ONLINE,12,488,24.42,463,2023,9
2023-09-08,YYC-NW,IN_STORE,58,1620,81.05,1539,2023,9
2023-09-08,YYC-NW,ONLINE,10,367,18.39,349,2023,9
2023-09-08,YYC-SE,IN_STORE,33,1485,74.27,1411,2023,9
2023-09-08,YYC-SE,ONLINE,12,278,13.91,264,2023,9
2023-09-09,YYC-DT,IN_STORE,60,2329,116.46,2212,2023,9
2023-09-09,YYC-DT,ONLINE,12,446,22.3,423,2023,9
2023-09-09,YYC-NW,IN_STORE,65,1675,83.78,1591,2023,9
2023-09-09,YYC-NW,ONLINE,14,334,16.74,318,2023,9
2023-09-09,YYC-SE,IN_STORE,55,1421,71.09,1350,2023,9
2023-09-09,YYC-SE,ONLINE,10,295,14.78,280,2023,9
2023-09-10,YYC-DT,IN_STORE,81,2635,131.78,2503,2023,9
2023-09-10,YYC-DT,ONLINE,23,592,29.62,562,2023,9
2023-09-10,YYC-NW,IN_STORE,58,1834,91.72,1742,2023,9
2023-09-10,YYC-NW,ONLINE,12,387,19.39,368,2023,9
2023-09-10,YYC-SE,IN_STORE,40,1725,86.26,1638,2023,9
2023-09-10,YYC-SE,ONLINE,10,347,17.38,330,2023,9
2023-09-11,YYC-DT,IN_STORE,58,2372,118.62,2253,2023,9
2023-09-11,YYC-DT,ONLINE,12,529,26.46,502,2023,9
2023-09-11,YYC-NW,IN_STORE,43,1676,83.82,1592,2023,9
2023-09-11,YYC-NW,ONLINE,9,260,13.03,247,2023,9
2023-09-11,YYC-SE,IN_STORE,36,1398,69.92,1328,2023,9
2023-09-11,YYC-SE,ONLINE,8,273,13.65,259,2023,9
2023-09-12,YYC-DT,IN_STORE,77,2378,118.9,2259,2023,9
2023-09-12,YYC-DT,ONLINE,19,518,25.92,492,2023,9
2023-09-12,YYC-NW,IN_STORE,56,1642,82.14,1560,2023,9
2023-09-12,YYC-NW,ONLINE,12,376,18.84,357,2023,9
2023-09-12,YYC-SE,IN_STORE,48,1548,77.44,1471,2023,9
2023-09-12,YYC-SE,ONLINE,12,299,14.96,284,2023,9
2023-09-13,YYC-DT,IN_STORE,64,2426,121.31,2304,2023,9
2023-09-13,YYC-DT,ONLINE,18,485,24.27,461,2023,9
2023-09-13,YYC-NW,IN_STORE,44,1676,83.85,1593,2023,9
2023-09-13,YYC-NW,ONLINE,10,346,17.32,329,2023,9
2023-09-13,YYC-SE,IN_STORE,40,1526,76.32,1449,2023,9
2023-09-13,YYC-SE,ONLINE,7,319,15.99,303,2023,9
2023-09-14,YYC-DT,IN_STORE,61,2326,116.34,2210,2023,9
2023-09-14,YYC-DT,ONLINE,12,467,23.37,444,2023,9
2023-09-14,YYC-NW,IN_STORE,41,1664,83.21,1581,2023,9
2023-09-14,YYC-NW,ONLINE,11,335,16.77,318,2023,9
2023-09-14,YYC-SE,IN_STORE,45,1479,73.99,1405,2023,9
2023-09-14,YYC-SE,ONLINE,11,304,15.23,289,2023,9
2023-09-15,YYC-DT,IN_STORE,86,2275,113.77,2161,2023,9
2023-09-15,YYC-DT,ONLINE,15,547,27.4,520,2023,9
2023-09-15,YYC-NW,IN_STORE,57,1786,89.34,1697,2023,9
2023-09-15,YYC-NW,ONLINE,10,342,17.11,325,2023,9
2023-09-15,YYC-SE,IN_STORE,38,1533,76.68,1456,2023,9
2023-09-15,YYC-SE,ONLINE,13,323,16.18,307,2023,9
2023-09-16,YYC-DT,IN_STORE,68,2451,122.59,2329,2023,9
2023-09-16,YYC-DT,ONLINE,19,538,26.94,511,2023,9
2023-09-16,YYC-NW,IN_STORE,47,1695,84.79,1610,2023,9
2023-09-16,YYC-NW,ONLINE,14,387,19.38,368,2023,9
2023-09-16,YYC-SE,IN_STORE,41,1509,75.49,1434,2023,9
2023-09-16,YYC-SE,ONLINE,8,316,15.81,300,2023,9
2023-09-17,YYC-DT,IN_STORE,64,2627,131.4,2496,2023,9
2023-09-17,YYC-DT,ONLINE,18,604,30.2,573,2023,9
2023-09-17,YYC-NW,IN_STORE,48,1885,94.29,1791,2023,9
2023-09-17,YYC-NW,ONLINE,11,435,21.77,413,2023,9
2023-09-17,YYC-SE,IN_STORE,66,1626,81.32,1545,2023,9
2023-09-17,YYC-SE,ONLINE,10,375,18.79,357,2023,9
2023-09-18,YYC-DT,IN_STORE,92,2351,117.59,2234,2023,9
2023-09-18,YYC-DT,ONLINE,14,477,23.88,453,2023,9
2023-09-18,YYC-NW,IN_STORE,55,1569,78.49,1491,2023,9
2023-09-18,YYC-NW,ONLINE,13,327,16.36,310,2023,9
2023-09-18,YYC-SE,IN_STORE,40,1362,68.11,1294,2023,9
2023-09-18,YYC-SE,ONLINE,9,296,14.8,281,2023,9
2023-09-19,YYC-DT,IN_STORE,86,2339,116.99,2222,2023,9
2023-09-19,YYC-DT,ONLINE,12,514,25.71,488,2023,9
2023-09-19,YYC-NW,IN_STORE,54,1689,84.45,1604,2023,9
2023-09-19,YYC-NW,ONLINE,9,357,17.87,339,2023,9
2023-09-19,YYC-SE,IN_STORE,35,1401,70.06,1331,2023,9
2023-09-19,YYC-SE,ONLINE,9,319,15.96,303,2023,9
2023-09-20,YYC-DT,IN_STORE,73,2319,115.96,2203,2023,9
2023-09-20,YYC-DT,ONLINE,12,519,25.96,493,2023,9
2023-09-20,YYC-NW,IN_STORE,49,1611,80.57,1530,2023,9
2023-09-20,YYC-NW,ONLINE,11,322,16.13,306,2023,9
2023-09-20,YYC-SE,IN_STORE,37,1492,74.64,1418,2023,9
2023-09-20,YYC-SE,ONLINE,9,326,16.3,309,2023,9
2023-09-21,YYC-DT,IN_STORE,86,2162,108.13,2054,2023,9
2023-09-21,YYC-DT,ONLINE,13,471,23.56,447,2023,9
2023-09-21,YYC-NW,IN_STORE,38,1584,79.22,1505,2023,9
2023-09-21,YYC-NW,ONLINE,11,360,18.03,342,2023,9
2023-09-21,YYC-SE,IN_STORE,50,1331,66.56,1264,2023,9
2023-09-21,YYC-SE,ONLINE,8,258,12.94,245,2023,9
2023-09-22,YYC-DT,IN_STORE,81,2491,124.6,2367,2023,9
2023-09-22,YYC-DT,ONLINE,17,495,24.76,470,2023,9
2023-09-22,YYC-NW,IN_STORE,59,1762,88.11,1674,2023,9
2023-09-22,YYC-NW,ONLINE,15,345,17.25,327,2023,9
2023-09-22,YYC-SE,IN_STORE,41,1522,76.14,1446,2023,9
2023-09-22,YYC-SE,ONLINE,9,338,16.91,321,2023,9
2023-09-23,YYC-DT,IN_STORE,68,2282,114.14,2168,2023,9
2023-09-23,YYC-DT,ONLINE,14,579,28.97,550,2023,9
2023-09-23,YYC-NW,IN_STORE,43,1695,84.77,1610,2023,9
2023-09-23,YYC-NW,ONLINE,13,355,17.79,338,2023,9
2023-09-23,YYC-SE,IN_STORE,38,1500,75.02,1425,2023,9
2023-09-23,YYC-SE,ONLINE,11,368,18.4,349,2023,9
2023-09-24,YYC-DT,IN_STORE,90,2733,136.7,2597,2023,9
2023-09-24,YYC-DT,ONLINE,15,549,27.47,521,2023,9
2023-09-24,YYC-NW,IN_STORE,47,1888,94.44,1794,2023,9
2023-09-24,YYC-NW,ONLINE,10,411,20.57,390,2023,9
2023-09-24,YYC-SE,IN_STORE,50,1633,81.7,1552,2023,9
2023-09-24,YYC-SE,ONLINE,13,364,18.2,345,2023,9
2023-09-25,YYC-DT,IN_STORE,71,2416,120.85,2296,2023,9
2023-09-25,YYC-DT,ONLINE,14,492,24.64,468,2023,9
2023-09-25,YYC-NW,IN_STORE,47,1607,80.39,1527,2023,9
2023-09-25,YYC-NW,ONLINE,13,373,18.66,354,2023,9
2023-09-25,YYC-SE,IN_STORE,54,1432,71.61,1360,2023,9
2023-09-25,YYC-SE,ONLINE,8,309,15.49,294,2023,9
2023-09-26,YYC-DT,IN_STORE,66,2535,126.77,2408,2023,9
2023-09-26,YYC-DT,ONLINE,17,506,25.32,481,2023,9
2023-09-26,YYC-NW,IN_STORE,44,1808,90.43,1718,2023,9
2023-09-26,YYC-NW,ONLINE,14,334,16.74,317,2023,9
2023-09-26,YYC-SE,IN_STORE,42,1687,84.36,1602,2023,9
2023-09-26,YYC-SE,ONLINE,14,347,17.39,330,2023,9
2023-09-27,YYC-DT,IN_STORE,64,2365,118.28,2247,2023,9
2023-09-27,YYC-DT,ONLINE,15,474,23.71,450,2023,9
2023-09-27,YYC-NW,IN_STORE,45,1646,82.35,1564,2023,9
2023-09-27,YYC-NW,ONLINE,14,316,15.84,300,2023,9
2023-09-27,YYC-SE,IN_STORE,50,1437,71.86,1365,2023,9
2023-09-27,YYC-SE,ONLINE,12,298,14.92,283,2023,9
2023-09-28,YYC-DT,IN_STORE,60,2317,115.86,2201,2023,9
2023-09-28,YYC-DT,ONLINE,20,509,25.46,483,2023,9
2023-09-28,YYC-NW,IN_STORE,55,1539,76.97,1462,2023,9
2023-09-28,YYC-NW,ONLINE,8,289,14.49,275,2023,9
2023-09-28,YYC-SE,IN_STORE,41,1368,68.42,1299,2023,9
2023-09-28,YYC-SE,ONLINE,7,325,16.28,309,2023,9
2023-09-29,YYC-DT,IN_STORE,67,2330,116.53,2213,2023,9
2023-09-29,YYC-DT,ONLINE,15,525,26.29,499,2023,9
2023-09-29,YYC-NW,IN_STORE,41,1733,86.67,1646,2023,9
2023-09-29,YYC-NW,ONLINE,10,395,19.75,375,2023,9
2023-09-29,YYC-SE,IN_STORE,38,1450,72.52,1377,2023,9
2023-09-29,YYC-SE,ONLINE,7,238,11.92,226,2023,9
2023-09-30,YYC-DT,IN_STORE,67,2537,126.86,2410,2023,9
2023-09-30,YYC-DT,ONLINE,17,576,28.81,547,2023,9
2023-09-30,YYC-NW,IN_STORE,48,1836,91.81,1744,2023,9
2023-09-30,YYC-NW,ONLINE,11,392,19.6,372,2023,9
2023-09-30,YYC-SE,IN_STORE,42,1548,77.43,1471,2023,9
2023-09-30,YYC-SE,ONLINE,9,337,16.87,320,2023,9
2023-10-01,YYC-DT,IN_STORE,89,2974,148.74,2825,2023,10
2023-10-01,YYC-DT,ONLINE,18,603,30.17,573,2023,10
2023-10-01,YYC-NW,IN_STORE,54,1993,99.68,1893,2023,10
2023-10-01,YYC-NW,ONLINE,14,400,20.02,380,2023,10
2023-10-01,YYC-SE,IN_STORE,41,1628,81.44,1547,2023,10
2023-10-01,YYC-SE,ONLINE,11,382,19.13,363,2023,10
2023-10-02,YYC-DT,IN_STORE,86,2188,109.44,2079,2023,10
2023-10-02,YYC-DT,ONLINE,14,531,26.57,504,2023,10
2023-10-02,YYC-NW,IN_STORE,54,1619,80.97,1538,2023,10
2023-10-02,YYC-NW,ONLINE,10,288,14.44,274,2023,10
2023-10-02,YYC-SE,IN_STORE,32,1215,60.76,1154,2023,10
2023-10-02,YYC-SE,ONLINE,11,275,13.79,262,2023,10
2023-10-03,YYC-DT,IN_STORE,64,2324,116.21,2207,2023,10
2023-10-03,YYC-DT,ONLINE,17,473,23.68,449,2023,10
2023-10-03,YYC-NW,IN_STORE,54,1649,82.49,1567,2023,10
2023-10-03,YYC-NW,ONLINE,13,361,18.06,343,2023,10
2023-10-03,YYC-SE,IN_STORE,41,1392,69.62,1322,2023,10
2023-10-03,YYC-SE,ONLINE,12,275,13.79,261,2023,10
2023-10-04,YYC-DT,IN_STORE,78,2286,114.3,2171,2023,10
2023-10-04,YYC-DT,ONLINE,17,513,25.68,487,2023,10
2023-10-04,YYC-NW,IN_STORE,64,1725,86.29,1639,2023,10
2023-10-04,YYC-NW,ONLINE,14,351,17.55,333,2023,10
2023-10-04,YYC-SE,IN_STORE,40,1439,71.95,1367,2023,10
2023-10-04,YYC-SE,ONLINE,9,298,14.9,283,2023,10
2023-10-05,YYC-DT,IN_STORE,77,2624,131.22,2493,2023,10
2023-10-05,YYC-DT,ONLINE,20,536,26.82,509,2023,10
2023-10-05,YYC-NW,IN_STORE,44,1835,91.77,1743,2023,10
2023-10-05,YYC-NW,ONLINE,10,476,23.84,452,2023,10
2023-10-05,YYC-SE,IN_STORE,40,1578,78.91,1499,2023,10
2023-10-05,YYC-SE,ONLINE,10,313,15.68,297,2023,10
2023-10-06,YYC-DT,IN_STORE,73,2535,126.79,2409,2023,10
2023-10-06,YYC-DT,ONLINE,18,626,31.32,595,2023,10
2023-10-06,YYC-NW,IN_STORE,61,1904,95.24,1809,2023,10
2023-10-06,YYC-NW,ONLINE,14,386,19.33,367,2023,10
2023-10-06,YYC-SE,IN_STORE,43,1549,77.5,1472,2023,10
2023-10-06,YYC-SE,ONLINE,11,375,18.76,356,2023,10
2023-10-07,YYC-DT,IN_STORE,78,2706,135.34,2571,2023,10
2023-10-07,YYC-DT,ONLINE,17,527,26.39,501,2023,10
2023-10-07,YYC-NW,IN_STORE,62,1927,96.4,1831,2023,10
2023-10-07,YYC-NW,ONLINE,11,393,19.7,374,2023,10
2023-10-07,YYC-SE,IN_STORE,44,1766,88.32,1678,2023,10
2023-10-07,YYC-SE,ONLINE,9,307,15.39,292,2023,10
2023-10-08,YYC-DT,IN_STORE,80,2569,128.47,2440,2023,10
2023-10-08,YYC-DT,ONLINE,19,608,30.42,578,2023,10
2023-10-08,YYC-NW,IN_STORE,52,1724,86.22,1638,2023,10
2023-10-08,YYC-NW,ONLINE,15,434,21.74,413,2023,10
2023-10-08,YYC-SE,IN_STORE,41,1613,80.65,1532,2023,10
2023-10-08,YYC-SE,ONLINE,9,364,18.23,346,2023,10
2023-10-09,YYC-DT,IN_STORE,80,2512,125.61,2386,2023,10
2023-10-09,YYC-DT,ONLINE,15,476,23.8,452,2023,10
2023-10-09,YYC-NW,IN_STORE,51,1752,87.64,1665,2023,10
2023-10-09,YYC-NW,ONLINE,11,357,17.89,340,2023,10
2023-10-09,YYC-SE,IN_STORE,43,1494,74.72,1419,2023,10
2023-10-09,YYC-SE,ONLINE,9,266,13.33,253,2023,10
2023-10-10,YYC-DT,IN_STORE,73,2582,129.11,2453,2023,10
2023-10-10,YYC-DT,ONLINE,20,557,27.89,529,2023,10
2023-10-10,YYC-NW,IN_STORE,59,1739,86.99,1652,2023,10
2023-10-10,YYC-NW,ONLINE,11,409,20.48,389,2023,10
2023-10-10,YYC-SE,IN_STORE,60,1570,78.54,1492,2023,10
2023-10-10,YYC-SE,ONLINE,9,312,15.63,296,2023,10
2023-10-11,YYC-DT,IN_STORE,94,2209,110.48,2099,2023,10
2023-10-11,YYC-DT,ONLINE,18,513,25.66,487,2023,10
2023-10-11,YYC-NW,IN_STORE,54,1728,86.42,1642,2023,10
2023-10-11,YYC-NW,ONLINE,10,412,20.61,391,2023,10
2023-10-11,YYC-SE,IN_STORE,55,1360,68.01,1292,2023,10
2023-10-11,YYC-SE,ONLINE,8,323,16.17,307,2023,10
2023-10-12,YYC-DT,IN_STORE,79,2413,120.66,2292,2023,10
2023-10-12,YYC-DT,ONLINE,15,540,27.0,513,2023,10
2023-10-12,YYC-NW,IN_STORE,42,1663,83.16,1580,2023,10
2023-10-12,YYC-NW,ONLINE,9,353,17.69,336,2023,10
2023-10-12,YYC-SE,IN_STORE,40,1564,78.21,1486,2023,10
2023-10-12,YYC-SE,ONLINE,12,305,15.28,290,2023,10
2023-10-13,YYC-DT,IN_STORE,87,2519,125.96,2393,2023,10
2023-10-13,YYC-DT,ONLINE,14,530,26.55,504,2023,10
2023-10-13,YYC-NW,IN_STORE,45,1754,87.71,1666,2023,10
2023-10-13,YYC-NW,ONLINE,10,374,18.71,355,2023,10
2023-10-13,YYC-SE,IN_STORE,40,1684,84.22,1600,2023,10
2023-10-13,YYC-SE,ONLINE,8,273,13.69,260,2023,10
2023-10-14,YYC-DT,IN_STORE,75,2537,126.88,2410,2023,10
2023-10-14,YYC-DT,ONLINE,22,524,26.22,498,2023,10
2023-10-14,YYC-NW,IN_STORE,72,1930,96.54,1834,2023,10
2023-10-14,YYC-NW,ONLINE,11,342,17.15,325,2023,10
2023-10-14,YYC-SE,IN_STORE,42,1621,81.09,1540,2023,10
2023-10-14,YYC-SE,ONLINE,13,377,18.88,358,2023,10
2023-10-15,YYC-DT,IN_STORE,101,2572,128.65,2444,2023,10
2023-10-15,YYC-DT,ONLINE,18,554,27.73,526,2023,10
2023-10-15,YYC-NW,IN_STORE,67,1796,89.84,1706,2023,10
2023-10-15,YYC-NW,ONLINE,11,420,21.03,399,2023,10
2023-10-15,YYC-SE,IN_STORE,44,1588,79.41,1508,2023,10
2023-10-15,YYC-SE,ONLINE,14,323,16.16,307,2023,10
2023-10-16,YYC-DT,IN_STORE,70,2640,132.03,2508,2023,10
2023-10-16,YYC-DT,ONLINE,16,510,25.51,484,2023,10
2023-10-16,YYC-NW,IN_STORE,45,1783,89.19,1694,2023,10
2023-10-16,YYC-NW,ONLINE,14,421,21.07,400,2023,10
2023-10-16,YYC-SE,IN_STORE,59,1611,80.59,1531,2023,10
2023-10-16,YYC-SE,ONLINE,11,370,18.53,352,2023,10
2023-10-17,YYC-DT,IN_STORE,67,2117,105.89,2011,2023,10
2023-10-17,YYC-DT,ONLINE,11,428,21.41,406,2023,10
2023-10-17,YYC-NW,IN_STORE,45,1399,69.99,1329,2023,10
2023-10-17,YYC-NW,ONLINE,10,290,14.54,276,2023,10
2023-10-17,YYC-SE,IN_STORE,45,1307,65.4,1242,2023,10
2023-10-17,YYC-SE,ONLINE,6,295,14.75,280,2023,10
2023-10-18,YYC-DT,IN_STORE,101,2564,128.23,2436,2023,10
2023-10-18,YYC-DT,ONLINE,16,483,24.18,459,2023,10
2023-10-18,YYC-NW,IN_STORE,56,1810,90.54,1720,2023,10
2023-10-18,YYC-NW,ONLINE,13,334,16.7,317,2023,10
2023-10-18,YYC-SE,IN_STORE,39,1492,74.62,1417,2023,10
2023-10-18,YYC-SE,ONLINE,8,344,17.23,327,2023,10
2023-10-19,YYC-DT,IN_STORE,82,2433,121.68,2311,2023,10
2023-10-19,YYC-DT,ONLINE,13,463,23.17,440,2023,10
2023-10-19,YYC-NW,IN_STORE,46,1661,83.1,1578,2023,10
2023-10-19,YYC-NW,ONLINE,10,372,18.62,353,2023,10
2023-10-19,YYC-SE,IN_STORE,56,1437,71.89,1365,2023,10
2023-10-19,YYC-SE,ONLINE,9,338,16.95,322,2023,10
2023-10-20,YYC-DT,IN_STORE,82,2176,108.83,2067,2023,10
2023-10-20,YYC-DT,ONLINE,16,477,23.86,453,2023,10
2023-10-20,YYC-NW,IN_STORE,41,1617,80.86,1536,2023,10
2023-10-20,YYC-NW,ONLINE,9,343,17.18,326,2023,10
2023-10-20,YYC-SE,IN_STORE,41,1305,65.3,1240,2023,10
2023-10-20,YYC-SE,ONLINE,10,298,14.94,283,2023,10
2023-10-21,YYC-DT,IN_STORE,70,2926,146.35,2780,2023,10
2023-10-21,YYC-DT,ONLINE,16,578,28.92,549,2023,10
2023-10-21,YYC-NW,IN_STORE,61,2031,101.58,1930,2023,10
2023-10-21,YYC-NW,ONLINE,15,463,23.19,440,2023,10
2023-10-21,YYC-SE,IN_STORE,40,1653,82.69,1571,2023,10
2023-10-21,YYC-SE,ONLINE,14,341,17.08,324,2023,10
2023-10-22,YYC-DT,IN_STORE,70,2831,141.56,2689,2023,10
2023-10-22,YYC-DT,ONLINE,16,645,32.27,613,2023,10
2023-10-22,YYC-NW,IN_STORE,63,2026,101.32,1925,2023,10
2023-10-22,YYC-NW,ONLINE,12,419,20.97,398,2023,10
2023-10-22,YYC-SE,IN_STORE,43,1932,96.62,1835,2023,10
2023-10-22,YYC-SE,ONLINE,9,366,18.33,348,2023,10
2023-10-23,YYC-DT,IN_STORE,93,2355,117.77,2237,2023,10
2023-10-23,YYC-DT,ONLINE,13,508,25.44,483,2023,10
2023-10-23,YYC-NW,IN_STORE,49,1714,85.72,1628,2023,10
2023-10-23,YYC-NW,ONLINE,13,356,17.8,338,2023,10
2023-10-23,YYC-SE,IN_STORE,40,1397,69.88,1327,2023,10
2023-10-23,YYC-SE,ONLINE,10,324,16.2,307,2023,10
2023-10-24,YYC-DT,IN_STORE,96,2521,126.1,2395,2023,10
2023-10-24,YYC-DT,ONLINE,20,474,23.73,450,2023,10
2023-10-24,YYC-NW,IN_STORE,68,1728,86.41,1641,2023,10
2023-10-24,YYC-NW,ONLINE,14,371,18.57,352,2023,10
2023-10-24,YYC-SE,IN_STORE,37,1629,81.48,1548,2023,10
2023-10-24,YYC-SE,ONLINE,8,305,15.27,290,2023,10
2023-10-25,YYC-DT,IN_STORE,110,2566,128.32,2437,2023,10
2023-10-25,YYC-DT,ONLINE,20,596,29.82,566,2023,10
2023-10-25,YYC-NW,IN_STORE,62,1932,96.6,1835,2023,10
2023-10-25,YYC-NW,ONLINE,11,357,17.88,339,2023,10
2023-10-25,YYC-SE,IN_STORE,48,1620,81.04,1539,2023,10
2023-10-25,YYC-SE,ONLINE,12,336,16.84,319,2023,10
2023-10-26,YYC-DT,IN_STORE,103,2625,131.27,2494,2023,10
2023-10-26,YYC-DT,ONLINE,18,546,27.3,518,2023,10
2023-10-26,YYC-NW,IN_STORE,59,1858,92.95,1766,2023,10
2023-10-26,YYC-NW,ONLINE,13,360,18.01,342,2023,10
2023-10-26,YYC-SE,IN_STORE,57,1588,79.4,1508,2023,10
2023-10-26,YYC-SE,ONLINE,11,333,16.66,316,2023,10
2023-10-27,YYC-DT,IN_STORE,73,2628,131.41,2496,2023,10
2023-10-27,YYC-DT,ONLINE,17,598,29.95,569,2023,10
2023-10-27,YYC-NW,IN_STORE,52,1854,92.71,1761,2023,10
2023-10-27,YYC-NW,ONLINE,16,398,19.93,378,2023,10
2023-10-27,YYC-SE,IN_STORE,39,1554,77.73,1476,2023,10
2023-10-27,YYC-SE,ONLINE,11,361,18.06,343,2023,10
2023-10-28,YYC-DT,IN_STORE,80,2693,134.65,2558,2023,10
2023-10-28,YYC-DT,ONLINE,17,603,30.16,573,2023,10
2023-10-28,YYC-NW,IN_STORE,61,2082,104.12,1978,2023,10
2023-10-28,YYC-NW,ONLINE,16,395,19.78,375,2023,10
2023-10-28,YYC-SE,IN_STORE,52,1718,85.95,1633,2023,10
2023-10-28,YYC-SE,ONLINE,9,309,15.46,293,2023,10
2023-10-29,YYC-DT,IN_STORE,95,2632,131.62,2500,2023,10
2023-10-29,YYC-DT,ONLINE,23,581,29.08,552,2023,10
2023-10-29,YYC-NW,IN_STORE,61,1927,96.36,1830,2023,10
2023-10-29,YYC-NW,ONLINE,13,392,19.63,372,2023,10
2023-10-29,YYC-SE,IN_STORE,41,1652,82.61,1569,2023,10
2023-10-29,YYC-SE,ONLINE,9,343,17.16,325,2023,10
2023-10-30,YYC-DT,IN_STORE,93,2241,112.05,2129,2023,10
2023-10-30,YYC-DT,ONLINE,19,479,23.97,455,2023,10
2023-10-30,YYC-NW,IN_STORE,57,1543,77.19,1466,2023,10
2023-10-30,YYC-NW,ONLINE,8,335,16.78,318,2023,10
2023-10-30,YYC-SE,IN_STORE,36,1396,69.81,1326,2023,10
2023-10-30,YYC-SE,ONLINE,11,280,14.0,266,2023,10
2023-10-31,YYC-DT,IN_STORE,94,2461,123.07,2338,2023,10
2023-10-31,YYC-DT,ONLINE,20,518,25.94,492,2023,10
2023-10-31,YYC-NW,IN_STORE,59,1684,84.23,1600,2023,10
2023-10-31,YYC-NW,ONLINE,10,340,17.04,323,2023,10
2023-10-31,YYC-SE,IN_STORE,42,1524,76.22,1448,2023,10
2023-10-31,YYC-SE,ONLINE,10,304,15.23,289,2023,10
2023-11-01,YYC-DT,IN_STORE,65,2760,138.03,2622,2023,11
2023-11-01,YYC-DT,ONLINE,22,624,31.21,593,2023,11
2023-11-01,YYC-NW,IN_STORE,64,2038,101.93,1936,2023,11
2023-11-01,YYC-NW,ONLINE,17,388,19.43,369,2023,11
2023-11-01,YYC-SE,IN_STORE,59,1525,76.29,1449,2023,11
2023-11-01,YYC-SE,ONLINE,10,280,14.0,266,2023,11
2023-11-02,YYC-DT,IN_STORE,129,3135,156.76,2978,2023,11
2023-11-02,YYC-DT,ONLINE,23,643,32.17,611,2023,11
2023-11-02,YYC-NW,IN_STORE,84,2274,113.74,2161,2023,11
2023-11-02,YYC-NW,ONLINE,17,429,21.5,408,2023,11
2023-11-02,YYC-SE,IN_STORE,55,1908,95.42,1813,2023,11
2023-11-02,YYC-SE,ONLINE,14,392,19.64,373,2023,11
2023-11-03,YYC-DT,IN_STORE,101,2761,138.06,2623,2023,11
2023-11-03,YYC-DT,ONLINE,21,560,28.04,532,2023,11
2023-11-03,YYC-NW,IN_STORE,49,2070,103.5,1966,2023,11
2023-11-03,YYC-NW,ONLINE,17,385,19.27,366,2023,11
2023-11-03,YYC-SE,IN_STORE,41,1693,84.65,1608,2023,11
2023-11-03,YYC-SE,ONLINE,8,295,14.75,280,2023,11
2023-11-04,YYC-DT,IN_STORE,81,3037,151.85,2885,2023,11
2023-11-04,YYC-DT,ONLINE,19,706,35.31,670,2023,11
2023-11-04,YYC-NW,IN_STORE,59,2124,106.21,2017,2023,11
2023-11-04,YYC-NW,ONLINE,13,399,19.95,379,2023,11
2023-11-04,YYC-SE,IN_STORE,58,1794,89.73,1704,2023,11
2023-11-04,YYC-SE,ONLINE,12,418,20.91,397,2023,11
2023-11-05,YYC-DT,IN_STORE,107,3234,161.74,3073,2023,11
2023-11-05,YYC-DT,ONLINE,24,692,34.63,657,2023,11
2023-11-05,YYC-NW,IN_STORE,68,2199,109.98,2089,2023,11
2023-11-05,YYC-NW,ONLINE,19,456,22.83,433,2023,11
2023-11-05,YYC-SE,IN_STORE,46,1877,93.89,1783,2023,11
2023-11-05,YYC-SE,ONLINE,11,421,21.07,400,2023,11
2023-11-06,YYC-DT,IN_STORE,80,2836,141.82,2694,2023,11
2023-11-06,YYC-DT,ONLINE,18,611,30.58,580,2023,11
2023-11-06,YYC-NW,IN_STORE,48,1920,96.0,1824,2023,11
2023-11-06,YYC-NW,ONLINE,18,412,20.63,391,2023,11
2023-11-06,YYC-SE,IN_STORE,41,1719,85.96,1633,2023,11
2023-11-06,YYC-SE,ONLINE,13,360,18.01,342,2023,11
2023-11-07,YYC-DT,IN_STORE,74,3037,151.88,2885,2023,11
2023-11-07,YYC-DT,ONLINE,20,668,33.44,635,2023,11
2023-11-07,YYC-NW,IN_STORE,85,2264,113.24,2151,2023,11
2023-11-07,YYC-NW,ONLINE,12,433,21.66,411,2023,11
2023-11-07,YYC-SE,IN_STORE,60,1851,92.58,1759,2023,11
2023-11-07,YYC-SE,ONLINE,10,345,17.26,327,2023,11
2023-11-08,YYC-DT,IN_STORE,70,2604,130.24,2474,2023,11
2023-11-08,YYC-DT,ONLINE,19,623,31.19,592,2023,11
2023-11-08,YYC-NW,IN_STORE,52,1834,91.71,1742,2023,11
2023-11-08,YYC-NW,ONLINE,13,404,20.24,384,2023,11
2023-11-08,YYC-SE,IN_STORE,45,1625,81.3,1544,2023,11
2023-11-08,YYC-SE,ONLINE,9,342,17.1,324,2023,11
2023-11-09,YYC-DT,IN_STORE,96,2813,140.66,2672,2023,11
2023-11-09,YYC-DT,ONLINE,15,546,27.35,519,2023,11
2023-11-09,YYC-NW,IN_STORE,60,1979,98.97,1880,2023,11
2023-11-09,YYC-NW,ONLINE,13,418,20.94,397,2023,11
2023-11-09,YYC-SE,IN_STORE,68,1723,86.16,1636,2023,11
2023-11-09,YYC-SE,ONLINE,14,345,17.28,328,2023,11
2023-11-10,YYC-DT,IN_STORE,104,2700,135.01,2565,2023,11
2023-11-10,YYC-DT,ONLINE,15,562,28.13,534,2023,11
2023-11-10,YYC-NW,IN_STORE,75,1873,93.65,1779,2023,11
2023-11-10,YYC-NW,ONLINE,12,430,21.5,408,2023,11
2023-11-10,YYC-SE,IN_STORE,49,1638,81.95,1557,2023,11
2023-11-10,YYC-SE,ONLINE,12,331,16.56,314,2023,11
2023-11-11,YYC-DT,IN_STORE,98,2888,144.44,2744,2023,11
2023-11-11,YYC-DT,ONLINE,17,611,30.56,580,2023,11
2023-11-11,YYC-NW,IN_STORE,67,1969,98.47,1870,2023,11
2023-11-11,YYC-NW,ONLINE,12,375,18.79,357,2023,11
2023-11-11,YYC-SE,IN_STORE,56,1699,84.97,1614,2023,11
2023-11-11,YYC-SE,ONLINE,9,349,17.47,331,2023,11
2023-11-12,YYC-DT,IN_STORE,100,3024,151.23,2873,2023,11
2023-11-12,YYC-DT,ONLINE,17,663,33.17,630,2023,11
2023-11-12,YYC-NW,IN_STORE,63,2127,106.36,2020,2023,11
2023-11-12,YYC-NW,ONLINE,13,443,22.16,421,2023,11
2023-11-12,YYC-SE,IN_STORE,46,1711,85.55,1625,2023,11
2023-11-12,YYC-SE,ONLINE,9,405,20.29,385,2023,11
2023-11-13,YYC-DT,IN_STORE,101,2783,139.16,2644,2023,11
2023-11-13,YYC-DT,ONLINE,15,593,29.69,564,2023,11
2023-11-13,YYC-NW,IN_STORE,76,1949,97.49,1852,2023,11
2023-11-13,YYC-NW,ONLINE,12,436,21.82,414,2023,11
2023-11-13,YYC-SE,IN_STORE,49,1669,83.47,1585,2023,11
2023-11-13,YYC-SE,ONLINE,9,403,20.17,383,2023,11
2023-11-14,YYC-DT,IN_STORE,75,2726,136.31,2589,2023,11
2023-11-14,YYC-DT,ONLINE,14,682,34.13,648,2023,11
2023-11-14,YYC-NW,IN_STORE,55,1926,96.34,1830,2023,11
2023-11-14,YYC-NW,ONLINE,15,457,22.88,434,2023,11
2023-11-14,YYC-SE,IN_STORE,46,1638,81.94,1556,2023,11
2023-11-14,YYC-SE,ONLINE,8,290,14.55,276,2023,11
2023-11-15,YYC-DT,IN_STORE,75,2590,129.52,2460,2023,11
2023-11-15,YYC-DT,ONLINE,22,562,28.12,534,2023,11
2023-11-15,YYC-NW,IN_STORE,57,1862,93.1,1768,2023,11
2023-11-15,YYC-NW,ONLINE,13,388,19.43,369,2023,11
2023-11-15,YYC-SE,IN_STORE,40,1723,86.16,1637,2023,11
2023-11-15,YYC-SE,ONLINE,14,335,16.77,318,2023,11
2023-11-16,YYC-DT,IN_STORE,64,2593,129.65,2463,2023,11
2023-11-16,YYC-DT,ONLINE,18,549,27.46,521,2023,11
2023-11-16,YYC-NW,IN_STORE,68,1866,93.32,1773,2023,11
2023-11-16,YYC-NW,ONLINE,11,386,19.32,367,2023,11
2023-11-16,YYC-SE,IN_STORE,51,1466,73.34,1393,2023,11
2023-11-16,YYC-SE,ONLINE,9,327,16.37,310,2023,11
2023-11-17,YYC-DT,IN_STORE,71,2819,140.97,2678,2023,11
2023-11-17,YYC-DT,ONLINE,16,603,30.18,573,2023,11
2023-11-17,YYC-NW,IN_STORE,59,1988,99.42,1888,2023,11
2023-11-17,YYC-NW,ONLINE,10,428,21.44,407,2023,11
2023-11-17,YYC-SE,IN_STORE,57,1624,81.21,1542,2023,11
2023-11-17,YYC-SE,ONLINE,11,326,16.34,310,2023,11
2023-11-18,YYC-DT,IN_STORE,99,2861,143.07,2718,2023,11
2023-11-18,YYC-DT,ONLINE,17,619,31.0,588,2023,11
2023-11-18,YYC-NW,IN_STORE,66,1928,96.44,1832,2023,11
2023-11-18,YYC-NW,ONLINE,11,448,22.43,426,2023,11
2023-11-18,YYC-SE,IN_STORE,67,1711,85.56,1625,2023,11
2023-11-18,YYC-SE,ONLINE,14,363,18.19,345,2023,11
2023-11-19,YYC-DT,IN_STORE,91,3188,159.41,3028,2023,11
2023-11-19,YYC-DT,ONLINE,21,702,35.13,667,2023,11
2023-11-19,YYC-NW,IN_STORE,70,2192,109.63,2082,2023,11
2023-11-19,YYC-NW,ONLINE,13,491,24.59,467,2023,11
2023-11-19,YYC-SE,IN_STORE,46,1879,93.98,1785,2023,11
2023-11-19,YYC-SE,ONLINE,13,411,20.59,391,2023,11
2023-11-20,YYC-DT,IN_STORE,99,2838,141.92,2696,2023,11
2023-11-20,YYC-DT,ONLINE,18,588,29.42,559,2023,11
2023-11-20,YYC-NW,IN_STORE,82,2051,102.58,1949,2023,11
2023-11-20,YYC-NW,ONLINE,16,453,22.66,430,2023,11
2023-11-20,YYC-SE,IN_STORE,53,1594,79.74,1515,2023,11
2023-11-20,YYC-SE,ONLINE,14,367,18.37,349,2023,11
2023-11-21,YYC-DT,IN_STORE,78,2526,126.34,2400,2023,11
2023-11-21,YYC-DT,ONLINE,16,491,24.6,467,2023,11
2023-11-21,YYC-NW,IN_STORE,47,1876,93.85,1783,2023,11
2023-11-21,YYC-NW,ONLINE,14,416,20.83,395,2023,11
2023-11-21,YYC-SE,IN_STORE,39,1648,82.43,1566,2023,11
2023-11-21,YYC-SE,ONLINE,9,371,18.59,353,2023,11
2023-11-22,YYC-DT,IN_STORE,71,2752,137.64,2615,2023,11
2023-11-22,YYC-DT,ONLINE,14,562,28.14,534,2023,11
2023-11-22,YYC-NW,IN_STORE,49,1972,98.62,1873,2023,11
2023-11-22,YYC-NW,ONLINE,13,394,19.71,374,2023,11
2023-11-22,YYC-SE,IN_STORE,44,1783,89.15,1693,2023,11
2023-11-22,YYC-SE,ONLINE,11,363,18.16,344,2023,11
2023-11-23,YYC-DT,IN_STORE,67,2751,137.57,2613,2023,11
2023-11-23,YYC-DT,ONLINE,14,537,26.89,510,2023,11
2023-11-23,YYC-NW,IN_STORE,56,1779,89.0,1690,2023,11
2023-11-23,YYC-NW,ONLINE,10,362,18.11,344,2023,11
2023-11-23,YYC-SE,IN_STORE,64,1650,82.52,1567,2023,11
2023-11-23,YYC-SE,ONLINE,12,357,17.88,339,2023,11
2023-11-24,YYC-DT,IN_STORE,108,2901,145.09,2756,2023,11
2023-11-24,YYC-DT,ONLINE,21,648,32.44,616,2023,11
2023-11-24,YYC-NW,IN_STORE,65,1962,98.13,1864,2023,11
2023-11-24,YYC-NW,ONLINE,11,405,20.28,385,2023,11
2023-11-24,YYC-SE,IN_STORE,53,1672,83.64,1589,2023,11
2023-11-24,YYC-SE,ONLINE,10,376,18.8,357,2023,11
2023-11-25,YYC-DT,IN_STORE,106,3263,163.16,3100,2023,11
2023-11-25,YYC-DT,ONLINE,24,758,37.91,720,2023,11
2023-11-25,YYC-NW,IN_STORE,74,2263,113.17,2150,2023,11
2023-11-25,YYC-NW,ONLINE,19,490,24.51,465,2023,11
2023-11-25,YYC-SE,IN_STORE,65,1935,96.77,1838,2023,11
2023-11-25,YYC-SE,ONLINE,14,452,22.62,429,2023,11
2023-11-26,YYC-DT,IN_STORE,86,2661,133.1,2528,2023,11
2023-11-26,YYC-DT,ONLINE,23,579,28.97,550,2023,11
2023-11-26,YYC-NW,IN_STORE,52,1933,96.65,1836,2023,11
2023-11-26,YYC-NW,ONLINE,13,386,19.34,367,2023,11
2023-11-26,YYC-SE,IN_STORE,46,1730,86.5,1643,2023,11
2023-11-26,YYC-SE,ONLINE,9,385,19.27,366,2023,11
2023-11-27,YYC-DT,IN_STORE,99,2802,140.15,2662,2023,11
2023-11-27,YYC-DT,ONLINE,24,617,30.87,586,2023,11
2023-11-27,YYC-NW,IN_STORE,79,2010,100.55,1910,2023,11
2023-11-27,YYC-NW,ONLINE,13,426,21.32,405,2023,11
2023-11-27,YYC-SE,IN_STORE,44,1689,84.48,1605,2023,11
2023-11-27,YYC-SE,ONLINE,11,410,20.5,389,2023,11
2023-11-28,YYC-DT,IN_STORE,68,2634,131.71,2502,2023,11
2023-11-28,YYC-DT,ONLINE,23,601,30.06,571,2023,11
2023-11-28,YYC-NW,IN_STORE,77,2083,104.15,1978,2023,11
2023-11-28,YYC-NW,ONLINE,13,447,22.4,425,2023,11
2023-11-28,YYC-SE,IN_STORE,46,1586,79.31,1506,2023,11
2023-11-28,YYC-SE,ONLINE,10,346,17.31,328,2023,11
2023-11-29,YYC-DT,IN_STORE,85,2920,146.0,2774,2023,11
2023-11-29,YYC-DT,ONLINE,15,515,25.78,489,2023,11
2023-11-29,YYC-NW,IN_STORE,74,2034,101.72,1932,2023,11
2023-11-29,YYC-NW,ONLINE,10,382,19.14,363,2023,11
2023-11-29,YYC-SE,IN_STORE,45,1737,86.87,1650,2023,11
2023-11-29,YYC-SE,ONLINE,16,365,18.3,347,2023,11
2023-11-30,YYC-DT,IN_STORE,67,2850,142.5,2707,2023,11
2023-11-30,YYC-DT,ONLINE,23,633,31.69,602,2023,11
2023-11-30,YYC-NW,IN_STORE,63,1974,98.74,1876,2023,11
2023-11-30,YYC-NW,ONLINE,14,475,23.79,452,2023,11
2023-11-30,YYC-SE,IN_STORE,45,1712,85.61,1626,2023,11
2023-11-30,YYC-SE,ONLINE,11,328,16.42,311,2023,11
2023-12-01,YYC-DT,IN_STORE,81,3265,163.26,3101,2023,12
2023-12-01,YYC-DT,ONLINE,27,655,32.79,623,2023,12
2023-12-01,YYC-NW,IN_STORE,60,2121,106.09,2015,2023,12
2023-12-01,YYC-NW,ONLINE,14,514,25.71,488,2023,12
2023-12-01,YYC-SE,IN_STORE,58,1926,96.31,1829,2023,12
2023-12-01,YYC-SE,ONLINE,16,398,19.94,378,2023,12
2023-12-02,YYC-DT,IN_STORE,89,3687,184.36,3502,2023,12
2023-12-02,YYC-DT,ONLINE,20,763,38.15,724,2023,12
2023-12-02,YYC-NW,IN_STORE,102,2539,126.97,2412,2023,12
2023-12-02,YYC-NW,ONLINE,22,570,28.52,541,2023,12
2023-12-02,YYC-SE,IN_STORE,58,2119,106.0,2013,2023,12
2023-12-02,YYC-SE,ONLINE,13,453,22.69,431,2023,12
2023-12-03,YYC-DT,IN_STORE,103,3383,169.16,3214,2023,12
2023-12-03,YYC-DT,ONLINE,20,651,32.55,618,2023,12
2023-12-03,YYC-NW,IN_STORE,95,2478,123.92,2354,2023,12
2023-12-03,YYC-NW,ONLINE,17,564,28.24,536,2023,12
2023-12-03,YYC-SE,IN_STORE,56,2054,102.71,1951,2023,12
2023-12-03,YYC-SE,ONLINE,16,439,22.0,417,2023,12
2023-12-04,YYC-DT,IN_STORE,95,3502,175.11,3327,2023,12
2023-12-04,YYC-DT,ONLINE,28,700,35.01,665,2023,12
2023-12-04,YYC-NW,IN_STORE,93,2522,126.12,2396,2023,12
2023-12-04,YYC-NW,ONLINE,15,603,30.15,572,2023,12
2023-12-04,YYC-SE,IN_STORE,53,2150,107.54,2043,2023,12
2023-12-04,YYC-SE,ONLINE,14,435,21.76,413,2023,12
2023-12-05,YYC-DT,IN_STORE,89,3385,169.3,3216,2023,12
2023-12-05,YYC-DT,ONLINE,23,772,38.6,733,2023,12
2023-12-05,YYC-NW,IN_STORE,76,2359,117.99,2241,2023,12
2023-12-05,YYC-NW,ONLINE,15,504,25.22,479,2023,12
2023-12-05,YYC-SE,IN_STORE,51,2056,102.83,1953,2023,12
2023-12-05,YYC-SE,ONLINE,15,443,22.19,421,2023,12
2023-12-06,YYC-DT,IN_STORE,117,3512,175.63,3337,2023,12
2023-12-06,YYC-DT,ONLINE,31,775,38.79,736,2023,12
2023-12-06,YYC-NW,IN_STORE,104,2530,126.54,2404,2023,12
2023-12-06,YYC-NW,ONLINE,17,547,27.37,520,2023,12
2023-12-06,YYC-SE,IN_STORE,81,2049,102.46,1946,2023,12
2023-12-06,YYC-SE,ONLINE,14,456,22.8,433,2023,12
2023-12-07,YYC-DT,IN_STORE,83,3276,163.84,3112,2023,12
2023-12-07,YYC-DT,ONLINE,27,679,33.97,645,2023,12
2023-12-07,YYC-NW,IN_STORE,85,2398,119.94,2278,2023,12
2023-12-07,YYC-NW,ONLINE,15,535,26.76,508,2023,12
2023-12-07,YYC-SE,IN_STORE,62,2012,100.62,1911,2023,12
2023-12-07,YYC-SE,ONLINE,12,396,19.84,376,2023,12
2023-12-08,YYC-DT,IN_STORE,82,3129,156.45,2972,2023,12
2023-12-08,YYC-DT,ONLINE,26,673,33.67,639,2023,12
2023-12-08,YYC-NW,IN_STORE,65,2194,109.73,2084,2023,12
2023-12-08,YYC-NW,ONLINE,13,516,25.82,490,2023,12
2023-12-08,YYC-SE,IN_STORE,59,1768,88.43,1680,2023,12
2023-12-08,YYC-SE,ONLINE,14,394,19.7,374,2023,12
2023-12-09,YYC-DT,IN_STORE,88,3121,156.07,2965,2023,12
2023-12-09,YYC-DT,ONLINE,20,739,36.99,702,2023,12
2023-12-09,YYC-NW,IN_STORE,87,2286,114.33,2172,2023,12
2023-12-09,YYC-NW,ONLINE,15,488,24.44,464,2023,12
2023-12-09,YYC-SE,IN_STORE,59,2048,102.41,1945,2023,12
2023-12-09,YYC-SE,ONLINE,15,417,20.86,396,2023,12
2023-12-10,YYC-DT,IN_STORE,97,3308,165.45,3143,2023,12
2023-12-10,YYC-DT,ONLINE,19,685,34.3,651,2023,12
2023-12-10,YYC-NW,IN_STORE,60,2187,109.39,2078,2023,12
2023-12-10,YYC-NW,ONLINE,12,437,21.87,415,2023,12
2023-12-10,YYC-SE,IN_STORE,70,2010,100.53,1909,2023,12
2023-12-10,YYC-SE,ONLINE,11,381,19.08,362,2023,12
2023-12-11,YYC-DT,IN_STORE,107,3094,154.7,2939,2023,12
2023-12-11,YYC-DT,ONLINE,26,608,30.41,577,2023,12
2023-12-11,YYC-NW,IN_STORE,57,2131,106.56,2024,2023,12
2023-12-11,YYC-NW,ONLINE,17,385,19.26,365,2023,12
2023-12-11,YYC-SE,IN_STORE,48,1754,87.73,1666,2023,12
2023-12-11,YYC-SE,ONLINE,12,362,18.13,344,2023,12
2023-12-12,YYC-DT,IN_STORE,137,3324,166.22,3158,2023,12
2023-12-12,YYC-DT,ONLINE,28,703,35.16,668,2023,12
2023-12-12,YYC-NW,IN_STORE,56,2355,117.76,2237,2023,12
2023-12-12,YYC-NW,ONLINE,13,551,27.56,523,2023,12
2023-12-12,YYC-SE,IN_STORE,80,1987,99.35,1887,2023,12
2023-12-12,YYC-SE,ONLINE,11,484,24.25,460,2023,12
2023-12-13,YYC-DT,IN_STORE,89,3318,165.94,3152,2023,12
2023-12-13,YYC-DT,ONLINE,20,790,39.55,751,2023,12
2023-12-13,YYC-NW,IN_STORE,60,2362,118.12,2244,2023,12
2023-12-13,YYC-NW,ONLINE,14,592,29.64,563,2023,12
2023-12-13,YYC-SE,IN_STORE,75,2058,102.92,1955,2023,12
2023-12-13,YYC-SE,ONLINE,15,416,20.84,396,2023,12
2023-12-14,YYC-DT,IN_STORE,73,3087,154.4,2933,2023,12
2023-12-14,YYC-DT,ONLINE,21,662,33.14,629,2023,12
2023-12-14,YYC-NW,IN_STORE,54,2196,109.84,2086,2023,12
2023-12-14,YYC-NW,ONLINE,11,441,22.09,419,2023,12
2023-12-14,YYC-SE,IN_STORE,60,1812,90.63,1721,2023,12
2023-12-14,YYC-SE,ONLINE,13,399,19.98,379,2023,12
2023-12-15,YYC-DT,IN_STORE,111,3352,167.63,3184,2023,12
2023-12-15,YYC-DT,ONLINE,22,752,37.63,714,2023,12
2023-12-15,YYC-NW,IN_STORE,84,2411,120.56,2290,2023,12
2023-12-15,YYC-NW,ONLINE,15,507,25.36,481,2023,12
2023-12-15,YYC-SE,IN_STORE,58,2011,100.55,1910,2023,12
2023-12-15,YYC-SE,ONLINE,14,415,20.75,394,2023,12
2023-12-16,YYC-DT,IN_STORE,113,3490,174.52,3315,2023,12
2023-12-16,YYC-DT,ONLINE,31,759,37.97,721,2023,12
2023-12-16,YYC-NW,IN_STORE,71,2584,129.21,2454,2023,12
2023-12-16,YYC-NW,ONLINE,15,501,25.08,476,2023,12
2023-12-16,YYC-SE,IN_STORE,52,2129,106.5,2023,2023,12
2023-12-16,YYC-SE,ONLINE,12,423,21.18,402,2023,12
2023-12-17,YYC-DT,IN_STORE,112,3641,182.08,3459,2023,12
2023-12-17,YYC-DT,ONLINE,24,789,39.5,750,2023,12
2023-12-17,YYC-NW,IN_STORE,72,2512,125.64,2387,2023,12
2023-12-17,YYC-NW,ONLINE,16,579,28.96,550,2023,12
2023-12-17,YYC-SE,IN_STORE,84,2229,111.48,2118,2023,12
2023-12-17,YYC-SE,ONLINE,12,432,21.6,410,2023,12
2023-12-18,YYC-DT,IN_STORE,89,3473,173.67,3299,2023,12
2023-12-18,YYC-DT,ONLINE,21,790,39.52,750,2023,12
2023-12-18,YYC-NW,IN_STORE,95,2421,121.07,2300,2023,12
2023-12-18,YYC-NW,ONLINE,19,492,24.61,467,2023,12
2023-12-18,YYC-SE,IN_STORE,56,2258,112.92,2145,2023,12
2023-12-18,YYC-SE,ONLINE,16,442,22.13,420,2023,12
2023-12-19,YYC-DT,IN_STORE,93,3439,171.98,3267,2023,12
2023-12-19,YYC-DT,ONLINE,24,688,34.4,653,2023,12
2023-12-19,YYC-NW,IN_STORE,97,2428,121.42,2306,2023,12
2023-12-19,YYC-NW,ONLINE,19,512,25.62,486,2023,12
2023-12-19,YYC-SE,IN_STORE,70,2171,108.58,2063,2023,12
2023-12-19,YYC-SE,ONLINE,15,433,21.66,411,2023,12
2023-12-20,YYC-DT,IN_STORE,78,2996,149.83,2846,2023,12
2023-12-20,YYC-DT,ONLINE,20,707,35.38,672,2023,12
2023-12-20,YYC-NW,IN_STORE,60,2293,114.69,2179,2023,12
2023-12-20,YYC-NW,ONLINE,15,473,23.68,450,2023,12
2023-12-20,YYC-SE,IN_STORE,48,1726,86.35,1640,2023,12
2023-12-20,YYC-SE,ONLINE,13,364,18.24,346,2023,12
2023-12-21,YYC-DT,IN_STORE,127,3105,155.3,2950,2023,12
2023-12-21,YYC-DT,ONLINE,26,689,34.49,655,2023,12
2023-12-21,YYC-NW,IN_STORE,89,2278,113.92,2164,2023,12
2023-12-21,YYC-NW,ONLINE,12,430,21.52,408,2023,12
2023-12-21,YYC-SE,IN_STORE,55,1823,91.19,1732,2023,12
2023-12-21,YYC-SE,ONLINE,14,401,20.1,381,2023,12
2023-12-22,YYC-DT,IN_STORE,79,2788,139.4,2648,2023,12
2023-12-22,YYC-DT,ONLINE,21,664,33.21,631,2023,12
2023-12-22,YYC-NW,IN_STORE,86,2154,107.7,2046,2023,12
2023-12-22,YYC-NW,ONLINE,12,480,24.01,456,2023,12
2023-12-22,YYC-SE,IN_STORE,50,1766,88.32,1678,2023,12
2023-12-22,YYC-SE,ONLINE,9,382,19.12,363,2023,12
2023-12-23,YYC-DT,IN_STORE,90,3509,175.49,3334,2023,12
2023-12-23,YYC-DT,ONLINE,22,817,40.85,776,2023,12
2023-12-23,YYC-NW,IN_STORE,61,2400,120.02,2280,2023,12
2023-12-23,YYC-NW,ONLINE,14,596,29.8,566,2023,12
2023-12-23,YYC-SE,IN_STORE,74,2039,101.98,1937,2023,12
2023-12-23,YYC-SE,ONLINE,11,433,21.67,411,2023,12
2023-12-24,YYC-DT,IN_STORE,91,3495,174.76,3320,2023,12
2023-12-24,YYC-DT,ONLINE,22,803,40.17,763,2023,12
2023-12-24,YYC-NW,IN_STORE,94,2566,128.34,2438,2023,12
2023-12-24,YYC-NW,ONLINE,16,539,26.97,512,2023,12
2023-12-24,YYC-SE,IN_STORE,71,2135,106.79,2028,2023,12
2023-12-24,YYC-SE,ONLINE,16,484,24.23,460,2023,12
2023-12-25,YYC-DT,IN_STORE,76,3089,154.45,2934,2023,12
2023-12-25,YYC-DT,ONLINE,18,615,30.78,584,2023,12
2023-12-25,YYC-NW,IN_STORE,61,2241,112.06,2129,2023,12
2023-12-25,YYC-NW,ONLINE,13,468,23.44,445,2023,12
2023-12-25,YYC-SE,IN_STORE,74,1832,91.62,1740,2023,12
2023-12-25,YYC-SE,ONLINE,12,378,18.91,359,2023,12
2023-12-26,YYC-DT,IN_STORE,124,3183,159.19,3024,2023,12
2023-12-26,YYC-DT,ONLINE,24,724,36.24,688,2023,12
2023-12-26,YYC-NW,IN_STORE,74,2435,121.77,2313,2023,12
2023-12-26,YYC-NW,ONLINE,15,545,27.27,518,2023,12
2023-12-26,YYC-SE,IN_STORE,60,1984,99.2,1884,2023,12
2023-12-26,YYC-SE,ONLINE,12,479,23.98,455,2023,12
2023-12-27,YYC-DT,IN_STORE,111,3275,163.75,3111,2023,12
2023-12-27,YYC-DT,ONLINE,19,736,36.81,699,2023,12
2023-12-27,YYC-NW,IN_STORE,75,2431,121.6,2310,2023,12
2023-12-27,YYC-NW,ONLINE,16,514,25.72,488,2023,12
2023-12-27,YYC-SE,IN_STORE,63,1961,98.07,1863,2023,12
2023-12-27,YYC-SE,ONLINE,14,422,21.11,401,2023,12
2023-12-28,YYC-DT,IN_STORE,91,3241,162.08,3079,2023,12
2023-12-28,YYC-DT,ONLINE,20,778,38.94,739,2023,12
2023-12-28,YYC-NW,IN_STORE,72,2325,116.29,2209,2023,12
2023-12-28,YYC-NW,ONLINE,12,523,26.2,497,2023,12
2023-12-28,YYC-SE,IN_STORE,49,1915,95.78,1819,2023,12
2023-12-28,YYC-SE,ONLINE,10,343,17.2,326,2023,12
2023-12-29,YYC-DT,IN_STORE,89,3299,164.98,3134,2023,12
2023-12-29,YYC-DT,ONLINE,28,663,33.15,629,2023,12
2023-12-29,YYC-NW,IN_STORE,54,2203,110.2,2093,2023,12
2023-12-29,YYC-NW,ONLINE,12,493,24.68,468,2023,12
2023-12-29,YYC-SE,IN_STORE,63,1919,95.97,1823,2023,12
2023-12-29,YYC-SE,ONLINE,12,413,20.68,392,2023,12
2023-12-30,YYC-DT,IN_STORE,93,3506,175.31,3330,2023,12
2023-12-30,YYC-DT,ONLINE,25,694,34.72,659,2023,12
2023-12-30,YYC-NW,IN_STORE,74,2530,126.54,2404,2023,12
2023-12-30,YYC-NW,ONLINE,22,539,26.99,512,2023,12
2023-12-30,YYC-SE,IN_STORE,71,2207,110.39,2097,2023,12
2023-12-30,YYC-SE,ONLINE,12,536,26.83,509,2023,12
2023-12-31,YYC-DT,IN_STORE,104,3664,183.22,3481,2023,12
2023-12-31,YYC-DT,ONLINE,21,745,37.29,708,2023,12
2023-12-31,YYC-NW,IN_STORE,107,2614,130.74,2484,2023,12
2023-12-31,YYC-NW,ONLINE,23,613,30.66,582,2023,12
2023-12-31,YYC-SE,IN_STORE,78,2206,110.33,2096,2023,12
2023-12-31,YYC-SE,ONLINE,18,427,21.38,406,2023,12
2024-01-01,YYC-DT,IN_STORE,47,1841,92.07,1749,2024,1
2024-01-01,YYC-DT,ONLINE,11,376,18.81,357,2024,1
2024-01-01,YYC-NW,IN_STORE,39,1228,61.42,1166,2024,1
2024-01-01,YYC-NW,ONLINE,9,222,11.1,210,2024,1
2024-01-01,YYC-SE,IN_STORE,29,1212,60.61,1151,2024,1
2024-01-01,YYC-SE,ONLINE,5,202,10.12,192,2024,1
2024-01-02,YYC-DT,IN_STORE,63,2160,108.04,2052,2024,1
2024-01-02,YYC-DT,ONLINE,10,385,19.29,366,2024,1
2024-01-02,YYC-NW,IN_STORE,59,1525,76.29,1449,2024,1
2024-01-02,YYC-NW,ONLINE,11,285,14.3,271,2024,1
2024-01-02,YYC-SE,IN_STORE,36,1203,60.15,1142,2024,1
2024-01-02,YYC-SE,ONLINE,8,255,12.78,242,2024,1
2024-01-03,YYC-DT,IN_STORE,72,1890,94.52,1795,2024,1
2024-01-03,YYC-DT,ONLINE,9,376,18.85,358,2024,1
2024-01-03,YYC-NW,IN_STORE,41,1386,69.32,1317,2024,1
2024-01-03,YYC-NW,ONLINE,8,268,13.4,254,2024,1
2024-01-03,YYC-SE,IN_STORE,32,1207,60.4,1147,2024,1
2024-01-03,YYC-SE,ONLINE,6,215,10.79,205,2024,1
2024-01-04,YYC-DT,IN_STORE,47,1890,94.51,1795,2024,1
2024-01-04,YYC-DT,ONLINE,12,386,19.34,367,2024,1
2024-01-04,YYC-NW,IN_STORE,38,1500,75.05,1425,2024,1
2024-01-04,YYC-NW,ONLINE,7,261,13.1,248,2024,1
2024-01-04,YYC-SE,IN_STORE,35,1224,61.23,1163,2024,1
2024-01-04,YYC-SE,ONLINE,6,163,8.2,155,2024,1
2024-01-05,YYC-DT,IN_STORE,78,2085,104.27,1981,2024,1
2024-01-05,YYC-DT,ONLINE,14,424,21.22,403,2024,1
2024-01-05,YYC-NW,IN_STORE,47,1482,74.14,1408,2024,1
2024-01-05,YYC-NW,ONLINE,8,275,13.77,261,2024,1
2024-01-05,YYC-SE,IN_STORE,49,1240,62.0,1178,2024,1
2024-01-05,YYC-SE,ONLINE,6,281,14.07,267,2024,1
2024-01-06,YYC-DT,IN_STORE,69,2015,100.8,1915,2024,1
2024-01-06,YYC-DT,ONLINE,15,398,19.9,378,2024,1
2024-01-06,YYC-NW,IN_STORE,48,1645,82.26,1562,2024,1
2024-01-06,YYC-NW,ONLINE,8,307,15.38,292,2024,1
2024-01-06,YYC-SE,IN_STORE,40,1373,68.68,1304,2024,1
2024-01-06,YYC-SE,ONLINE,7,259,12.98,246,2024,1
2024-01-07,YYC-DT,IN_STORE,82,2255,112.76,2142,2024,1
2024-01-07,YYC-DT,ONLINE,14,429,21.47,407,2024,1
2024-01-07,YYC-NW,IN_STORE,51,1595,79.8,1516,2024,1
2024-01-07,YYC-NW,ONLINE,11,287,14.4,273,2024,1
2024-01-07,YYC-SE,IN_STORE,35,1361,68.06,1293,2024,1
2024-01-07,YYC-SE,ONLINE,9,308,15.4,292,2024,1
2024-01-08,YYC-DT,IN_STORE,61,1991,99.57,1891,2024,1
2024-01-08,YYC-DT,ONLINE,13,357,17.86,339,2024,1
2024-01-08,YYC-NW,IN_STORE,36,1374,68.74,1306,2024,1
2024-01-08,YYC-NW,ONLINE,7,268,13.41,254,2024,1
2024-01-08,YYC-SE,IN_STORE,32,1139,56.95,1082,2024,1
2024-01-08,YYC-SE,ONLINE,9,222,11.11,211,2024,1
2024-01-09,YYC-DT,IN_STORE,70,1904,95.22,1809,2024,1
2024-01-09,YYC-DT,ONLINE,11,331,16.55,314,2024,1
2024-01-09,YYC-NW,IN_STORE,40,1407,70.4,1337,2024,1
2024-01-09,YYC-NW,ONLINE,7,283,14.17,269,2024,1
2024-01-09,YYC-SE,IN_STORE,33,1145,57.28,1088,2024,1
2024-01-09,YYC-SE,ONLINE,7,183,9.15,173,2024,1
2024-01-10,YYC-DT,IN_STORE,68,2015,100.77,1914,2024,1
2024-01-10,YYC-DT,ONLINE,12,288,14.42,273,2024,1
2024-01-10,YYC-NW,IN_STORE,51,1412,70.64,1342,2024,1
2024-01-10,YYC-NW,ONLINE,7,281,14.05,267,2024,1
2024-01-10,YYC-SE,IN_STORE,37,1212,60.64,1152,2024,1
2024-01-10,YYC-SE,ONLINE,8,249,12.48,237,2024,1
2024-01-11,YYC-DT,IN_STORE,68,1812,90.6,1721,2024,1
2024-01-11,YYC-DT,ONLINE,10,321,16.08,305,2024,1
2024-01-11,YYC-NW,IN_STORE,53,1371,68.56,1302,2024,1
2024-01-11,YYC-NW,ONLINE,8,225,11.26,214,2024,1
2024-01-11,YYC-SE,IN_STORE,35,1132,56.62,1075,2024,1
2024-01-11,YYC-SE,ONLINE,5,195,9.78,185,2024,1
2024-01-12,YYC-DT,IN_STORE,81,1991,99.59,1892,2024,1
2024-01-12,YYC-DT,ONLINE,13,328,16.44,312,2024,1
2024-01-12,YYC-NW,IN_STORE,39,1412,70.62,1341,2024,1
2024-01-12,YYC-NW,ONLINE,7,277,13.89,263,2024,1
2024-01-12,YYC-SE,IN_STORE,30,1182,59.14,1123,2024,1
2024-01-12,YYC-SE,ONLINE,7,200,10.04,190,2024,1
2024-01-13,YYC-DT,IN_STORE,82,2152,107.6,2044,2024,1
2024-01-13,YYC-DT,ONLINE,15,423,21.19,402,2024,1
2024-01-13,YYC-NW,IN_STORE,42,1593,79.7,1514,2024,1
2024-01-13,YYC-NW,ONLINE,8,249,12.45,236,2024,1
2024-01-13,YYC-SE,IN_STORE,36,1404,70.23,1334,2024,1
2024-01-13,YYC-SE,ONLINE,10,254,12.73,241,2024,1
2024-01-14,YYC-DT,IN_STORE,69,2126,106.31,2019,2024,1
2024-01-14,YYC-DT,ONLINE,11,391,19.55,371,2024,1
2024-01-14,YYC-NW,IN_STORE,51,1505,75.27,1430,2024,1
2024-01-14,YYC-NW,ONLINE,7,281,14.1,267,2024,1
2024-01-14,YYC-SE,IN_STORE,37,1294,64.74,1229,2024,1
2024-01-14,YYC-SE,ONLINE,5,217,10.86,206,2024,1
2024-01-15,YYC-DT,IN_STORE,54,1937,96.87,1840,2024,1
2024-01-15,YYC-DT,ONLINE,11,342,17.1,324,2024,1
2024-01-15,YYC-NW,IN_STORE,38,1254,62.74,1191,2024,1
2024-01-15,YYC-NW,ONLINE,6,253,12.7,241,2024,1
2024-01-15,YYC-SE,IN_STORE,45,1216,60.8,1155,2024,1
2024-01-15,YYC-SE,ONLINE,7,180,9.03,171,2024,1
2024-01-16,YYC-DT,IN_STORE,61,1784,89.2,1694,2024,1
2024-01-16,YYC-DT,ONLINE,8,372,18.63,353,2024,1
2024-01-16,YYC-NW,IN_STORE,41,1312,65.62,1246,2024,1
2024-01-16,YYC-NW,ONLINE,7,232,11.6,220,2024,1
2024-01-16,YYC-SE,IN_STORE,36,1121,56.1,1065,2024,1
2024-01-16,YYC-SE,ONLINE,5,193,9.66,183,2024,1
2024-01-17,YYC-DT,IN_STORE,56,1825,91.26,1733,2024,1
2024-01-17,YYC-DT,ONLINE,13,369,18.5,351,2024,1
2024-01-17,YYC-NW,IN_STORE,36,1481,74.05,1407,2024,1
2024-01-17,YYC-NW,ONLINE,6,217,10.87,206,2024,1
2024-01-17,YYC-SE,IN_STORE,31,1155,57.77,1097,2024,1
2024-01-17,YYC-SE,ONLINE,5,191,9.55,181,2024,1
2024-01-18,YYC-DT,IN_STORE,50,2124,106.21,2018,2024,1
2024-01-18,YYC-DT,ONLINE,10,371,18.57,352,2024,1
2024-01-18,YYC-NW,IN_STORE,50,1357,67.88,1289,2024,1
2024-01-18,YYC-NW,ONLINE,8,260,13.04,247,2024,1
2024-01-18,YYC-SE,IN_STORE,34,1112,55.62,1056,2024,1
2024-01-18,YYC-SE,ONLINE,7,172,8.61,163,2024,1
2024-01-19,YYC-DT,IN_STORE,55,1972,98.63,1874,2024,1
2024-01-19,YYC-DT,ONLINE,9,370,18.51,351,2024,1
2024-01-19,YYC-NW,IN_STORE,49,1426,71.33,1355,2024,1
2024-01-19,YYC-NW,ONLINE,7,298,14.91,283,2024,1
2024-01-19,YYC-SE,IN_STORE,33,1260,63.01,1197,2024,1
2024-01-19,YYC-SE,ONLINE,7,244,12.24,232,2024,1
2024-01-20,YYC-DT,IN_STORE,71,2034,101.74,1933,2024,1
2024-01-20,YYC-DT,ONLINE,9,352,17.61,334,2024,1
2024-01-20,YYC-NW,IN_STORE,35,1414,70.71,1343,2024,1
2024-01-20,YYC-NW,ONLINE,11,245,12.29,233,2024,1
2024-01-20,YYC-SE,IN_STORE,37,1310,65.51,1244,2024,1
2024-01-20,YYC-SE,ONLINE,5,205,10.29,195,2024,1
2024-01-21,YYC-DT,IN_STORE,93,2323,116.16,2207,2024,1
2024-01-21,YYC-DT,ONLINE,12,414,20.75,394,2024,1
2024-01-21,YYC-NW,IN_STORE,44,1660,83.05,1577,2024,1
2024-01-21,YYC-NW,ONLINE,10,298,14.91,283,2024,1
2024-01-21,YYC-SE,IN_STORE,52,1407,70.36,1336,2024,1
2024-01-21,YYC-SE,ONLINE,8,276,13.81,262,2024,1
2024-01-22,YYC-DT,IN_STORE,56,1878,93.93,1784,2024,1
2024-01-22,YYC-DT,ONLINE,11,328,16.42,312,2024,1
2024-01-22,YYC-NW,IN_STORE,47,1341,67.09,1274,2024,1
2024-01-22,YYC-NW,ONLINE,6,229,11.48,218,2024,1
2024-01-22,YYC-SE,IN_STORE,28,1203,60.19,1143,2024,1
2024-01-22,YYC-SE,ONLINE,5,186,9.34,177,2024,1
2024-01-23,YYC-DT,IN_STORE,63,2091,104.55,1986,2024,1
2024-01-23,YYC-DT,ONLINE,9,348,17.44,331,2024,1
2024-01-23,YYC-NW,IN_STORE,46,1493,74.7,1419,2024,1
2024-01-23,YYC-NW,ONLINE,11,272,13.65,259,2024,1
2024-01-23,YYC-SE,IN_STORE,33,1305,65.27,1240,2024,1
2024-01-23,YYC-SE,ONLINE,6,236,11.83,224,2024,1
2024-01-24,YYC-DT,IN_STORE,67,1959,97.98,1861,2024,1
2024-01-24,YYC-DT,ONLINE,9,343,17.18,326,2024,1
2024-01-24,YYC-NW,IN_STORE,35,1460,73.03,1387,2024,1
2024-01-24,YYC-NW,ONLINE,8,242,12.13,230,2024,1
2024-01-24,YYC-SE,IN_STORE,32,1144,57.25,1087,2024,1
2024-01-24,YYC-SE,ONLINE,5,176,8.84,167,2024,1
2024-01-25,YYC-DT,IN_STORE,48,1847,92.37,1755,2024,1
2024-01-25,YYC-DT,ONLINE,11,300,15.04,285,2024,1
2024-01-25,YYC-NW,IN_STORE,35,1245,62.25,1182,2024,1
2024-01-25,YYC-NW,ONLINE,10,289,14.48,275,2024,1
2024-01-25,YYC-SE,IN_STORE,31,1139,56.99,1082,2024,1
2024-01-25,YYC-SE,ONLINE,8,238,11.94,226,2024,1
2024-01-26,YYC-DT,IN_STORE,74,2210,110.53,2100,2024,1
2024-01-26,YYC-DT,ONLINE,16,379,18.96,360,2024,1
2024-01-26,YYC-NW,IN_STORE,61,1511,75.59,1436,2024,1
2024-01-26,YYC-NW,ONLINE,8,302,15.14,287,2024,1
2024-01-26,YYC-SE,IN_STORE,32,1231,61.56,1169,2024,1
2024-01-26,YYC-SE,ONLINE,7,241,12.07,229,2024,1
2024-01-27,YYC-DT,IN_STORE,52,1954,97.73,1856,2024,1
2024-01-27,YYC-DT,ONLINE,11,331,16.58,315,2024,1
2024-01-27,YYC-NW,IN_STORE,37,1455,72.78,1382,2024,1
2024-01-27,YYC-NW,ONLINE,8,236,11.82,224,2024,1
2024-01-27,YYC-SE,IN_STORE,32,1208,60.43,1148,2024,1
2024-01-27,YYC-SE,ONLINE,5,181,9.09,172,2024,1
2024-01-28,YYC-DT,IN_STORE,59,2248,112.43,2136,2024,1
2024-01-28,YYC-DT,ONLINE,12,437,21.88,415,2024,1
2024-01-28,YYC-NW,IN_STORE,43,1699,84.99,1614,2024,1
2024-01-28,YYC-NW,ONLINE,9,331,16.55,314,2024,1
2024-01-28,YYC-SE,IN_STORE,34,1366,68.3,1297,2024,1
2024-01-28,YYC-SE,ONLINE,8,233,11.68,221,2024,1
2024-01-29,YYC-DT,IN_STORE,78,1974,98.7,1875,2024,1
2024-01-29,YYC-DT,ONLINE,12,359,17.97,341,2024,1
2024-01-29,YYC-NW,IN_STORE,44,1454,72.71,1381,2024,1
2024-01-29,YYC-NW,ONLINE,11,308,15.43,293,2024,1
2024-01-29,YYC-SE,IN_STORE,37,1262,63.14,1199,2024,1
2024-01-29,YYC-SE,ONLINE,8,234,11.72,222,2024,1
2024-01-30,YYC-DT,IN_STORE,58,2052,102.64,1950,2024,1
2024-01-30,YYC-DT,ONLINE,9,351,17.58,334,2024,1
2024-01-30,YYC-NW,IN_STORE,56,1426,71.34,1355,2024,1
2024-01-30,YYC-NW,ONLINE,6,302,15.11,287,2024,1
2024-01-30,YYC-SE,IN_STORE,37,1124,56.2,1067,2024,1
2024-01-30,YYC-SE,ONLINE,8,228,11.43,217,2024,1
2024-01-31,YYC-DT,IN_STORE,76,2189,109.45,2079,2024,1
2024-01-31,YYC-DT,ONLINE,10,359,17.96,341,2024,1
2024-01-31,YYC-NW,IN_STORE,52,1581,79.06,1502,2024,1
2024-01-31,YYC-NW,ONLINE,7,306,15.33,291,2024,1
2024-01-31,YYC-SE,IN_STORE,33,1224,61.21,1163,2024,1
2024-01-31,YYC-SE,ONLINE,9,249,12.48,237,2024,1
2024-02-01,YYC-DT,IN_STORE,80,2075,103.8,1972,2024,2
2024-02-01,YYC-DT,ONLINE,12,405,20.25,384,2024,2
2024-02-01,YYC-NW,IN_STORE,38,1491,74.57,1416,2024,2
2024-02-01,YYC-NW,ONLINE,9,313,15.67,297,2024,2
2024-02-01,YYC-SE,IN_STORE,47,1270,63.5,1206,2024,2
2024-02-01,YYC-SE,ONLINE,6,192,9.64,183,2024,2
2024-02-02,YYC-DT,IN_STORE,83,2229,111.47,2117,2024,2
2024-02-02,YYC-DT,ONLINE,11,425,21.3,404,2024,2
2024-02-02,YYC-NW,IN_STORE,57,1606,80.35,1526,2024,2
2024-02-02,YYC-NW,ONLINE,8,279,13.98,265,2024,2
2024-02-02,YYC-SE,IN_STORE,42,1292,64.63,1228,2024,2
2024-02-02,YYC-SE,ONLINE,9,231,11.55,219,2024,2
2024-02-03,YYC-DT,IN_STORE,73,2367,118.39,2249,2024,2
2024-02-03,YYC-DT,ONLINE,11,416,20.81,395,2024,2
2024-02-03,YYC-NW,IN_STORE,51,1761,88.07,1673,2024,2
2024-02-03,YYC-NW,ONLINE,10,350,17.51,332,2024,2
2024-02-03,YYC-SE,IN_STORE,38,1471,73.57,1397,2024,2
2024-02-03,YYC-SE,ONLINE,9,240,12.02,228,2024,2
2024-02-04,YYC-DT,IN_STORE,87,2373,118.68,2254,2024,2
2024-02-04,YYC-DT,ONLINE,11,465,23.29,442,2024,2
2024-02-04,YYC-NW,IN_STORE,47,1677,83.86,1593,2024,2
2024-02-04,YYC-NW,ONLINE,7,256,12.82,243,2024,2
2024-02-04,YYC-SE,IN_STORE,39,1387,69.35,1317,2024,2
2024-02-04,YYC-SE,ONLINE,7,271,13.6,258,2024,2
2024-02-05,YYC-DT,IN_STORE,83,2331,116.6,2215,2024,2
2024-02-05,YYC-DT,ONLINE,11,447,22.37,425,2024,2
2024-02-05,YYC-NW,IN_STORE,59,1612,80.6,1531,2024,2
2024-02-05,YYC-NW,ONLINE,9,264,13.22,251,2024,2
2024-02-05,YYC-SE,IN_STORE,50,1321,66.08,1255,2024,2
2024-02-05,YYC-SE,ONLINE,9,262,13.14,249,2024,2
2024-02-06,YYC-DT,IN_STORE,89,2198,109.93,2088,2024,2
2024-02-06,YYC-DT,ONLINE,11,402,20.13,382,2024,2
2024-02-06,YYC-NW,IN_STORE,38,1549,77.49,1472,2024,2
2024-02-06,YYC-NW,ONLINE,10,312,15.63,297,2024,2
2024-02-06,YYC-SE,IN_STORE,56,1403,70.19,1333,2024,2
2024-02-06,YYC-SE,ONLINE,7,273,13.65,259,2024,2
2024-02-07,YYC-DT,IN_STORE,48,2045,102.25,1942,2024,2
2024-02-07,YYC-DT,ONLINE,9,374,18.71,355,2024,2
2024-02-07,YYC-NW,IN_STORE,44,1376,68.84,1308,2024,2
2024-02-07,YYC-NW,ONLINE,8,262,13.13,249,2024,2
2024-02-07,YYC-SE,IN_STORE,31,1166,58.35,1108,2024,2
2024-02-07,YYC-SE,ONLINE,8,211,10.59,201,2024,2
2024-02-08,YYC-DT,IN_STORE,92,2282,114.14,2168,2024,2
2024-02-08,YYC-DT,ONLINE,11,361,18.05,342,2024,2
2024-02-08,YYC-NW,IN_STORE,42,1669,83.48,1586,2024,2
2024-02-08,YYC-NW,ONLINE,10,263,13.19,250,2024,2
2024-02-08,YYC-SE,IN_STORE,42,1296,64.81,1231,2024,2
2024-02-08,YYC-SE,ONLINE,6,280,14.02,266,2024,2
2024-02-09,YYC-DT,IN_STORE,64,1996,99.84,1896,2024,2
2024-02-09,YYC-DT,ONLINE,14,331,16.59,315,2024,2
2024-02-09,YYC-NW,IN_STORE,47,1373,68.7,1305,2024,2
2024-02-09,YYC-NW,ONLINE,9,299,14.96,284,2024,2
2024-02-09,YYC-SE,IN_STORE,39,1161,58.1,1103,2024,2
2024-02-09,YYC-SE,ONLINE,5,211,10.59,201,2024,2
2024-02-10,YYC-DT,IN_STORE,87,2472,123.6,2348,2024,2
2024-02-10,YYC-DT,ONLINE,12,469,23.48,446,2024,2
2024-02-10,YYC-NW,IN_STORE,49,1799,89.99,1709,2024,2
2024-02-10,YYC-NW,ONLINE,10,348,17.4,330,2024,2
2024-02-10,YYC-SE,IN_STORE,41,1539,76.97,1462,2024,2
2024-02-10,YYC-SE,ONLINE,11,259,12.99,246,2024,2
2024-02-11,YYC-DT,IN_STORE,67,2501,125.08,2376,2024,2
2024-02-11,YYC-DT,ONLINE,18,529,26.46,502,2024,2
2024-02-11,YYC-NW,IN_STORE,72,1708,85.42,1622,2024,2
2024-02-11,YYC-NW,ONLINE,13,344,17.2,326,2024,2
2024-02-11,YYC-SE,IN_STORE,52,1527,76.36,1450,2024,2
2024-02-11,YYC-SE,ONLINE,8,328,16.4,311,2024,2
2024-02-12,YYC-DT,IN_STORE,49,2140,107.03,2033,2024,2
2024-02-12,YYC-DT,ONLINE,10,357,17.88,339,2024,2
2024-02-12,YYC-NW,IN_STORE,40,1388,69.41,1318,2024,2
2024-02-12,YYC-NW,ONLINE,6,264,13.25,251,2024,2
2024-02-12,YYC-SE,IN_STORE,41,1344,67.22,1277,2024,2
2024-02-12,YYC-SE,ONLINE,5,243,12.2,231,2024,2
2024-02-13,YYC-DT,IN_STORE,71,2017,100.87,1916,2024,2
2024-02-13,YYC-DT,ONLINE,9,324,16.24,308,2024,2
2024-02-13,YYC-NW,IN_STORE,44,1561,78.08,1483,2024,2
2024-02-13,YYC-NW,ONLINE,7,308,15.41,292,2024,2
2024-02-13,YYC-SE,IN_STORE,36,1296,64.83,1231,2024,2
2024-02-13,YYC-SE,ONLINE,7,242,12.14,230,2024,2
2024-02-14,YYC-DT,IN_STORE,73,2149,107.47,2041,2024,2
2024-02-14,YYC-DT,ONLINE,10,338,16.94,321,2024,2
2024-02-14,YYC-NW,IN_STORE,39,1449,72.46,1376,2024,2
2024-02-14,YYC-NW,ONLINE,8,251,12.6,239,2024,2
2024-02-14,YYC-SE,IN_STORE,50,1285,64.27,1221,2024,2
2024-02-14,YYC-SE,ONLINE,5,225,11.3,214,2024,2
2024-02-15,YYC-DT,IN_STORE,54,2122,106.1,2016,2024,2
2024-02-15,YYC-DT,ONLINE,16,385,19.28,366,2024,2
2024-02-15,YYC-NW,IN_STORE,41,1492,74.63,1418,2024,2
2024-02-15,YYC-NW,ONLINE,11,279,13.97,265,2024,2
2024-02-15,YYC-SE,IN_STORE,43,1336,66.81,1269,2024,2
2024-02-15,YYC-SE,ONLINE,6,229,11.47,217,2024,2
2024-02-16,YYC-DT,IN_STORE,72,1994,99.75,1895,2024,2
2024-02-16,YYC-DT,ONLINE,13,397,19.87,377,2024,2
2024-02-16,YYC-NW,IN_STORE,58,1411,70.56,1340,2024,2
2024-02-16,YYC-NW,ONLINE,10,255,12.79,243,2024,2
2024-02-16,YYC-SE,IN_STORE,32,1309,65.47,1243,2024,2
2024-02-16,YYC-SE,ONLINE,6,245,12.27,233,2024,2
2024-02-17,YYC-DT,IN_STORE,65,2563,128.17,2435,2024,2
2024-02-17,YYC-DT,ONLINE,15,484,24.23,460,2024,2
2024-02-17,YYC-NW,IN_STORE,48,1849,92.48,1757,2024,2
2024-02-17,YYC-NW,ONLINE,9,322,16.14,306,2024,2
2024-02-17,YYC-SE,IN_STORE,37,1460,73.0,1387,2024,2
2024-02-17,YYC-SE,ONLINE,6,256,12.82,243,2024,2
2024-02-18,YYC-DT,IN_STORE,72,2616,130.83,2485,2024,2
2024-02-18,YYC-DT,ONLINE,12,413,20.7,393,2024,2
2024-02-18,YYC-NW,IN_STORE,62,1787,89.38,1698,2024,2
2024-02-18,YYC-NW,ONLINE,8,317,15.9,302,2024,2
2024-02-18,YYC-SE,IN_STORE,53,1552,77.65,1475,2024,2
2024-02-18,YYC-SE,ONLINE,8,276,13.8,262,2024,2
2024-02-19,YYC-DT,IN_STORE,63,2310,115.52,2194,2024,2
2024-02-19,YYC-DT,ONLINE,10,348,17.41,330,2024,2
2024-02-19,YYC-NW,IN_STORE,52,1690,84.53,1605,2024,2
2024-02-19,YYC-NW,ONLINE,9,300,15.0,285,2024,2
2024-02-19,YYC-SE,IN_STORE,51,1400,70.03,1330,2024,2
2024-02-19,YYC-SE,ONLINE,8,256,12.84,243,2024,2
2024-02-20,YYC-DT,IN_STORE,80,2100,105.01,1995,2024,2
2024-02-20,YYC-DT,ONLINE,13,409,20.46,388,2024,2
2024-02-20,YYC-NW,IN_STORE,41,1586,79.34,1507,2024,2
2024-02-20,YYC-NW,ONLINE,9,286,14.3,271,2024,2
2024-02-20,YYC-SE,IN_STORE,31,1117,55.89,1061,2024,2
2024-02-20,YYC-SE,ONLINE,7,235,11.77,223,2024,2
2024-02-21,YYC-DT,IN_STORE,84,2144,107.21,2037,2024,2
2024-02-21,YYC-DT,ONLINE,13,403,20.17,383,2024,2
2024-02-21,YYC-NW,IN_STORE,46,1549,77.48,1472,2024,2
2024-02-21,YYC-NW,ONLINE,9,285,14.28,271,2024,2
2024-02-21,YYC-SE,IN_STORE,31,1349,67.47,1281,2024,2
2024-02-21,YYC-SE,ONLINE,9,236,11.83,224,2024,2
2024-02-22,YYC-DT,IN_STORE,51,2003,100.18,1903,2024,2
2024-02-22,YYC-DT,ONLINE,9,369,18.47,351,2024,2
2024-02-22,YYC-NW,IN_STORE,56,1462,73.12,1389,2024,2
2024-02-22,YYC-NW,ONLINE,10,275,13.79,262,2024,2
2024-02-22,YYC-SE,IN_STORE,29,1107,55.4,1052,2024,2
2024-02-22,YYC-SE,ONLINE,8,206,10.34,196,2024,2
2024-02-23,YYC-DT,IN_STORE,55,2170,108.51,2061,2024,2
2024-02-23,YYC-DT,ONLINE,12,360,18.01,342,2024,2
2024-02-23,YYC-NW,IN_STORE,41,1562,78.15,1484,2024,2
2024-02-23,YYC-NW,ONLINE,9,260,13.03,247,2024,2
2024-02-23,YYC-SE,IN_STORE,42,1226,61.31,1164,2024,2
2024-02-23,YYC-SE,ONLINE,8,228,11.41,216,2024,2
2024-02-24,YYC-DT,IN_STORE,61,2393,119.66,2273,2024,2
2024-02-24,YYC-DT,ONLINE,15,451,22.6,429,2024,2
2024-02-24,YYC-NW,IN_STORE,45,1674,83.72,1590,2024,2
2024-02-24,YYC-NW,ONLINE,9,252,12.62,239,2024,2
2024-02-24,YYC-SE,IN_STORE,50,1458,72.93,1385,2024,2
2024-02-24,YYC-SE,ONLINE,7,238,11.93,226,2024,2
2024-02-25,YYC-DT,IN_STORE,76,2414,120.74,2294,2024,2
2024-02-25,YYC-DT,ONLINE,12,482,24.14,458,2024,2
2024-02-25,YYC-NW,IN_STORE,51,1846,92.31,1753,2024,2
2024-02-25,YYC-NW,ONLINE,8,307,15.37,291,2024,2
2024-02-25,YYC-SE,IN_STORE,47,1538,76.92,1461,2024,2
2024-02-25,YYC-SE,ONLINE,9,251,12.56,238,2024,2
2024-02-26,YYC-DT,IN_STORE,49,2045,102.29,1943,2024,2
2024-02-26,YYC-DT,ONLINE,11,344,17.23,327,2024,2
2024-02-26,YYC-NW,IN_STORE,44,1451,72.58,1379,2024,2
2024-02-26,YYC-NW,ONLINE,8,269,13.48,256,2024,2
2024-02-26,YYC-SE,IN_STORE,31,1196,59.81,1136,2024,2
2024-02-26,YYC-SE,ONLINE,7,206,10.34,196,2024,2
2024-02-27,YYC-DT,IN_STORE,70,2078,103.91,1974,2024,2
2024-02-27,YYC-DT,ONLINE,10,355,17.77,337,2024,2
2024-02-27,YYC-NW,IN_STORE,61,1528,76.43,1452,2024,2
2024-02-27,YYC-NW,ONLINE,7,290,14.52,275,2024,2
2024-02-27,YYC-SE,IN_STORE,43,1273,63.69,1210,2024,2
2024-02-27,YYC-SE,ONLINE,6,196,9.84,187,2024,2
2024-02-28,YYC-DT,IN_STORE,88,2179,108.97,2070,2024,2
2024-02-28,YYC-DT,ONLINE,16,388,19.43,369,2024,2
2024-02-28,YYC-NW,IN_STORE,55,1567,78.38,1489,2024,2
2024-02-28,YYC-NW,ONLINE,12,269,13.46,255,2024,2
2024-02-28,YYC-SE,IN_STORE,40,1217,60.87,1156,2024,2
2024-02-28,YYC-SE,ONLINE,8,237,11.86,225,2024,2
2024-02-29,YYC-DT,IN_STORE,59,2169,108.48,2061,2024,2
2024-02-29,YYC-DT,ONLINE,16,415,20.76,394,2024,2
2024-02-29,YYC-NW,IN_STORE,53,1652,82.64,1570,2024,2
2024-02-29,YYC-NW,ONLINE,12,291,14.58,277,2024,2
2024-02-29,YYC-SE,IN_STORE,34,1467,73.38,1394,2024,2
2024-02-29,YYC-SE,ONLINE,6,277,13.88,263,2024,2
2024-03-01,YYC-DT,IN_STORE,55,2402,120.13,2282,2024,3
2024-03-01,YYC-DT,ONLINE,12,414,20.71,393,2024,3
2024-03-01,YYC-NW,IN_STORE,43,1612,80.64,1532,2024,3
2024-03-01,YYC-NW,ONLINE,8,295,14.76,280,2024,3
2024-03-01,YYC-SE,IN_STORE,44,1256,62.82,1193,2024,3
2024-03-01,YYC-SE,ONLINE,8,228,11.43,217,2024,3
2024-03-02,YYC-DT,IN_STORE,76,2685,134.26,2551,2024,3
2024-03-02,YYC-DT,ONLINE,14,498,24.94,473,2024,3
2024-03-02,YYC-NW,IN_STORE,67,1883,94.19,1789,2024,3
2024-03-02,YYC-NW,ONLINE,13,340,17.03,323,2024,3
2024-03-02,YYC-SE,IN_STORE,41,1650,82.53,1568,2024,3
2024-03-02,YYC-SE,ONLINE,8,305,15.29,290,2024,3
2024-03-03,YYC-DT,IN_STORE,99,2523,126.16,2396,2024,3
2024-03-03,YYC-DT,ONLINE,11,458,22.95,435,2024,3
2024-03-03,YYC-NW,IN_STORE,59,1869,93.46,1775,2024,3
2024-03-03,YYC-NW,ONLINE,8,359,17.96,341,2024,3
2024-03-03,YYC-SE,IN_STORE,45,1484,74.23,1410,2024,3
2024-03-03,YYC-SE,ONLINE,7,299,14.98,284,2024,3
2024-03-04,YYC-DT,IN_STORE,76,2355,117.78,2237,2024,3
2024-03-04,YYC-DT,ONLINE,14,439,22.0,417,2024,3
2024-03-04,YYC-NW,IN_STORE,43,1509,75.48,1434,2024,3
2024-03-04,YYC-NW,ONLINE,10,297,14.86,282,2024,3
2024-03-04,YYC-SE,IN_STORE,36,1446,72.32,1374,2024,3
2024-03-04,YYC-SE,ONLINE,9,305,15.3,290,2024,3
2024-03-05,YYC-DT,IN_STORE,69,2416,120.83,2295,2024,3
2024-03-05,YYC-DT,ONLINE,11,446,22.33,424,2024,3
2024-03-05,YYC-NW,IN_STORE,52,1725,86.3,1639,2024,3
2024-03-05,YYC-NW,ONLINE,11,323,16.16,307,2024,3
2024-03-05,YYC-SE,IN_STORE,54,1500,75.01,1425,2024,3
2024-03-05,YYC-SE,ONLINE,6,251,12.58,238,2024,3
2024-03-06,YYC-DT,IN_STORE,79,2364,118.22,2246,2024,3
2024-03-06,YYC-DT,ONLINE,14,460,23.04,437,2024,3
2024-03-06,YYC-NW,IN_STORE,52,1541,77.09,1464,2024,3
2024-03-06,YYC-NW,ONLINE,12,293,14.65,278,2024,3
2024-03-06,YYC-SE,IN_STORE,48,1559,78.0,1481,2024,3
2024-03-06,YYC-SE,ONLINE,9,265,13.27,252,2024,3
2024-03-07,YYC-DT,IN_STORE,91,2271,113.58,2158,2024,3
2024-03-07,YYC-DT,ONLINE,17,407,20.36,386,2024,3
2024-03-07,YYC-NW,IN_STORE,40,1639,81.96,1557,2024,3
2024-03-07,YYC-NW,ONLINE,7,289,14.48,275,2024,3
2024-03-07,YYC-SE,IN_STORE,48,1379,68.98,1310,2024,3
2024-03-07,YYC-SE,ONLINE,6,232,11.62,220,2024,3
2024-03-08,YYC-DT,IN_STORE,58,2245,112.27,2133,2024,3
2024-03-08,YYC-DT,ONLINE,10,408,20.41,387,2024,3
2024-03-08,YYC-NW,IN_STORE,62,1663,83.18,1580,2024,3
2024-03-08,YYC-NW,ONLINE,8,280,14.04,266,2024,3
2024-03-08,YYC-SE,IN_STORE,57,1390,69.55,1321,2024,3
2024-03-08,YYC-SE,ONLINE,7,254,12.73,241,2024,3
2024-03-09,YYC-DT,IN_STORE,70,2576,128.83,2447,2024,3
2024-03-09,YYC-DT,ONLINE,12,468,23.41,444,2024,3
2024-03-09,YYC-NW,IN_STORE,47,1861,93.07,1768,2024,3
2024-03-09,YYC-NW,ONLINE,14,339,16.96,322,2024,3
2024-03-09,YYC-SE,IN_STORE,47,1624,81.21,1542,2024,3
2024-03-09,YYC-SE,ONLINE,7,246,12.32,234,2024,3
2024-03-10,YYC-DT,IN_STORE,74,2455,122.76,2332,2024,3
2024-03-10,YYC-DT,ONLINE,12,433,21.68,411,2024,3
2024-03-10,YYC-NW,IN_STORE,53,1672,83.64,1589,2024,3
2024-03-10,YYC-NW,ONLINE,8,300,15.02,285,2024,3
2024-03-10,YYC-SE,IN_STORE,43,1516,75.81,1440,2024,3
2024-03-10,YYC-SE,ONLINE,11,266,13.33,253,2024,3
2024-03-11,YYC-DT,IN_STORE,78,2314,115.72,2198,2024,3
2024-03-11,YYC-DT,ONLINE,11,461,23.09,438,2024,3
2024-03-11,YYC-NW,IN_STORE,50,1648,82.44,1566,2024,3
2024-03-11,YYC-NW,ONLINE,8,286,14.31,271,2024,3
2024-03-11,YYC-SE,IN_STORE,45,1308,65.44,1243,2024,3
2024-03-11,YYC-SE,ONLINE,9,248,12.43,236,2024,3
2024-03-12,YYC-DT,IN_STORE,85,2435,121.75,2313,2024,3
2024-03-12,YYC-DT,ONLINE,19,473,23.67,449,2024,3
2024-03-12,YYC-NW,IN_STORE,44,1804,90.2,1713,2024,3
2024-03-12,YYC-NW,ONLINE,13,317,15.87,301,2024,3
2024-03-12,YYC-SE,IN_STORE,36,1595,79.76,1515,2024,3
2024-03-12,YYC-SE,ONLINE,11,315,15.76,299,2024,3
2024-03-13,YYC-DT,IN_STORE,82,2305,115.28,2190,2024,3
2024-03-13,YYC-DT,ONLINE,15,412,20.61,391,2024,3
2024-03-13,YYC-NW,IN_STORE,45,1689,84.45,1604,2024,3
2024-03-13,YYC-NW,ONLINE,9,275,13.76,261,2024,3
2024-03-13,YYC-SE,IN_STORE,35,1505,75.29,1430,2024,3
2024-03-13,YYC-SE,ONLINE,7,295,14.75,280,2024,3
2024-03-14,YYC-DT,IN_STORE,72,2271,113.58,2158,2024,3
2024-03-14,YYC-DT,ONLINE,13,490,24.55,466,2024,3
2024-03-14,YYC-NW,IN_STORE,42,1655,82.8,1573,2024,3
2024-03-14,YYC-NW,ONLINE,7,293,14.69,279,2024,3
2024-03-14,YYC-SE,IN_STORE,37,1376,68.83,1307,2024,3
2024-03-14,YYC-SE,ONLINE,8,290,14.54,276,2024,3
2024-03-15,YYC-DT,IN_STORE,94,2410,120.55,2290,2024,3
2024-03-15,YYC-DT,ONLINE,15,496,24.82,471,2024,3
2024-03-15,YYC-NW,IN_STORE,53,1732,86.63,1645,2024,3
2024-03-15,YYC-NW,ONLINE,11,293,14.68,278,2024,3
2024-03-15,YYC-SE,IN_STORE,51,1417,70.86,1346,2024,3
2024-03-15,YYC-SE,ONLINE,6,242,12.14,230,2024,3
2024-03-16,YYC-DT,IN_STORE,72,2424,121.23,2303,2024,3
2024-03-16,YYC-DT,ONLINE,13,495,24.78,470,2024,3
2024-03-16,YYC-NW,IN_STORE,49,1782,89.13,1693,2024,3
2024-03-16,YYC-NW,ONLINE,8,352,17.62,334,2024,3
2024-03-16,YYC-SE,IN_STORE,39,1457,72.85,1384,2024,3
2024-03-16,YYC-SE,ONLINE,9,277,13.9,264,2024,3
2024-03-17,YYC-DT,IN_STORE,71,2653,132.68,2520,2024,3
2024-03-17,YYC-DT,ONLINE,20,516,25.83,490,2024,3
2024-03-17,YYC-NW,IN_STORE,68,1885,94.27,1791,2024,3
2024-03-17,YYC-NW,ONLINE,14,319,15.97,303,2024,3
2024-03-17,YYC-SE,IN_STORE,47,1712,85.65,1627,2024,3
2024-03-17,YYC-SE,ONLINE,10,323,16.18,307,2024,3
2024-03-18,YYC-DT,IN_STORE,91,2309,115.46,2193,2024,3
2024-03-18,YYC-DT,ONLINE,14,448,22.4,425,2024,3
2024-03-18,YYC-NW,IN_STORE,43,1621,81.06,1540,2024,3
2024-03-18,YYC-NW,ONLINE,10,322,16.1,305,2024,3
2024-03-18,YYC-SE,IN_STORE,37,1489,74.47,1414,2024,3
2024-03-18,YYC-SE,ONLINE,10,258,12.93,245,2024,3
2024-03-19,YYC-DT,IN_STORE,57,2055,102.8,1953,2024,3
2024-03-19,YYC-DT,ONLINE,14,436,21.8,414,2024,3
2024-03-19,YYC-NW,IN_STORE,59,1749,87.48,1662,2024,3
2024-03-19,YYC-NW,ONLINE,7,305,15.29,290,2024,3
2024-03-19,YYC-SE,IN_STORE,42,1300,65.03,1235,2024,3
2024-03-19,YYC-SE,ONLINE,6,263,13.17,250,2024,3
2024-03-20,YYC-DT,IN_STORE,77,2442,122.11,2320,2024,3
2024-03-20,YYC-DT,ONLINE,18,421,21.09,400,2024,3
2024-03-20,YYC-NW,IN_STORE,42,1663,83.16,1580,2024,3
2024-03-20,YYC-NW,ONLINE,9,334,16.74,318,2024,3
2024-03-20,YYC-SE,IN_STORE,50,1414,70.75,1344,2024,3
2024-03-20,YYC-SE,ONLINE,9,262,13.11,249,2024,3
2024-03-21,YYC-DT,IN_STORE,87,2079,103.97,1975,2024,3
2024-03-21,YYC-DT,ONLINE,13,433,21.65,411,2024,3
2024-03-21,YYC-NW,IN_STORE,60,1588,79.44,1509,2024,3
2024-03-21,YYC-NW,ONLINE,7,245,12.26,232,2024,3
2024-03-21,YYC-SE,IN_STORE,47,1192,59.64,1133,2024,3
2024-03-21,YYC-SE,ONLINE,6,264,13.25,251,2024,3
2024-03-22,YYC-DT,IN_STORE,65,2193,109.68,2083,2024,3
2024-03-22,YYC-DT,ONLINE,10,380,19.01,361,2024,3
2024-03-22,YYC-NW,IN_STORE,38,1426,71.34,1355,2024,3
2024-03-22,YYC-NW,ONLINE,7,265,13.26,251,2024,3
2024-03-22,YYC-SE,IN_STORE,34,1336,66.83,1269,2024,3
2024-03-22,YYC-SE,ONLINE,6,173,8.69,165,2024,3
2024-03-23,YYC-DT,IN_STORE,81,2481,124.08,2357,2024,3
2024-03-23,YYC-DT,ONLINE,18,460,23.05,437,2024,3
2024-03-23,YYC-NW,IN_STORE,66,1769,88.46,1680,2024,3
2024-03-23,YYC-NW,ONLINE,11,336,16.82,319,2024,3
2024-03-23,YYC-SE,IN_STORE,36,1565,78.25,1486,2024,3
2024-03-23,YYC-SE,ONLINE,9,302,15.12,287,2024,3
2024-03-24,YYC-DT,IN_STORE,76,2515,125.76,2389,2024,3
2024-03-24,YYC-DT,ONLINE,16,461,23.09,438,2024,3
2024-03-24,YYC-NW,IN_STORE,73,1804,90.2,1713,2024,3
2024-03-24,YYC-NW,ONLINE,11,318,15.92,302,2024,3
2024-03-24,YYC-SE,IN_STORE,39,1629,81.49,1548,2024,3
2024-03-24,YYC-SE,ONLINE,7,236,11.8,224,2024,3
2024-03-25,YYC-DT,IN_STORE,105,2456,122.84,2333,2024,3
2024-03-25,YYC-DT,ONLINE,16,540,27.04,513,2024,3
2024-03-25,YYC-NW,IN_STORE,65,1793,89.65,1703,2024,3
2024-03-25,YYC-NW,ONLINE,8,243,12.17,231,2024,3
2024-03-25,YYC-SE,IN_STORE,38,1599,79.95,1519,2024,3
2024-03-25,YYC-SE,ONLINE,11,240,12.03,228,2024,3
2024-03-26,YYC-DT,IN_STORE,89,2605,130.26,2474,2024,3
2024-03-26,YYC-DT,ONLINE,19,490,24.51,465,2024,3
2024-03-26,YYC-NW,IN_STORE,47,1877,93.88,1783,2024,3
2024-03-26,YYC-NW,ONLINE,12,354,17.73,336,2024,3
2024-03-26,YYC-SE,IN_STORE,55,1768,88.41,1679,2024,3
2024-03-26,YYC-SE,ONLINE,7,249,12.5,237,2024,3
2024-03-27,YYC-DT,IN_STORE,83,2455,122.76,2332,2024,3
2024-03-27,YYC-DT,ONLINE,13,443,22.19,421,2024,3
2024-03-27,YYC-NW,IN_STORE,49,1614,80.72,1533,2024,3
2024-03-27,YYC-NW,ONLINE,11,320,16.01,304,2024,3
2024-03-27,YYC-SE,IN_STORE,42,1480,74.01,1406,2024,3
2024-03-27,YYC-SE,ONLINE,8,250,12.53,238,2024,3
2024-03-28,YYC-DT,IN_STORE,83,2347,117.36,2229,2024,3
2024-03-28,YYC-DT,ONLINE,13,482,24.13,458,2024,3
2024-03-28,YYC-NW,IN_STORE,58,1663,83.19,1580,2024,3
2024-03-28,YYC-NW,ONLINE,8,310,15.51,294,2024,3
2024-03-28,YYC-SE,IN_STORE,59,1439,72.0,1367,2024,3
2024-03-28,YYC-SE,ONLINE,10,234,11.74,223,2024,3
2024-03-29,YYC-DT,IN_STORE,81,2177,108.88,2068,2024,3
2024-03-29,YYC-DT,ONLINE,14,383,19.18,364,2024,3
2024-03-29,YYC-NW,IN_STORE,40,1511,75.58,1435,2024,3
2024-03-29,YYC-NW,ONLINE,8,286,14.33,272,2024,3
2024-03-29,YYC-SE,IN_STORE,34,1327,66.37,1260,2024,3
2024-03-29,YYC-SE,ONLINE,7,248,12.43,236,2024,3
2024-03-30,YYC-DT,IN_STORE,72,2521,126.06,2395,2024,3
2024-03-30,YYC-DT,ONLINE,11,467,23.38,444,2024,3
2024-03-30,YYC-NW,IN_STORE,44,1765,88.29,1677,2024,3
2024-03-30,YYC-NW,ONLINE,13,335,16.77,318,2024,3
2024-03-30,YYC-SE,IN_STORE,38,1614,80.71,1533,2024,3
2024-03-30,YYC-SE,ONLINE,7,328,16.4,311,2024,3
2024-03-31,YYC-DT,IN_STORE,75,2344,117.24,2227,2024,3
2024-03-31,YYC-DT,ONLINE,12,445,22.25,422,2024,3
2024-03-31,YYC-NW,IN_STORE,50,1849,92.47,1756,2024,3
2024-03-31,YYC-NW,ONLINE,12,335,16.76,318,2024,3
2024-03-31,YYC-SE,IN_STORE,37,1525,76.26,1449,2024,3
2024-03-31,YYC-SE,ONLINE,8,263,13.17,250,2024,3
2024-04-01,YYC-DT,IN_STORE,75,2367,118.39,2249,2024,4
2024-04-01,YYC-DT,ONLINE,17,406,20.33,386,2024,4
2024-04-01,YYC-NW,IN_STORE,44,1740,87.02,1653,2024,4
2024-04-01,YYC-NW,ONLINE,10,308,15.45,293,2024,4
2024-04-01,YYC-SE,IN_STORE,36,1535,76.76,1458,2024,4
2024-04-01,YYC-SE,ONLINE,11,284,14.22,270,2024,4
2024-04-02,YYC-DT,IN_STORE,75,2407,120.37,2287,2024,4
2024-04-02,YYC-DT,ONLINE,13,449,22.5,427,2024,4
2024-04-02,YYC-NW,IN_STORE,56,1808,90.42,1717,2024,4
2024-04-02,YYC-NW,ONLINE,9,359,17.98,341,2024,4
2024-04-02,YYC-SE,IN_STORE,46,1473,73.66,1399,2024,4
2024-04-02,YYC-SE,ONLINE,8,280,14.02,266,2024,4
2024-04-03,YYC-DT,IN_STORE,100,2371,118.55,2252,2024,4
2024-04-03,YYC-DT,ONLINE,13,465,23.25,441,2024,4
2024-04-03,YYC-NW,IN_STORE,64,1788,89.42,1699,2024,4
2024-04-03,YYC-NW,ONLINE,8,353,17.66,335,2024,4
2024-04-03,YYC-SE,IN_STORE,48,1453,72.67,1380,2024,4
2024-04-03,YYC-SE,ONLINE,7,271,13.58,257,2024,4
2024-04-04,YYC-DT,IN_STORE,53,2199,109.97,2089,2024,4
2024-04-04,YYC-DT,ONLINE,15,416,20.81,395,2024,4
2024-04-04,YYC-NW,IN_STORE,52,1595,79.79,1516,2024,4
2024-04-04,YYC-NW,ONLINE,7,252,12.64,240,2024,4
2024-04-04,YYC-SE,IN_STORE,43,1361,68.06,1293,2024,4
2024-04-04,YYC-SE,ONLINE,6,257,12.88,244,2024,4
2024-04-05,YYC-DT,IN_STORE,62,2610,130.51,2479,2024,4
2024-04-05,YYC-DT,ONLINE,17,468,23.44,445,2024,4
2024-04-05,YYC-NW,IN_STORE,68,1828,91.44,1737,2024,4
2024-04-05,YYC-NW,ONLINE,8,343,17.17,326,2024,4
2024-04-05,YYC-SE,IN_STORE,45,1585,79.26,1505,2024,4
2024-04-05,YYC-SE,ONLINE,8,331,16.58,315,2024,4
2024-04-06,YYC-DT,IN_STORE,82,2604,130.21,2473,2024,4
2024-04-06,YYC-DT,ONLINE,13,448,22.44,426,2024,4
2024-04-06,YYC-NW,IN_STORE,48,1875,93.76,1781,2024,4
2024-04-06,YYC-NW,ONLINE,12,302,15.11,287,2024,4
2024-04-06,YYC-SE,IN_STORE,60,1564,78.2,1485,2024,4
2024-04-06,YYC-SE,ONLINE,8,274,13.7,260,2024,4
2024-04-07,YYC-DT,IN_STORE,72,2704,135.22,2569,2024,4
2024-04-07,YYC-DT,ONLINE,13,526,26.34,500,2024,4
2024-04-07,YYC-NW,IN_STORE,59,2006,100.33,1906,2024,4
2024-04-07,YYC-NW,ONLINE,10,360,18.02,342,2024,4
2024-04-07,YYC-SE,IN_STORE,47,1782,89.13,1693,2024,4
2024-04-07,YYC-SE,ONLINE,7,256,12.82,243,2024,4
2024-04-08,YYC-DT,IN_STORE,68,2664,133.25,2531,2024,4
2024-04-08,YYC-DT,ONLINE,15,556,27.82,528,2024,4
2024-04-08,YYC-NW,IN_STORE,76,1965,98.27,1867,2024,4
2024-04-08,YYC-NW,ONLINE,13,344,17.22,327,2024,4
2024-04-08,YYC-SE,IN_STORE,49,1628,81.4,1546,2024,4
2024-04-08,YYC-SE,ONLINE,8,369,18.48,351,2024,4
2024-04-09,YYC-DT,IN_STORE,64,2461,123.05,2338,2024,4
2024-04-09,YYC-DT,ONLINE,11,386,19.31,366,2024,4
2024-04-09,YYC-NW,IN_STORE,54,1615,80.78,1534,2024,4
2024-04-09,YYC-NW,ONLINE,11,292,14.64,278,2024,4
2024-04-09,YYC-SE,IN_STORE,50,1496,74.81,1421,2024,4
2024-04-09,YYC-SE,ONLINE,8,200,10.0,190,2024,4
2024-04-10,YYC-DT,IN_STORE,88,2183,109.17,2074,2024,4
2024-04-10,YYC-DT,ONLINE,11,387,19.35,367,2024,4
2024-04-10,YYC-NW,IN_STORE,46,1556,77.83,1478,2024,4
2024-04-10,YYC-NW,ONLINE,10,265,13.26,251,2024,4
2024-04-10,YYC-SE,IN_STORE,43,1358,67.91,1290,2024,4
2024-04-10,YYC-SE,ONLINE,9,259,12.97,246,2024,4
2024-04-11,YYC-DT,IN_STORE,65,2397,119.87,2277,2024,4
2024-04-11,YYC-DT,ONLINE,12,479,23.99,455,2024,4
2024-04-11,YYC-NW,IN_STORE,68,1730,86.52,1643,2024,4
2024-04-11,YYC-NW,ONLINE,8,271,13.56,257,2024,4
2024-04-11,YYC-SE,IN_STORE,46,1471,73.55,1397,2024,4
2024-04-11,YYC-SE,ONLINE,11,279,14.0,265,2024,4
2024-04-12,YYC-DT,IN_STORE,72,2635,131.79,2504,2024,4
2024-04-12,YYC-DT,ONLINE,12,527,26.4,501,2024,4
2024-04-12,YYC-NW,IN_STORE,74,1888,94.45,1794,2024,4
2024-04-12,YYC-NW,ONLINE,14,357,17.88,339,2024,4
2024-04-12,YYC-SE,IN_STORE,42,1550,77.5,1472,2024,4
2024-04-12,YYC-SE,ONLINE,7,236,11.84,224,2024,4
2024-04-13,YYC-DT,IN_STORE,106,3115,155.8,2960,2024,4
2024-04-13,YYC-DT,ONLINE,14,516,25.85,491,2024,4
2024-04-13,YYC-NW,IN_STORE,71,2130,106.51,2023,2024,4
2024-04-13,YYC-NW,ONLINE,11,408,20.44,388,2024,4
2024-04-13,YYC-SE,IN_STORE,57,1733,86.68,1646,2024,4
2024-04-13,YYC-SE,ONLINE,8,350,17.55,333,2024,4
2024-04-14,YYC-DT,IN_STORE,87,2507,125.35,2381,2024,4
2024-04-14,YYC-DT,ONLINE,13,463,23.15,439,2024,4
2024-04-14,YYC-NW,IN_STORE,63,1887,94.38,1793,2024,4
2024-04-14,YYC-NW,ONLINE,11,334,16.71,317,2024,4
2024-04-14,YYC-SE,IN_STORE,52,1459,72.97,1386,2024,4
2024-04-14,YYC-SE,ONLINE,7,275,13.77,261,2024,4
2024-04-15,YYC-DT,IN_STORE,69,2427,121.38,2306,2024,4
2024-04-15,YYC-DT,ONLINE,13,522,26.11,496,2024,4
2024-04-15,YYC-NW,IN_STORE,55,1818,90.91,1727,2024,4
2024-04-15,YYC-NW,ONLINE,9,362,18.14,344,2024,4
2024-04-15,YYC-SE,IN_STORE,49,1632,81.63,1551,2024,4
2024-04-15,YYC-SE,ONLINE,8,255,12.76,242,2024,4
2024-04-16,YYC-DT,IN_STORE,91,2381,119.08,2262,2024,4
2024-04-16,YYC-DT,ONLINE,14,474,23.71,450,2024,4
2024-04-16,YYC-NW,IN_STORE,65,1725,86.29,1639,2024,4
2024-04-16,YYC-NW,ONLINE,7,299,14.98,284,2024,4
2024-04-16,YYC-SE,IN_STORE,50,1321,66.1,1255,2024,4
2024-04-16,YYC-SE,ONLINE,7,268,13.42,254,2024,4
2024-04-17,YYC-DT,IN_STORE,58,2524,126.24,2398,2024,4
2024-04-17,YYC-DT,ONLINE,18,441,22.06,419,2024,4
2024-04-17,YYC-NW,IN_STORE,43,1710,85.54,1625,2024,4
2024-04-17,YYC-NW,ONLINE,10,325,16.25,308,2024,4
2024-04-17,YYC-SE,IN_STORE,40,1501,75.08,1426,2024,4
2024-04-17,YYC-SE,ONLINE,9,285,14.29,271,2024,4
2024-04-18,YYC-DT,IN_STORE,66,2899,144.95,2754,2024,4
2024-04-18,YYC-DT,ONLINE,14,527,26.35,500,2024,4
2024-04-18,YYC-NW,IN_STORE,54,1964,98.24,1866,2024,4
2024-04-18,YYC-NW,ONLINE,9,335,16.79,318,2024,4
2024-04-18,YYC-SE,IN_STORE,62,1641,82.06,1559,2024,4
2024-04-18,YYC-SE,ONLINE,9,303,15.15,287,2024,4
2024-04-19,YYC-DT,IN_STORE,67,2267,113.37,2153,2024,4
2024-04-19,YYC-DT,ONLINE,11,344,17.24,327,2024,4
2024-04-19,YYC-NW,IN_STORE,57,1643,82.2,1561,2024,4
2024-04-19,YYC-NW,ONLINE,7,310,15.53,295,2024,4
2024-04-19,YYC-SE,IN_STORE,49,1416,70.84,1345,2024,4
2024-04-19,YYC-SE,ONLINE,9,289,14.49,275,2024,4
2024-04-20,YYC-DT,IN_STORE,93,2791,139.6,2652,2024,4
2024-04-20,YYC-DT,ONLINE,18,530,26.52,503,2024,4
2024-04-20,YYC-NW,IN_STORE,56,1891,94.57,1796,2024,4
2024-04-20,YYC-NW,ONLINE,12,341,17.06,324,2024,4
2024-04-20,YYC-SE,IN_STORE,51,1786,89.35,1697,2024,4
2024-04-20,YYC-SE,ONLINE,9,346,17.32,329,2024,4
2024-04-21,YYC-DT,IN_STORE,87,2770,138.51,2631,2024,4
2024-04-21,YYC-DT,ONLINE,21,518,25.9,492,2024,4
2024-04-21,YYC-NW,IN_STORE,60,1941,97.1,1844,2024,4
2024-04-21,YYC-NW,ONLINE,11,390,19.52,370,2024,4
2024-04-21,YYC-SE,IN_STORE,45,1606,80.33,1526,2024,4
2024-04-21,YYC-SE,ONLINE,8,315,15.76,299,2024,4
2024-04-22,YYC-DT,IN_STORE,86,2655,132.8,2523,2024,4
2024-04-22,YYC-DT,ONLINE,12,505,25.27,480,2024,4
2024-04-22,YYC-NW,IN_STORE,51,1943,97.18,1846,2024,4
2024-04-22,YYC-NW,ONLINE,10,335,16.8,319,2024,4
2024-04-22,YYC-SE,IN_STORE,48,1567,78.39,1489,2024,4
2024-04-22,YYC-SE,ONLINE,11,272,13.63,259,2024,4
2024-04-23,YYC-DT,IN_STORE,80,2485,124.3,2361,2024,4
2024-04-23,YYC-DT,ONLINE,16,483,24.17,459,2024,4
2024-04-23,YYC-NW,IN_STORE,54,1680,84.01,1596,2024,4
2024-04-23,YYC-NW,ONLINE,8,317,15.88,301,2024,4
2024-04-23,YYC-SE,IN_STORE,39,1547,77.4,1470,2024,4
2024-04-23,YYC-SE,ONLINE,9,265,13.25,251,2024,4
2024-04-24,YYC-DT,IN_STORE,89,2360,118.05,2242,2024,4
2024-04-24,YYC-DT,ONLINE,13,481,24.1,457,2024,4
2024-04-24,YYC-NW,IN_STORE,54,1729,86.48,1643,2024,4
2024-04-24,YYC-NW,ONLINE,10,332,16.65,316,2024,4
2024-04-24,YYC-SE,IN_STORE,63,1549,77.49,1472,2024,4
2024-04-24,YYC-SE,ONLINE,9,269,13.48,256,2024,4
2024-04-25,YYC-DT,IN_STORE,59,2401,120.09,2281,2024,4
2024-04-25,YYC-DT,ONLINE,14,456,22.84,434,2024,4
2024-04-25,YYC-NW,IN_STORE,50,1697,84.87,1612,2024,4
2024-04-25,YYC-NW,ONLINE,9,350,17.51,332,2024,4
2024-04-25,YYC-SE,IN_STORE,50,1482,74.12,1408,2024,4
2024-04-25,YYC-SE,ONLINE,10,271,13.55,257,2024,4
2024-04-26,YYC-DT,IN_STORE,71,2420,121.04,2299,2024,4
2024-04-26,YYC-DT,ONLINE,11,440,22.01,418,2024,4
2024-04-26,YYC-NW,IN_STORE,56,1622,81.12,1541,2024,4
2024-04-26,YYC-NW,ONLINE,12,302,15.13,287,2024,4
2024-04-26,YYC-SE,IN_STORE,47,1410,70.51,1339,2024,4
2024-04-26,YYC-SE,ONLINE,6,195,9.8,186,2024,4
2024-04-27,YYC-DT,IN_STORE,88,2604,130.2,2473,2024,4
2024-04-27,YYC-DT,ONLINE,17,523,26.16,497,2024,4
2024-04-27,YYC-NW,IN_STORE,57,1864,93.24,1771,2024,4
2024-04-27,YYC-NW,ONLINE,10,330,16.51,313,2024,4
2024-04-27,YYC-SE,IN_STORE,42,1677,83.89,1593,2024,4
2024-04-27,YYC-SE,ONLINE,8,283,14.18,269,2024,4
2024-04-28,YYC-DT,IN_STORE,70,2615,130.75,2484,2024,4
2024-04-28,YYC-DT,ONLINE,19,539,26.96,512,2024,4
2024-04-28,YYC-NW,IN_STORE,59,1969,98.48,1871,2024,4
2024-04-28,YYC-NW,ONLINE,10,339,16.96,322,2024,4
2024-04-28,YYC-SE,IN_STORE,65,1778,88.95,1689,2024,4
2024-04-28,YYC-SE,ONLINE,7,281,14.08,267,2024,4
2024-04-29,YYC-DT,IN_STORE,77,2277,113.88,2163,2024,4
2024-04-29,YYC-DT,ONLINE,13,435,21.77,413,2024,4
2024-04-29,YYC-NW,IN_STORE,67,1726,86.35,1640,2024,4
2024-04-29,YYC-NW,ONLINE,8,291,14.58,277,2024,4
2024-04-29,YYC-SE,IN_STORE,35,1536,76.83,1459,2024,4
2024-04-29,YYC-SE,ONLINE,10,246,12.3,233,2024,4
2024-04-30,YYC-DT,IN_STORE,74,2660,133.02,2527,2024,4
2024-04-30,YYC-DT,ONLINE,14,522,26.14,496,2024,4
2024-04-30,YYC-NW,IN_STORE,42,1743,87.18,1656,2024,4
2024-04-30,YYC-NW,ONLINE,8,289,14.46,274,2024,4
2024-04-30,YYC-SE,IN_STORE,42,1503,75.17,1428,2024,4
2024-04-30,YYC-SE,ONLINE,8,258,12.95,245,2024,4
2024-05-01,YYC-DT,IN_STORE,77,2594,129.73,2464,2024,5
2024-05-01,YYC-DT,ONLINE,12,438,21.91,416,2024,5
2024-05-01,YYC-NW,IN_STORE,46,1837,91.87,1745,2024,5
2024-05-01,YYC-NW,ONLINE,12,306,15.34,291,2024,5
2024-05-01,YYC-SE,IN_STORE,58,1517,75.88,1441,2024,5
2024-05-01,YYC-SE,ONLINE,7,265,13.26,251,2024,5
2024-05-02,YYC-DT,IN_STORE,68,2642,132.14,2510,2024,5
2024-05-02,YYC-DT,ONLINE,16,507,25.39,482,2024,5
2024-05-02,YYC-NW,IN_STORE,48,1811,90.59,1721,2024,5
2024-05-02,YYC-NW,ONLINE,9,359,17.98,341,2024,5
2024-05-02,YYC-SE,IN_STORE,56,1568,78.44,1490,2024,5
2024-05-02,YYC-SE,ONLINE,9,275,13.78,261,2024,5
2024-05-03,YYC-DT,IN_STORE,61,2292,114.63,2177,2024,5
2024-05-03,YYC-DT,ONLINE,18,485,24.29,461,2024,5
2024-05-03,YYC-NW,IN_STORE,56,1786,89.34,1697,2024,5
2024-05-03,YYC-NW,ONLINE,9,366,18.31,347,2024,5
2024-05-03,YYC-SE,IN_STORE,40,1438,71.92,1366,2024,5
2024-05-03,YYC-SE,ONLINE,9,292,14.63,277,2024,5
2024-05-04,YYC-DT,IN_STORE,72,2515,125.79,2389,2024,5
2024-05-04,YYC-DT,ONLINE,12,456,22.82,433,2024,5
2024-05-04,YYC-NW,IN_STORE,68,1745,87.28,1658,2024,5
2024-05-04,YYC-NW,ONLINE,11,382,19.11,363,2024,5
2024-05-04,YYC-SE,IN_STORE,37,1424,71.24,1353,2024,5
2024-05-04,YYC-SE,ONLINE,7,229,11.48,218,2024,5
2024-05-05,YYC-DT,IN_STORE,103,3020,151.04,2869,2024,5
2024-05-05,YYC-DT,ONLINE,20,534,26.72,507,2024,5
2024-05-05,YYC-NW,IN_STORE,58,2114,105.72,2008,2024,5
2024-05-05,YYC-NW,ONLINE,15,363,18.18,345,2024,5
2024-05-05,YYC-SE,IN_STORE,57,1765,88.26,1676,2024,5
2024-05-05,YYC-SE,ONLINE,10,333,16.67,316,2024,5
2024-05-06,YYC-DT,IN_STORE,61,2320,116.02,2204,2024,5
2024-05-06,YYC-DT,ONLINE,11,440,22.05,418,2024,5
2024-05-06,YYC-NW,IN_STORE,49,1758,87.92,1670,2024,5
2024-05-06,YYC-NW,ONLINE,9,348,17.42,331,2024,5
2024-05-06,YYC-SE,IN_STORE,35,1329,66.47,1262,2024,5
2024-05-06,YYC-SE,ONLINE,10,253,12.67,240,2024,5
2024-05-07,YYC-DT,IN_STORE,66,2448,122.42,2325,2024,5
2024-05-07,YYC-DT,ONLINE,14,443,22.19,421,2024,5
2024-05-07,YYC-NW,IN_STORE,44,1741,87.1,1654,2024,5
2024-05-07,YYC-NW,ONLINE,13,331,16.59,315,2024,5
2024-05-07,YYC-SE,IN_STORE,36,1545,77.3,1468,2024,5
2024-05-07,YYC-SE,ONLINE,6,254,12.71,241,2024,5
2024-05-08,YYC-DT,IN_STORE,78,2449,122.48,2327,2024,5
2024-05-08,YYC-DT,ONLINE,13,459,22.97,436,2024,5
2024-05-08,YYC-NW,IN_STORE,44,1773,88.7,1685,2024,5
2024-05-08,YYC-NW,ONLINE,10,355,17.76,337,2024,5
2024-05-08,YYC-SE,IN_STORE,47,1572,78.64,1494,2024,5
2024-05-08,YYC-SE,ONLINE,9,270,13.51,256,2024,5
2024-05-09,YYC-DT,IN_STORE,76,2667,133.35,2533,2024,5
2024-05-09,YYC-DT,ONLINE,15,490,24.55,466,2024,5
2024-05-09,YYC-NW,IN_STORE,54,1947,97.38,1850,2024,5
2024-05-09,YYC-NW,ONLINE,9,292,14.61,277,2024,5
2024-05-09,YYC-SE,IN_STORE,57,1656,82.85,1574,2024,5
2024-05-09,YYC-SE,ONLINE,11,263,13.15,249,2024,5
2024-05-10,YYC-DT,IN_STORE,66,2285,114.28,2171,2024,5
2024-05-10,YYC-DT,ONLINE,11,403,20.17,383,2024,5
2024-05-10,YYC-NW,IN_STORE,58,1568,78.43,1490,2024,5
2024-05-10,YYC-NW,ONLINE,8,283,14.17,269,2024,5
2024-05-10,YYC-SE,IN_STORE,33,1292,64.61,1227,2024,5
2024-05-10,YYC-SE,ONLINE,9,266,13.31,252,2024,5
2024-05-11,YYC-DT,IN_STORE,101,3210,160.55,3050,2024,5
2024-05-11,YYC-DT,ONLINE,16,624,31.23,593,2024,5
2024-05-11,YYC-NW,IN_STORE,54,2269,113.46,2155,2024,5
2024-05-11,YYC-NW,ONLINE,17,439,21.97,417,2024,5
2024-05-11,YYC-SE,IN_STORE,55,1967,98.38,1869,2024,5
2024-05-11,YYC-SE,ONLINE,11,400,20.0,380,2024,5
2024-05-12,YYC-DT,IN_STORE,73,3016,150.81,2865,2024,5
2024-05-12,YYC-DT,ONLINE,17,486,24.34,462,2024,5
2024-05-12,YYC-NW,IN_STORE,66,1970,98.55,1872,2024,5
2024-05-12,YYC-NW,ONLINE,11,430,21.53,409,2024,5
2024-05-12,YYC-SE,IN_STORE,50,1737,86.87,1650,2024,5
2024-05-12,YYC-SE,ONLINE,8,326,16.35,310,2024,5
2024-05-13,YYC-DT,IN_STORE,83,2515,125.79,2390,2024,5
2024-05-13,YYC-DT,ONLINE,13,490,24.5,465,2024,5
2024-05-13,YYC-NW,IN_STORE,49,1768,88.44,1680,2024,5
2024-05-13,YYC-NW,ONLINE,8,313,15.67,297,2024,5
2024-05-13,YYC-SE,IN_STORE,41,1470,73.51,1396,2024,5
2024-05-13,YYC-SE,ONLINE,9,290,14.51,275,2024,5
2024-05-14,YYC-DT,IN_STORE,78,2528,126.42,2402,2024,5
2024-05-14,YYC-DT,ONLINE,16,456,22.84,433,2024,5
2024-05-14,YYC-NW,IN_STORE,55,1752,87.64,1665,2024,5
2024-05-14,YYC-NW,ONLINE,8,328,16.42,312,2024,5
2024-05-14,YYC-SE,IN_STORE,54,1563,78.18,1485,2024,5
2024-05-14,YYC-SE,ONLINE,7,234,11.7,222,2024,5
2024-05-15,YYC-DT,IN_STORE,96,2585,129.28,2456,2024,5
2024-05-15,YYC-DT,ONLINE,11,411,20.57,390,2024,5
2024-05-15,YYC-NW,IN_STORE,52,1778,88.94,1689,2024,5
2024-05-15,YYC-NW,ONLINE,10,316,15.8,300,2024,5
2024-05-15,YYC-SE,IN_STORE,51,1498,74.91,1423,2024,5
2024-05-15,YYC-SE,ONLINE,8,268,13.41,254,2024,5
2024-05-16,YYC-DT,IN_STORE,74,2673,133.69,2540,2024,5
2024-05-16,YYC-DT,ONLINE,17,446,22.34,424,2024,5
2024-05-16,YYC-NW,IN_STORE,52,1847,92.37,1755,2024,5
2024-05-16,YYC-NW,ONLINE,11,307,15.38,292,2024,5
2024-05-16,YYC-SE,IN_STORE,40,1540,77.01,1463,2024,5
2024-05-16,YYC-SE,ONLINE,7,319,15.95,303,2024,5
2024-05-17,YYC-DT,IN_STORE,70,2563,128.19,2435,2024,5
2024-05-17,YYC-DT,ONLINE,16,514,25.71,488,2024,5
2024-05-17,YYC-NW,IN_STORE,64,1874,93.71,1780,2024,5
2024-05-17,YYC-NW,ONLINE,13,343,17.15,325,2024,5
2024-05-17,YYC-SE,IN_STORE,44,1525,76.28,1449,2024,5
2024-05-17,YYC-SE,ONLINE,7,264,13.2,250,2024,5
2024-05-18,YYC-DT,IN_STORE,80,2888,144.43,2744,2024,5
2024-05-18,YYC-DT,ONLINE,15,540,27.01,513,2024,5
2024-05-18,YYC-NW,IN_STORE,70,2015,100.76,1914,2024,5
2024-05-18,YYC-NW,ONLINE,10,414,20.71,393,2024,5
2024-05-18,YYC-SE,IN_STORE,51,1801,90.07,1711,2024,5
2024-05-18,YYC-SE,ONLINE,10,326,16.34,310,2024,5
2024-05-19,YYC-DT,IN_STORE,80,2878,143.9,2734,2024,5
2024-05-19,YYC-DT,ONLINE,16,518,25.91,492,2024,5
2024-05-19,YYC-NW,IN_STORE,54,1934,96.74,1838,2024,5
2024-05-19,YYC-NW,ONLINE,13,335,16.77,318,2024,5
2024-05-19,YYC-SE,IN_STORE,47,1598,79.91,1518,2024,5
2024-05-19,YYC-SE,ONLINE,11,280,14.02,266,2024,5
2024-05-20,YYC-DT,IN_STORE,68,2496,124.81,2371,2024,5
2024-05-20,YYC-DT,ONLINE,12,477,23.89,453,2024,5
2024-05-20,YYC-NW,IN_STORE,69,1779,88.95,1690,2024,5
2024-05-20,YYC-NW,ONLINE,12,318,15.92,302,2024,5
2024-05-20,YYC-SE,IN_STORE,45,1442,72.14,1370,2024,5
2024-05-20,YYC-SE,ONLINE,8,289,14.46,274,2024,5
2024-05-21,YYC-DT,IN_STORE,81,2433,121.7,2312,2024,5
2024-05-21,YYC-DT,ONLINE,13,440,22.01,418,2024,5
2024-05-21,YYC-NW,IN_STORE,46,1809,90.47,1718,2024,5
2024-05-21,YYC-NW,ONLINE,11,333,16.68,316,2024,5
2024-05-21,YYC-SE,IN_STORE,44,1508,75.43,1433,2024,5
2024-05-21,YYC-SE,ONLINE,9,256,12.81,243,2024,5
2024-05-22,YYC-DT,IN_STORE,59,2461,123.09,2338,2024,5
2024-05-22,YYC-DT,ONLINE,16,404,20.24,384,2024,5
2024-05-22,YYC-NW,IN_STORE,47,1781,89.08,1692,2024,5
2024-05-22,YYC-NW,ONLINE,8,319,15.98,303,2024,5
2024-05-22,YYC-SE,IN_STORE,38,1369,68.45,1300,2024,5
2024-05-22,YYC-SE,ONLINE,9,276,13.83,262,2024,5
2024-05-23,YYC-DT,IN_STORE,105,2642,132.11,2510,2024,5
2024-05-23,YYC-DT,ONLINE,18,496,24.84,472,2024,5
2024-05-23,YYC-NW,IN_STORE,76,1872,93.65,1779,2024,5
2024-05-23,YYC-NW,ONLINE,9,383,19.17,364,2024,5
2024-05-23,YYC-SE,IN_STORE,42,1651,82.59,1569,2024,5
2024-05-23,YYC-SE,ONLINE,9,310,15.54,295,2024,5
2024-05-24,YYC-DT,IN_STORE,64,2488,124.44,2364,2024,5
2024-05-24,YYC-DT,ONLINE,18,464,23.21,441,2024,5
2024-05-24,YYC-NW,IN_STORE,71,1825,91.25,1733,2024,5
2024-05-24,YYC-NW,ONLINE,9,291,14.59,277,2024,5
2024-05-24,YYC-SE,IN_STORE,65,1534,76.72,1457,2024,5
2024-05-24,YYC-SE,ONLINE,9,271,13.56,257,2024,5
2024-05-25,YYC-DT,IN_STORE,86,2280,114.05,2166,2024,5
2024-05-25,YYC-DT,ONLINE,12,440,22.05,418,2024,5
2024-05-25,YYC-NW,IN_STORE,60,1684,84.22,1600,2024,5
2024-05-25,YYC-NW,ONLINE,11,305,15.27,290,2024,5
2024-05-25,YYC-SE,IN_STORE,57,1389,69.48,1320,2024,5
2024-05-25,YYC-SE,ONLINE,6,249,12.49,237,2024,5
2024-05-26,YYC-DT,IN_STORE,83,2807,140.37,2667,2024,5
2024-05-26,YYC-DT,ONLINE,15,543,27.16,516,2024,5
2024-05-26,YYC-NW,IN_STORE,80,2034,101.73,1932,2024,5
2024-05-26,YYC-NW,ONLINE,9,352,17.64,335,2024,5
2024-05-26,YYC-SE,IN_STORE,56,1674,83.71,1590,2024,5
2024-05-26,YYC-SE,ONLINE,12,348,17.42,330,2024,5
2024-05-27,YYC-DT,IN_STORE,79,2525,126.26,2398,2024,5
2024-05-27,YYC-DT,ONLINE,12,500,25.02,475,2024,5
2024-05-27,YYC-NW,IN_STORE,44,1854,92.73,1761,2024,5
2024-05-27,YYC-NW,ONLINE,8,261,13.06,248,2024,5
2024-05-27,YYC-SE,IN_STORE,48,1608,80.41,1527,2024,5
2024-05-27,YYC-SE,ONLINE,8,301,15.08,286,2024,5
2024-05-28,YYC-DT,IN_STORE,66,2537,126.87,2410,2024,5
2024-05-28,YYC-DT,ONLINE,14,452,22.63,429,2024,5
2024-05-28,YYC-NW,IN_STORE,52,1803,90.16,1713,2024,5
2024-05-28,YYC-NW,ONLINE,9,308,15.43,293,2024,5
2024-05-28,YYC-SE,IN_STORE,62,1546,77.31,1468,2024,5
2024-05-28,YYC-SE,ONLINE,10,301,15.07,286,2024,5
2024-05-29,YYC-DT,IN_STORE,96,2477,123.88,2353,2024,5
2024-05-29,YYC-DT,ONLINE,16,466,23.33,443,2024,5
2024-05-29,YYC-NW,IN_STORE,55,1769,88.47,1680,2024,5
2024-05-29,YYC-NW,ONLINE,12,320,16.0,304,2024,5
2024-05-29,YYC-SE,IN_STORE,39,1576,78.82,1497,2024,5
2024-05-29,YYC-SE,ONLINE,6,265,13.27,252,2024,5
2024-05-30,YYC-DT,IN_STORE,76,2723,136.17,2587,2024,5
2024-05-30,YYC-DT,ONLINE,18,454,22.72,431,2024,5
2024-05-30,YYC-NW,IN_STORE,61,1823,91.19,1732,2024,5
2024-05-30,YYC-NW,ONLINE,12,335,16.79,318,2024,5
2024-05-30,YYC-SE,IN_STORE,55,1710,85.53,1625,2024,5
2024-05-30,YYC-SE,ONLINE,10,323,16.19,307,2024,5
2024-05-31,YYC-DT,IN_STORE,83,2670,133.52,2536,2024,5
2024-05-31,YYC-DT,ONLINE,12,410,20.53,390,2024,5
2024-05-31,YYC-NW,IN_STORE,65,1911,95.59,1816,2024,5
2024-05-31,YYC-NW,ONLINE,11,342,17.12,325,2024,5
2024-05-31,YYC-SE,IN_STORE,41,1593,79.66,1513,2024,5
2024-05-31,YYC-SE,ONLINE,7,271,13.56,257,2024,5
2024-06-01,YYC-DT,IN_STORE,67,2695,134.77,2560,2024,6
2024-06-01,YYC-DT,ONLINE,15,476,23.83,452,2024,6
2024-06-01,YYC-NW,IN_STORE,68,1970,98.52,1871,2024,6
2024-06-01,YYC-NW,ONLINE,12,371,18.58,352,2024,6
2024-06-01,YYC-SE,IN_STORE,39,1597,79.88,1517,2024,6
2024-06-01,YYC-SE,ONLINE,12,304,15.25,289,2024,6
2024-06-02,YYC-DT,IN_STORE,105,3026,151.3,2874,2024,6
2024-06-02,YYC-DT,ONLINE,20,533,26.67,506,2024,6
2024-06-02,YYC-NW,IN_STORE,55,2074,103.73,1970,2024,6
2024-06-02,YYC-NW,ONLINE,10,342,17.12,325,2024,6
2024-06-02,YYC-SE,IN_STORE,55,1765,88.3,1677,2024,6
2024-06-02,YYC-SE,ONLINE,11,328,16.41,311,2024,6
2024-06-03,YYC-DT,IN_STORE,76,2454,122.7,2331,2024,6
2024-06-03,YYC-DT,ONLINE,17,519,25.97,493,2024,6
2024-06-03,YYC-NW,IN_STORE,63,1698,84.93,1613,2024,6
2024-06-03,YYC-NW,ONLINE,12,311,15.56,295,2024,6
2024-06-03,YYC-SE,IN_STORE,42,1488,74.42,1414,2024,6
2024-06-03,YYC-SE,ONLINE,10,289,14.47,274,2024,6
2024-06-04,YYC-DT,IN_STORE,86,2384,119.23,2265,2024,6
2024-06-04,YYC-DT,ONLINE,11,420,21.03,399,2024,6
2024-06-04,YYC-NW,IN_STORE,43,1623,81.15,1541,2024,6
2024-06-04,YYC-NW,ONLINE,12,294,14.72,279,2024,6
2024-06-04,YYC-SE,IN_STORE,43,1527,76.4,1451,2024,6
2024-06-04,YYC-SE,ONLINE,11,299,14.96,284,2024,6
2024-06-05,YYC-DT,IN_STORE,63,2570,128.53,2442,2024,6
2024-06-05,YYC-DT,ONLINE,12,403,20.17,383,2024,6
2024-06-05,YYC-NW,IN_STORE,60,1795,89.77,1705,2024,6
2024-06-05,YYC-NW,ONLINE,9,331,16.58,315,2024,6
2024-06-05,YYC-SE,IN_STORE,42,1449,72.5,1377,2024,6
2024-06-05,YYC-SE,ONLINE,12,296,14.83,281,2024,6
2024-06-06,YYC-DT,IN_STORE,64,2656,132.83,2523,2024,6
2024-06-06,YYC-DT,ONLINE,12,440,22.01,418,2024,6
2024-06-06,YYC-NW,IN_STORE,62,1854,92.73,1761,2024,6
2024-06-06,YYC-NW,ONLINE,9,408,20.4,387,2024,6
2024-06-06,YYC-SE,IN_STORE,60,1618,80.91,1537,2024,6
2024-06-06,YYC-SE,ONLINE,11,308,15.4,292,2024,6
2024-06-07,YYC-DT,IN_STORE,90,2678,133.94,2544,2024,6
2024-06-07,YYC-DT,ONLINE,16,524,26.21,498,2024,6
2024-06-07,YYC-NW,IN_STORE,48,1898,94.92,1803,2024,6
2024-06-07,YYC-NW,ONLINE,9,328,16.4,311,2024,6
2024-06-07,YYC-SE,IN_STORE,51,1639,81.97,1557,2024,6
2024-06-07,YYC-SE,ONLINE,7,316,15.8,300,2024,6
2024-06-08,YYC-DT,IN_STORE,75,2807,140.36,2666,2024,6
2024-06-08,YYC-DT,ONLINE,17,545,27.27,518,2024,6
2024-06-08,YYC-NW,IN_STORE,52,1988,99.41,1888,2024,6
2024-06-08,YYC-NW,ONLINE,11,412,20.64,392,2024,6
2024-06-08,YYC-SE,IN_STORE,60,1723,86.16,1636,2024,6
2024-06-08,YYC-SE,ONLINE,13,330,16.53,314,2024,6
2024-06-09,YYC-DT,IN_STORE,78,2789,139.46,2649,2024,6
2024-06-09,YYC-DT,ONLINE,20,534,26.72,507,2024,6
2024-06-09,YYC-NW,IN_STORE,72,2111,105.59,2006,2024,6
2024-06-09,YYC-NW,ONLINE,14,397,19.87,377,2024,6
2024-06-09,YYC-SE,IN_STORE,43,1752,87.64,1665,2024,6
2024-06-09,YYC-SE,ONLINE,9,335,16.78,318,2024,6
2024-06-10,YYC-DT,IN_STORE,67,2662,133.14,2529,2024,6
2024-06-10,YYC-DT,ONLINE,14,493,24.69,469,2024,6
2024-06-10,YYC-NW,IN_STORE,77,1927,96.36,1830,2024,6
2024-06-10,YYC-NW,ONLINE,12,380,19.04,361,2024,6
2024-06-10,YYC-SE,IN_STORE,53,1653,82.67,1570,2024,6
2024-06-10,YYC-SE,ONLINE,9,319,15.97,303,2024,6
2024-06-11,YYC-DT,IN_STORE,73,2472,123.6,2348,2024,6
2024-06-11,YYC-DT,ONLINE,19,489,24.48,465,2024,6
2024-06-11,YYC-NW,IN_STORE,57,1731,86.59,1645,2024,6
2024-06-11,YYC-NW,ONLINE,9,320,16.04,304,2024,6
2024-06-11,YYC-SE,IN_STORE,36,1572,78.62,1493,2024,6
2024-06-11,YYC-SE,ONLINE,7,240,12.05,228,2024,6
2024-06-12,YYC-DT,IN_STORE,107,2635,131.78,2503,2024,6
2024-06-12,YYC-DT,ONLINE,20,491,24.57,466,2024,6
2024-06-12,YYC-NW,IN_STORE,60,2065,103.26,1961,2024,6
2024-06-12,YYC-NW,ONLINE,11,374,18.7,355,2024,6
2024-06-12,YYC-SE,IN_STORE,51,1612,80.61,1531,2024,6
2024-06-12,YYC-SE,ONLINE,10,277,13.89,263,2024,6
2024-06-13,YYC-DT,IN_STORE,74,2741,137.08,2604,2024,6
2024-06-13,YYC-DT,ONLINE,17,496,24.84,471,2024,6
2024-06-13,YYC-NW,IN_STORE,75,1842,92.14,1750,2024,6
2024-06-13,YYC-NW,ONLINE,8,371,18.56,352,2024,6
2024-06-13,YYC-SE,IN_STORE,51,1670,83.52,1586,2024,6
2024-06-13,YYC-SE,ONLINE,10,285,14.29,271,2024,6
2024-06-14,YYC-DT,IN_STORE,110,2645,132.3,2513,2024,6
2024-06-14,YYC-DT,ONLINE,18,480,24.02,456,2024,6
2024-06-14,YYC-NW,IN_STORE,49,1910,95.54,1815,2024,6
2024-06-14,YYC-NW,ONLINE,9,302,15.12,287,2024,6
2024-06-14,YYC-SE,IN_STORE,46,1590,79.5,1510,2024,6
2024-06-14,YYC-SE,ONLINE,8,291,14.57,276,2024,6
2024-06-15,YYC-DT,IN_STORE,118,2962,148.12,2814,2024,6
2024-06-15,YYC-DT,ONLINE,17,592,29.62,562,2024,6
2024-06-15,YYC-NW,IN_STORE,87,2190,109.52,2080,2024,6
2024-06-15,YYC-NW,ONLINE,10,406,20.3,385,2024,6
2024-06-15,YYC-SE,IN_STORE,72,1768,88.43,1680,2024,6
2024-06-15,YYC-SE,ONLINE,9,312,15.62,296,2024,6
2024-06-16,YYC-DT,IN_STORE,78,2868,143.43,2725,2024,6
2024-06-16,YYC-DT,ONLINE,17,604,30.21,574,2024,6
2024-06-16,YYC-NW,IN_STORE,55,2040,102.04,1938,2024,6
2024-06-16,YYC-NW,ONLINE,14,394,19.74,375,2024,6
2024-06-16,YYC-SE,IN_STORE,66,1803,90.2,1713,2024,6
2024-06-16,YYC-SE,ONLINE,8,280,14.02,266,2024,6
2024-06-17,YYC-DT,IN_STORE,67,2707,135.35,2571,2024,6
2024-06-17,YYC-DT,ONLINE,13,436,21.85,415,2024,6
2024-06-17,YYC-NW,IN_STORE,62,1800,90.03,1710,2024,6
2024-06-17,YYC-NW,ONLINE,11,395,19.79,376,2024,6
2024-06-17,YYC-SE,IN_STORE,45,1528,76.42,1451,2024,6
2024-06-17,YYC-SE,ONLINE,10,256,12.82,243,2024,6
2024-06-18,YYC-DT,IN_STORE,77,2593,129.69,2464,2024,6
2024-06-18,YYC-DT,ONLINE,14,473,23.65,449,2024,6
2024-06-18,YYC-NW,IN_STORE,55,2050,102.52,1947,2024,6
2024-06-18,YYC-NW,ONLINE,12,337,16.88,320,2024,6
2024-06-18,YYC-SE,IN_STORE,63,1615,80.75,1534,2024,6
2024-06-18,YYC-SE,ONLINE,9,288,14.43,274,2024,6
2024-06-19,YYC-DT,IN_STORE,86,2672,133.65,2539,2024,6
2024-06-19,YYC-DT,ONLINE,17,456,22.82,433,2024,6
2024-06-19,YYC-NW,IN_STORE,53,1915,95.79,1819,2024,6
2024-06-19,YYC-NW,ONLINE,9,277,13.86,263,2024,6
2024-06-19,YYC-SE,IN_STORE,42,1517,75.89,1441,2024,6
2024-06-19,YYC-SE,ONLINE,7,351,17.55,333,2024,6
2024-06-20,YYC-DT,IN_STORE,74,2454,122.74,2332,2024,6
2024-06-20,YYC-DT,ONLINE,13,444,22.2,421,2024,6
2024-06-20,YYC-NW,IN_STORE,70,1749,87.45,1661,2024,6
2024-06-20,YYC-NW,ONLINE,11,319,15.99,303,2024,6
2024-06-20,YYC-SE,IN_STORE,55,1414,70.72,1343,2024,6
2024-06-20,YYC-SE,ONLINE,7,258,12.93,245,2024,6
2024-06-21,YYC-DT,IN_STORE,92,2564,128.24,2436,2024,6
2024-06-21,YYC-DT,ONLINE,15,467,23.39,444,2024,6
2024-06-21,YYC-NW,IN_STORE,59,1748,87.4,1660,2024,6
2024-06-21,YYC-NW,ONLINE,13,303,15.16,288,2024,6
2024-06-21,YYC-SE,IN_STORE,38,1529,76.46,1452,2024,6
2024-06-21,YYC-SE,ONLINE,7,245,12.29,233,2024,6
2024-06-22,YYC-DT,IN_STORE,72,2798,139.95,2659,2024,6
2024-06-22,YYC-DT,ONLINE,16,475,23.79,451,2024,6
2024-06-22,YYC-NW,IN_STORE,49,1951,97.59,1854,2024,6
2024-06-22,YYC-NW,ONLINE,11,360,18.05,342,2024,6
2024-06-22,YYC-SE,IN_STORE,51,1729,86.47,1642,2024,6
2024-06-22,YYC-SE,ONLINE,8,304,15.24,289,2024,6
2024-06-23,YYC-DT,IN_STORE,70,2747,137.35,2609,2024,6
2024-06-23,YYC-DT,ONLINE,13,486,24.34,462,2024,6
2024-06-23,YYC-NW,IN_STORE,71,1975,98.78,1876,2024,6
2024-06-23,YYC-NW,ONLINE,13,365,18.26,346,2024,6
2024-06-23,YYC-SE,IN_STORE,56,1644,82.24,1562,2024,6
2024-06-23,YYC-SE,ONLINE,9,341,17.05,324,2024,6
2024-06-24,YYC-DT,IN_STORE,93,2531,126.59,2405,2024,6
2024-06-24,YYC-DT,ONLINE,16,456,22.84,433,2024,6
2024-06-24,YYC-NW,IN_STORE,60,1818,90.91,1727,2024,6
2024-06-24,YYC-NW,ONLINE,10,310,15.51,294,2024,6
2024-06-24,YYC-SE,IN_STORE,49,1524,76.24,1448,2024,6
2024-06-24,YYC-SE,ONLINE,10,283,14.17,269,2024,6
2024-06-25,YYC-DT,IN_STORE,61,2506,125.34,2381,2024,6
2024-06-25,YYC-DT,ONLINE,19,474,23.74,450,2024,6
2024-06-25,YYC-NW,IN_STORE,57,1746,87.3,1658,2024,6
2024-06-25,YYC-NW,ONLINE,12,358,17.91,340,2024,6
2024-06-25,YYC-SE,IN_STORE,45,1543,77.2,1466,2024,6
2024-06-25,YYC-SE,ONLINE,11,279,13.97,265,2024,6
2024-06-26,YYC-DT,IN_STORE,79,2714,135.73,2578,2024,6
2024-06-26,YYC-DT,ONLINE,11,383,19.16,364,2024,6
2024-06-26,YYC-NW,IN_STORE,46,1866,93.32,1773,2024,6
2024-06-26,YYC-NW,ONLINE,9,313,15.68,297,2024,6
2024-06-26,YYC-SE,IN_STORE,59,1470,73.53,1397,2024,6
2024-06-26,YYC-SE,ONLINE,8,215,10.79,205,2024,6
2024-06-27,YYC-DT,IN_STORE,57,2339,116.96,2222,2024,6
2024-06-27,YYC-DT,ONLINE,11,433,21.68,411,2024,6
2024-06-27,YYC-NW,IN_STORE,54,1584,79.21,1504,2024,6
2024-06-27,YYC-NW,ONLINE,9,235,11.77,223,2024,6
2024-06-27,YYC-SE,IN_STORE,45,1374,68.73,1305,2024,6
2024-06-27,YYC-SE,ONLINE,10,237,11.86,225,2024,6
2024-06-28,YYC-DT,IN_STORE,63,2700,135.0,2565,2024,6
2024-06-28,YYC-DT,ONLINE,12,403,20.15,382,2024,6
2024-06-28,YYC-NW,IN_STORE,51,1841,92.06,1749,2024,6
2024-06-28,YYC-NW,ONLINE,11,338,16.94,321,2024,6
2024-06-28,YYC-SE,IN_STORE,39,1526,76.34,1450,2024,6
2024-06-28,YYC-SE,ONLINE,7,288,14.44,274,2024,6
2024-06-29,YYC-DT,IN_STORE,107,2887,144.36,2742,2024,6
2024-06-29,YYC-DT,ONLINE,17,577,28.9,549,2024,6
2024-06-29,YYC-NW,IN_STORE,58,2031,101.6,1930,2024,6
2024-06-29,YYC-NW,ONLINE,9,336,16.83,319,2024,6
2024-06-29,YYC-SE,IN_STORE,47,1900,95.03,1805,2024,6
2024-06-29,YYC-SE,ONLINE,11,302,15.14,287,2024,6
2024-06-30,YYC-DT,IN_STORE,113,2704,135.23,2569,2024,6
2024-06-30,YYC-DT,ONLINE,16,475,23.77,451,2024,6
2024-06-30,YYC-NW,IN_STORE,50,1842,92.11,1750,2024,6
2024-06-30,YYC-NW,ONLINE,9,395,19.76,375,2024,6
2024-06-30,YYC-SE,IN_STORE,63,1761,88.05,1672,2024,6
2024-06-30,YYC-SE,ONLINE,8,268,13.4,254,2024,6
2024-07-01,YYC-DT,IN_STORE,93,2622,131.11,2491,2024,7
2024-07-01,YYC-DT,ONLINE,12,443,22.18,421,2024,7
2024-07-01,YYC-NW,IN_STORE,48,1851,92.56,1758,2024,7
2024-07-01,YYC-NW,ONLINE,14,338,16.91,321,2024,7
2024-07-01,YYC-SE,IN_STORE,58,1547,77.35,1469,2024,7
2024-07-01,YYC-SE,ONLINE,9,302,15.13,287,2024,7
2024-07-02,YYC-DT,IN_STORE,95,2790,139.54,2651,2024,7
2024-07-02,YYC-DT,ONLINE,17,510,25.5,484,2024,7
2024-07-02,YYC-NW,IN_STORE,66,1903,95.19,1808,2024,7
2024-07-02,YYC-NW,ONLINE,10,290,14.54,276,2024,7
2024-07-02,YYC-SE,IN_STORE,43,1523,76.17,1447,2024,7
2024-07-02,YYC-SE,ONLINE,11,303,15.16,288,2024,7
2024-07-03,YYC-DT,IN_STORE,57,2419,120.96,2298,2024,7
2024-07-03,YYC-DT,ONLINE,12,424,21.22,403,2024,7
2024-07-03,YYC-NW,IN_STORE,57,1707,85.35,1621,2024,7
2024-07-03,YYC-NW,ONLINE,8,304,15.24,289,2024,7
2024-07-03,YYC-SE,IN_STORE,53,1434,71.71,1362,2024,7
2024-07-03,YYC-SE,ONLINE,10,291,14.58,277,2024,7
2024-07-04,YYC-DT,IN_STORE,80,2393,119.7,2274,2024,7
2024-07-04,YYC-DT,ONLINE,13,458,22.92,435,2024,7
2024-07-04,YYC-NW,IN_STORE,63,1726,86.32,1640,2024,7
2024-07-04,YYC-NW,ONLINE,9,317,15.86,301,2024,7
2024-07-04,YYC-SE,IN_STORE,38,1368,68.43,1300,2024,7
2024-07-04,YYC-SE,ONLINE,11,286,14.32,272,2024,7
2024-07-05,YYC-DT,IN_STORE,80,2482,124.11,2358,2024,7
2024-07-05,YYC-DT,ONLINE,16,417,20.85,396,2024,7
2024-07-05,YYC-NW,IN_STORE,42,1718,85.93,1632,2024,7
2024-07-05,YYC-NW,ONLINE,10,323,16.17,307,2024,7
2024-07-05,YYC-SE,IN_STORE,55,1408,70.45,1338,2024,7
2024-07-05,YYC-SE,ONLINE,11,258,12.94,245,2024,7
2024-07-06,YYC-DT,IN_STORE,104,2529,126.46,2402,2024,7
2024-07-06,YYC-DT,ONLINE,12,498,24.94,473,2024,7
2024-07-06,YYC-NW,IN_STORE,78,1924,96.22,1828,2024,7
2024-07-06,YYC-NW,ONLINE,9,361,18.1,343,2024,7
2024-07-06,YYC-SE,IN_STORE,63,1520,76.01,1444,2024,7
2024-07-06,YYC-SE,ONLINE,7,315,15.76,299,2024,7
2024-07-07,YYC-DT,IN_STORE,80,2929,146.5,2783,2024,7
2024-07-07,YYC-DT,ONLINE,15,568,28.41,539,2024,7
2024-07-07,YYC-NW,IN_STORE,61,2143,107.17,2036,2024,7
2024-07-07,YYC-NW,ONLINE,13,342,17.12,325,2024,7
2024-07-07,YYC-SE,IN_STORE,61,1716,85.82,1630,2024,7
2024-07-07,YYC-SE,ONLINE,8,364,18.21,345,2024,7
2024-07-08,YYC-DT,IN_STORE,69,2461,123.07,2338,2024,7
2024-07-08,YYC-DT,ONLINE,11,451,22.56,428,2024,7
2024-07-08,YYC-NW,IN_STORE,48,1778,88.9,1689,2024,7
2024-07-08,YYC-NW,ONLINE,12,372,18.61,353,2024,7
2024-07-08,YYC-SE,IN_STORE,38,1549,77.49,1472,2024,7
2024-07-08,YYC-SE,ONLINE,10,259,12.98,246,2024,7
2024-07-09,YYC-DT,IN_STORE,79,2509,125.45,2383,2024,7
2024-07-09,YYC-DT,ONLINE,11,449,22.47,426,2024,7
2024-07-09,YYC-NW,IN_STORE,42,1755,87.79,1668,2024,7
2024-07-09,YYC-NW,ONLINE,9,301,15.08,286,2024,7
2024-07-09,YYC-SE,IN_STORE,61,1485,74.3,1411,2024,7
2024-07-09,YYC-SE,ONLINE,7,280,14.03,266,2024,7
2024-07-10,YYC-DT,IN_STORE,72,2182,109.13,2073,2024,7
2024-07-10,YYC-DT,ONLINE,15,356,17.84,338,2024,7
2024-07-10,YYC-NW,IN_STORE,63,1583,79.19,1504,2024,7
2024-07-10,YYC-NW,ONLINE,9,309,15.5,294,2024,7
2024-07-10,YYC-SE,IN_STORE,39,1286,64.34,1222,2024,7
2024-07-10,YYC-SE,ONLINE,10,259,12.96,246,2024,7
2024-07-11,YYC-DT,IN_STORE,69,2789,139.47,2649,2024,7
2024-07-11,YYC-DT,ONLINE,14,506,25.3,480,2024,7
2024-07-11,YYC-NW,IN_STORE,49,1830,91.54,1739,2024,7
2024-07-11,YYC-NW,ONLINE,9,362,18.14,344,2024,7
2024-07-11,YYC-SE,IN_STORE,46,1628,81.4,1546,2024,7
2024-07-11,YYC-SE,ONLINE,10,300,15.02,285,2024,7
2024-07-12,YYC-DT,IN_STORE,57,2302,115.14,2187,2024,7
2024-07-12,YYC-DT,ONLINE,15,438,21.93,416,2024,7
2024-07-12,YYC-NW,IN_STORE,55,1686,84.32,1602,2024,7
2024-07-12,YYC-NW,ONLINE,12,322,16.15,306,2024,7
2024-07-12,YYC-SE,IN_STORE,52,1370,68.54,1302,2024,7
2024-07-12,YYC-SE,ONLINE,9,295,14.8,281,2024,7
2024-07-13,YYC-DT,IN_STORE,87,2736,136.83,2599,2024,7
2024-07-13,YYC-DT,ONLINE,20,535,26.77,508,2024,7
2024-07-13,YYC-NW,IN_STORE,71,2056,102.83,1953,2024,7
2024-07-13,YYC-NW,ONLINE,12,326,16.33,310,2024,7
2024-07-13,YYC-SE,IN_STORE,42,1773,88.69,1685,2024,7
2024-07-13,YYC-SE,ONLINE,8,327,16.35,310,2024,7
2024-07-14,YYC-DT,IN_STORE,73,2810,140.54,2670,2024,7
2024-07-14,YYC-DT,ONLINE,16,479,23.99,455,2024,7
2024-07-14,YYC-NW,IN_STORE,81,2008,100.43,1908,2024,7
2024-07-14,YYC-NW,ONLINE,13,406,20.33,386,2024,7
2024-07-14,YYC-SE,IN_STORE,61,1728,86.42,1642,2024,7
2024-07-14,YYC-SE,ONLINE,11,268,13.4,254,2024,7
2024-07-15,YYC-DT,IN_STORE,83,2677,133.86,2543,2024,7
2024-07-15,YYC-DT,ONLINE,16,517,25.86,491,2024,7
2024-07-15,YYC-NW,IN_STORE,53,1828,91.41,1736,2024,7
2024-07-15,YYC-NW,ONLINE,9,421,21.08,400,2024,7
2024-07-15,YYC-SE,IN_STORE,41,1604,80.21,1524,2024,7
2024-07-15,YYC-SE,ONLINE,7,285,14.26,270,2024,7
2024-07-16,YYC-DT,IN_STORE,84,2338,116.92,2221,2024,7
2024-07-16,YYC-DT,ONLINE,10,383,19.19,364,2024,7
2024-07-16,YYC-NW,IN_STORE,43,1690,84.52,1605,2024,7
2024-07-16,YYC-NW,ONLINE,8,337,16.88,320,2024,7
2024-07-16,YYC-SE,IN_STORE,57,1448,72.4,1375,2024,7
2024-07-16,YYC-SE,ONLINE,10,271,13.56,257,2024,7
2024-07-17,YYC-DT,IN_STORE,55,1977,98.9,1879,2024,7
2024-07-17,YYC-DT,ONLINE,10,399,19.96,379,2024,7
2024-07-17,YYC-NW,IN_STORE,38,1493,74.68,1418,2024,7
2024-07-17,YYC-NW,ONLINE,7,321,16.1,305,2024,7
2024-07-17,YYC-SE,IN_STORE,33,1319,66.0,1253,2024,7
2024-07-17,YYC-SE,ONLINE,6,233,11.66,221,2024,7
2024-07-18,YYC-DT,IN_STORE,76,2490,124.53,2366,2024,7
2024-07-18,YYC-DT,ONLINE,14,434,21.72,412,2024,7
2024-07-18,YYC-NW,IN_STORE,57,1846,92.31,1753,2024,7
2024-07-18,YYC-NW,ONLINE,14,354,17.71,336,2024,7
2024-07-18,YYC-SE,IN_STORE,47,1547,77.36,1469,2024,7
2024-07-18,YYC-SE,ONLINE,8,326,16.35,310,2024,7
2024-07-19,YYC-DT,IN_STORE,106,2749,137.49,2612,2024,7
2024-07-19,YYC-DT,ONLINE,21,513,25.68,487,2024,7
2024-07-19,YYC-NW,IN_STORE,73,1997,99.85,1897,2024,7
2024-07-19,YYC-NW,ONLINE,11,312,15.64,297,2024,7
2024-07-19,YYC-SE,IN_STORE,49,1673,83.67,1589,2024,7
2024-07-19,YYC-SE,ONLINE,10,309,15.47,293,2024,7
2024-07-20,YYC-DT,IN_STORE,111,2957,147.87,2809,2024,7
2024-07-20,YYC-DT,ONLINE,13,575,28.77,546,2024,7
2024-07-20,YYC-NW,IN_STORE,58,1982,99.13,1883,2024,7
2024-07-20,YYC-NW,ONLINE,15,409,20.45,388,2024,7
2024-07-20,YYC-SE,IN_STORE,43,1760,88.02,1672,2024,7
2024-07-20,YYC-SE,ONLINE,13,328,16.44,312,2024,7
2024-07-21,YYC-DT,IN_STORE,84,2779,138.95,2640,2024,7
2024-07-21,YYC-DT,ONLINE,13,467,23.39,444,2024,7
2024-07-21,YYC-NW,IN_STORE,48,1860,93.02,1767,2024,7
2024-07-21,YYC-NW,ONLINE,12,351,17.57,333,2024,7
2024-07-21,YYC-SE,IN_STORE,44,1609,80.48,1529,2024,7
2024-07-21,YYC-SE,ONLINE,10,302,15.15,287,2024,7
2024-07-22,YYC-DT,IN_STORE,67,2508,125.42,2382,2024,7
2024-07-22,YYC-DT,ONLINE,14,452,22.62,429,2024,7
2024-07-22,YYC-NW,IN_STORE,71,1793,89.68,1704,2024,7
2024-07-22,YYC-NW,ONLINE,11,330,16.51,313,2024,7
2024-07-22,YYC-SE,IN_STORE,59,1465,73.29,1392,2024,7
2024-07-22,YYC-SE,ONLINE,11,264,13.22,251,2024,7
2024-07-23,YYC-DT,IN_STORE,85,2595,129.79,2466,2024,7
2024-07-23,YYC-DT,ONLINE,12,450,22.51,427,2024,7
2024-07-23,YYC-NW,IN_STORE,62,1815,90.8,1725,2024,7
2024-07-23,YYC-NW,ONLINE,9,370,18.54,352,2024,7
2024-07-23,YYC-SE,IN_STORE,44,1556,77.82,1478,2024,7
2024-07-23,YYC-SE,ONLINE,7,279,13.96,265,2024,7
2024-07-24,YYC-DT,IN_STORE,61,2355,117.77,2237,2024,7
2024-07-24,YYC-DT,ONLINE,19,415,20.79,394,2024,7
2024-07-24,YYC-NW,IN_STORE,65,1782,89.11,1693,2024,7
2024-07-24,YYC-NW,ONLINE,8,366,18.32,348,2024,7
2024-07-24,YYC-SE,IN_STORE,40,1437,71.9,1366,2024,7
2024-07-24,YYC-SE,ONLINE,9,263,13.17,250,2024,7
2024-07-25,YYC-DT,IN_STORE,62,2596,129.82,2466,2024,7
2024-07-25,YYC-DT,ONLINE,17,459,23.0,436,2024,7
2024-07-25,YYC-NW,IN_STORE,55,1918,95.91,1822,2024,7
2024-07-25,YYC-NW,ONLINE,11,354,17.71,336,2024,7
2024-07-25,YYC-SE,IN_STORE,62,1548,77.4,1470,2024,7
2024-07-25,YYC-SE,ONLINE,11,303,15.18,288,2024,7
2024-07-26,YYC-DT,IN_STORE,74,2520,126.03,2394,2024,7
2024-07-26,YYC-DT,ONLINE,15,515,25.75,489,2024,7
2024-07-26,YYC-NW,IN_STORE,46,1752,87.6,1664,2024,7
2024-07-26,YYC-NW,ONLINE,14,355,17.76,337,2024,7
2024-07-26,YYC-SE,IN_STORE,54,1530,76.51,1453,2024,7
2024-07-26,YYC-SE,ONLINE,8,266,13.35,253,2024,7
2024-07-27,YYC-DT,IN_STORE,87,2816,140.82,2675,2024,7
2024-07-27,YYC-DT,ONLINE,15,553,27.65,525,2024,7
2024-07-27,YYC-NW,IN_STORE,75,2092,104.63,1987,2024,7
2024-07-27,YYC-NW,ONLINE,13,399,20.0,379,2024,7
2024-07-27,YYC-SE,IN_STORE,51,1826,91.34,1735,2024,7
2024-07-27,YYC-SE,ONLINE,11,327,16.39,311,2024,7
2024-07-28,YYC-DT,IN_STORE,107,3082,154.12,2928,2024,7
2024-07-28,YYC-DT,ONLINE,14,567,28.38,539,2024,7
2024-07-28,YYC-NW,IN_STORE,67,2326,116.31,2209,2024,7
2024-07-28,YYC-NW,ONLINE,14,378,18.94,359,2024,7
2024-07-28,YYC-SE,IN_STORE,60,1931,96.56,1834,2024,7
2024-07-28,YYC-SE,ONLINE,12,369,18.47,350,2024,7
2024-07-29,YYC-DT,IN_STORE,74,2600,130.05,2470,2024,7
2024-07-29,YYC-DT,ONLINE,17,446,22.32,424,2024,7
2024-07-29,YYC-NW,IN_STORE,48,1808,90.4,1717,2024,7
2024-07-29,YYC-NW,ONLINE,12,363,18.18,345,2024,7
2024-07-29,YYC-SE,IN_STORE,45,1533,76.68,1456,2024,7
2024-07-29,YYC-SE,ONLINE,10,299,14.96,284,2024,7
2024-07-30,YYC-DT,IN_STORE,71,2553,127.69,2426,2024,7
2024-07-30,YYC-DT,ONLINE,13,410,20.54,390,2024,7
2024-07-30,YYC-NW,IN_STORE,72,1664,83.24,1581,2024,7
2024-07-30,YYC-NW,ONLINE,11,334,16.74,318,2024,7
2024-07-30,YYC-SE,IN_STORE,57,1496,74.8,1421,2024,7
2024-07-30,YYC-SE,ONLINE,10,316,15.82,300,2024,7
2024-07-31,YYC-DT,IN_STORE,60,2437,121.89,2315,2024,7
2024-07-31,YYC-DT,ONLINE,12,516,25.81,490,2024,7
2024-07-31,YYC-NW,IN_STORE,55,1843,92.16,1751,2024,7
2024-07-31,YYC-NW,ONLINE,8,285,14.3,271,2024,7
2024-07-31,YYC-SE,IN_STORE,46,1448,72.44,1376,2024,7
2024-07-31,YYC-SE,ONLINE,10,253,12.66,240,2024,7
2024-08-01,YYC-DT,IN_STORE,59,2360,118.02,2242,2024,8
2024-08-01,YYC-DT,ONLINE,17,419,20.97,398,2024,8
2024-08-01,YYC-NW,IN_STORE,52,1568,78.44,1490,2024,8
2024-08-01,YYC-NW,ONLINE,9,276,13.81,262,2024,8
2024-08-01,YYC-SE,IN_STORE,33,1368,68.43,1300,2024,8
2024-08-01,YYC-SE,ONLINE,9,217,10.87,206,2024,8
2024-08-02,YYC-DT,IN_STORE,95,2355,117.79,2238,2024,8
2024-08-02,YYC-DT,ONLINE,14,452,22.62,429,2024,8
2024-08-02,YYC-NW,IN_STORE,59,1681,84.09,1597,2024,8
2024-08-02,YYC-NW,ONLINE,11,283,14.15,268,2024,8
2024-08-02,YYC-SE,IN_STORE,49,1432,71.61,1360,2024,8
2024-08-02,YYC-SE,ONLINE,6,221,11.09,210,2024,8
2024-08-03,YYC-DT,IN_STORE,70,2645,132.29,2513,2024,8
2024-08-03,YYC-DT,ONLINE,21,482,24.13,458,2024,8
2024-08-03,YYC-NW,IN_STORE,56,1884,94.24,1790,2024,8
2024-08-03,YYC-NW,ONLINE,8,340,17.01,323,2024,8
2024-08-03,YYC-SE,IN_STORE,62,1630,81.51,1548,2024,8
2024-08-03,YYC-SE,ONLINE,9,269,13.5,256,2024,8
2024-08-04,YYC-DT,IN_STORE,76,2674,133.73,2540,2024,8
2024-08-04,YYC-DT,ONLINE,13,474,23.74,450,2024,8
2024-08-04,YYC-NW,IN_STORE,49,1990,99.54,1891,2024,8
2024-08-04,YYC-NW,ONLINE,9,333,16.66,316,2024,8
2024-08-04,YYC-SE,IN_STORE,63,1560,78.04,1482,2024,8
2024-08-04,YYC-SE,ONLINE,8,281,14.08,267,2024,8
2024-08-05,YYC-DT,IN_STORE,74,2511,125.58,2385,2024,8
2024-08-05,YYC-DT,ONLINE,15,465,23.29,442,2024,8
2024-08-05,YYC-NW,IN_STORE,49,1678,83.93,1594,2024,8
2024-08-05,YYC-NW,ONLINE,13,306,15.33,291,2024,8
2024-08-05,YYC-SE,IN_STORE,51,1484,74.24,1410,2024,8
2024-08-05,YYC-SE,ONLINE,9,307,15.35,291,2024,8
2024-08-06,YYC-DT,IN_STORE,86,2443,122.18,2321,2024,8
2024-08-06,YYC-DT,ONLINE,11,423,21.16,401,2024,8
2024-08-06,YYC-NW,IN_STORE,53,1768,88.43,1680,2024,8
2024-08-06,YYC-NW,ONLINE,10,281,14.05,266,2024,8
2024-08-06,YYC-SE,IN_STORE,44,1454,72.74,1382,2024,8
2024-08-06,YYC-SE,ONLINE,7,278,13.93,264,2024,8
2024-08-07,YYC-DT,IN_STORE,81,2633,131.65,2501,2024,8
2024-08-07,YYC-DT,ONLINE,12,462,23.12,439,2024,8
2024-08-07,YYC-NW,IN_STORE,78,1868,93.45,1775,2024,8
2024-08-07,YYC-NW,ONLINE,9,343,17.18,326,2024,8
2024-08-07,YYC-SE,IN_STORE,42,1632,81.64,1551,2024,8
2024-08-07,YYC-SE,ONLINE,11,293,14.68,278,2024,8
2024-08-08,YYC-DT,IN_STORE,78,2392,119.61,2272,2024,8
2024-08-08,YYC-DT,ONLINE,13,415,20.77,394,2024,8
2024-08-08,YYC-NW,IN_STORE,58,1759,87.95,1671,2024,8
2024-08-08,YYC-NW,ONLINE,11,353,17.68,336,2024,8
2024-08-08,YYC-SE,IN_STORE,53,1536,76.82,1459,2024,8
2024-08-08,YYC-SE,ONLINE,7,292,14.62,277,2024,8
2024-08-09,YYC-DT,IN_STORE,68,2666,133.33,2533,2024,8
2024-08-09,YYC-DT,ONLINE,18,467,23.37,444,2024,8
2024-08-09,YYC-NW,IN_STORE,49,1737,86.89,1650,2024,8
2024-08-09,YYC-NW,ONLINE,8,310,15.51,294,2024,8
2024-08-09,YYC-SE,IN_STORE,59,1545,77.3,1468,2024,8
2024-08-09,YYC-SE,ONLINE,7,277,13.85,263,2024,8
2024-08-10,YYC-DT,IN_STORE,65,2664,133.23,2531,2024,8
2024-08-10,YYC-DT,ONLINE,12,425,21.28,404,2024,8
2024-08-10,YYC-NW,IN_STORE,50,2032,101.62,1930,2024,8
2024-08-10,YYC-NW,ONLINE,12,343,17.15,325,2024,8
2024-08-10,YYC-SE,IN_STORE,41,1652,82.62,1569,2024,8
2024-08-10,YYC-SE,ONLINE,7,277,13.87,263,2024,8
2024-08-11,YYC-DT,IN_STORE,78,2614,130.7,2483,2024,8
2024-08-11,YYC-DT,ONLINE,22,566,28.31,537,2024,8
2024-08-11,YYC-NW,IN_STORE,64,1926,96.34,1830,2024,8
2024-08-11,YYC-NW,ONLINE,10,325,16.28,309,2024,8
2024-08-11,YYC-SE,IN_STORE,65,1645,82.3,1563,2024,8
2024-08-11,YYC-SE,ONLINE,7,302,15.14,287,2024,8
2024-08-12,YYC-DT,IN_STORE,83,2722,136.11,2586,2024,8
2024-08-12,YYC-DT,ONLINE,11,420,21.01,399,2024,8
2024-08-12,YYC-NW,IN_STORE,57,1837,91.89,1745,2024,8
2024-08-12,YYC-NW,ONLINE,8,342,17.12,325,2024,8
2024-08-12,YYC-SE,IN_STORE,43,1472,73.62,1398,2024,8
2024-08-12,YYC-SE,ONLINE,9,331,16.56,314,2024,8
2024-08-13,YYC-DT,IN_STORE,75,2495,124.77,2370,2024,8
2024-08-13,YYC-DT,ONLINE,13,436,21.81,414,2024,8
2024-08-13,YYC-NW,IN_STORE,63,1809,90.48,1719,2024,8
2024-08-13,YYC-NW,ONLINE,11,313,15.69,298,2024,8
2024-08-13,YYC-SE,IN_STORE,46,1429,71.47,1357,2024,8
2024-08-13,YYC-SE,ONLINE,6,234,11.74,223,2024,8
2024-08-14,YYC-DT,IN_STORE,87,2433,121.65,2311,2024,8
2024-08-14,YYC-DT,ONLINE,11,502,25.14,477,2024,8
2024-08-14,YYC-NW,IN_STORE,48,1804,90.24,1714,2024,8
2024-08-14,YYC-NW,ONLINE,8,276,13.81,262,2024,8
2024-08-14,YYC-SE,IN_STORE,44,1373,68.65,1304,2024,8
2024-08-14,YYC-SE,ONLINE,9,248,12.41,235,2024,8
2024-08-15,YYC-DT,IN_STORE,82,2490,124.55,2366,2024,8
2024-08-15,YYC-DT,ONLINE,15,445,22.25,422,2024,8
2024-08-15,YYC-NW,IN_STORE,66,1847,92.38,1755,2024,8
2024-08-15,YYC-NW,ONLINE,11,289,14.48,275,2024,8
2024-08-15,YYC-SE,IN_STORE,59,1559,77.98,1481,2024,8
2024-08-15,YYC-SE,ONLINE,11,254,12.72,241,2024,8
2024-08-16,YYC-DT,IN_STORE,86,2434,121.72,2312,2024,8
2024-08-16,YYC-DT,ONLINE,16,444,22.2,421,2024,8
2024-08-16,YYC-NW,IN_STORE,42,1615,80.78,1534,2024,8
2024-08-16,YYC-NW,ONLINE,8,327,16.35,310,2024,8
2024-08-16,YYC-SE,IN_STORE,37,1412,70.64,1342,2024,8
2024-08-16,YYC-SE,ONLINE,7,261,13.07,248,2024,8
2024-08-17,YYC-DT,IN_STORE,99,2692,134.64,2558,2024,8
2024-08-17,YYC-DT,ONLINE,18,478,23.94,454,2024,8
2024-08-17,YYC-NW,IN_STORE,65,1936,96.81,1839,2024,8
2024-08-17,YYC-NW,ONLINE,13,332,16.64,316,2024,8
2024-08-17,YYC-SE,IN_STORE,43,1505,75.29,1430,2024,8
2024-08-17,YYC-SE,ONLINE,7,287,14.37,273,2024,8
2024-08-18,YYC-DT,IN_STORE,91,2683,134.16,2549,2024,8
2024-08-18,YYC-DT,ONLINE,14,417,20.89,396,2024,8
2024-08-18,YYC-NW,IN_STORE,49,1970,98.54,1872,2024,8
2024-08-18,YYC-NW,ONLINE,11,354,17.73,336,2024,8
2024-08-18,YYC-SE,IN_STORE,51,1748,87.41,1660,2024,8
2024-08-18,YYC-SE,ONLINE,9,327,16.35,310,2024,8
2024-08-19,YYC-DT,IN_STORE,77,2559,127.99,2431,2024,8
2024-08-19,YYC-DT,ONLINE,16,465,23.27,442,2024,8
2024-08-19,YYC-NW,IN_STORE,49,1792,89.63,1702,2024,8
2024-08-19,YYC-NW,ONLINE,9,297,14.88,282,2024,8
2024-08-19,YYC-SE,IN_STORE,40,1543,77.16,1466,2024,8
2024-08-19,YYC-SE,ONLINE,8,292,14.64,278,2024,8
2024-08-20,YYC-DT,IN_STORE,65,2638,131.92,2506,2024,8
2024-08-20,YYC-DT,ONLINE,14,448,22.4,425,2024,8
2024-08-20,YYC-NW,IN_STORE,43,1754,87.7,1666,2024,8
2024-08-20,YYC-NW,ONLINE,11,336,16.82,319,2024,8
2024-08-20,YYC-SE,IN_STORE,45,1573,78.68,1495,2024,8
2024-08-20,YYC-SE,ONLINE,7,311,15.55,295,2024,8
2024-08-21,YYC-DT,IN_STORE,68,2363,118.19,2245,2024,8
2024-08-21,YYC-DT,ONLINE,17,451,22.55,428,2024,8
2024-08-21,YYC-NW,IN_STORE,47,1765,88.27,1677,2024,8
2024-08-21,YYC-NW,ONLINE,9,353,17.66,335,2024,8
2024-08-21,YYC-SE,IN_STORE,46,1486,74.35,1412,2024,8
2024-08-21,YYC-SE,ONLINE,10,285,14.29,271,2024,8
2024-08-22,YYC-DT,IN_STORE,98,2556,127.83,2428,2024,8
2024-08-22,YYC-DT,ONLINE,13,528,26.42,501,2024,8
2024-08-22,YYC-NW,IN_STORE,57,1818,90.93,1727,2024,8
2024-08-22,YYC-NW,ONLINE,12,322,16.15,306,2024,8
2024-08-22,YYC-SE,IN_STORE,39,1662,83.14,1579,2024,8
2024-08-22,YYC-SE,ONLINE,10,262,13.12,249,2024,8
2024-08-23,YYC-DT,IN_STORE,97,2458,122.94,2335,2024,8
2024-08-23,YYC-DT,ONLINE,12,497,24.87,472,2024,8
2024-08-23,YYC-NW,IN_STORE,46,1713,85.68,1627,2024,8
2024-08-23,YYC-NW,ONLINE,12,338,16.94,321,2024,8
2024-08-23,YYC-SE,IN_STORE,56,1556,77.83,1478,2024,8
2024-08-23,YYC-SE,ONLINE,7,220,11.05,209,2024,8
2024-08-24,YYC-DT,IN_STORE,67,2695,134.79,2561,2024,8
2024-08-24,YYC-DT,ONLINE,19,489,24.47,464,2024,8
2024-08-24,YYC-NW,IN_STORE,54,1987,99.38,1888,2024,8
2024-08-24,YYC-NW,ONLINE,15,335,16.8,319,2024,8
2024-08-24,YYC-SE,IN_STORE,53,1747,87.36,1659,2024,8
2024-08-24,YYC-SE,ONLINE,10,357,17.88,339,2024,8
2024-08-25,YYC-DT,IN_STORE,81,2711,135.58,2575,2024,8
2024-08-25,YYC-DT,ONLINE,19,517,25.9,492,2024,8
2024-08-25,YYC-NW,IN_STORE,66,1932,96.61,1835,2024,8
2024-08-25,YYC-NW,ONLINE,9,351,17.57,333,2024,8
2024-08-25,YYC-SE,IN_STORE,68,1677,83.87,1593,2024,8
2024-08-25,YYC-SE,ONLINE,7,313,15.67,297,2024,8
2024-08-26,YYC-DT,IN_STORE,65,2615,130.79,2485,2024,8
2024-08-26,YYC-DT,ONLINE,13,590,29.55,561,2024,8
2024-08-26,YYC-NW,IN_STORE,66,1824,91.22,1733,2024,8
2024-08-26,YYC-NW,ONLINE,12,260,13.01,247,2024,8
2024-08-26,YYC-SE,IN_STORE,47,1513,75.66,1437,2024,8
2024-08-26,YYC-SE,ONLINE,7,291,14.56,276,2024,8
2024-08-27,YYC-DT,IN_STORE,80,2442,122.1,2319,2024,8
2024-08-27,YYC-DT,ONLINE,11,444,22.2,421,2024,8
2024-08-27,YYC-NW,IN_STORE,41,1558,77.94,1480,2024,8
2024-08-27,YYC-NW,ONLINE,10,293,14.7,279,2024,8
2024-08-27,YYC-SE,IN_STORE,46,1471,73.59,1398,2024,8
2024-08-27,YYC-SE,ONLINE,7,224,11.21,213,2024,8
2024-08-28,YYC-DT,IN_STORE,64,2213,110.67,2102,2024,8
2024-08-28,YYC-DT,ONLINE,15,386,19.32,367,2024,8
2024-08-28,YYC-NW,IN_STORE,43,1604,80.23,1524,2024,8
2024-08-28,YYC-NW,ONLINE,10,285,14.27,271,2024,8
2024-08-28,YYC-SE,IN_STORE,38,1260,63.04,1197,2024,8
2024-08-28,YYC-SE,ONLINE,7,227,11.39,216,2024,8
2024-08-29,YYC-DT,IN_STORE,102,2417,120.86,2296,2024,8
2024-08-29,YYC-DT,ONLINE,13,491,24.58,467,2024,8
2024-08-29,YYC-NW,IN_STORE,46,1770,88.52,1681,2024,8
2024-08-29,YYC-NW,ONLINE,9,334,16.72,317,2024,8
2024-08-29,YYC-SE,IN_STORE,46,1475,73.77,1401,2024,8
2024-08-29,YYC-SE,ONLINE,8,280,14.04,266,2024,8
2024-08-30,YYC-DT,IN_STORE,72,2777,138.85,2638,2024,8
2024-08-30,YYC-DT,ONLINE,19,526,26.35,500,2024,8
2024-08-30,YYC-NW,IN_STORE,68,1951,97.56,1853,2024,8
2024-08-30,YYC-NW,ONLINE,10,339,17.0,322,2024,8
2024-08-30,YYC-SE,IN_STORE,61,1649,82.49,1567,2024,8
2024-08-30,YYC-SE,ONLINE,9,287,14.4,273,2024,8
2024-08-31,YYC-DT,IN_STORE,83,2934,146.71,2787,2024,8
2024-08-31,YYC-DT,ONLINE,15,578,28.93,549,2024,8
2024-08-31,YYC-NW,IN_STORE,55,1953,97.68,1856,2024,8
2024-08-31,YYC-NW,ONLINE,10,356,17.84,339,2024,8
2024-08-31,YYC-SE,IN_STORE,52,1744,87.22,1657,2024,8
2024-08-31,YYC-SE,ONLINE,8,332,16.62,315,2024,8
2024-09-01,YYC-DT,IN_STORE,73,2731,136.56,2594,2024,9
2024-09-01,YYC-DT,ONLINE,14,513,25.68,488,2024,9
2024-09-01,YYC-NW,IN_STORE,49,1995,99.76,1895,2024,9
2024-09-01,YYC-NW,ONLINE,10,360,18.0,342,2024,9
2024-09-01,YYC-SE,IN_STORE,53,1751,87.55,1663,2024,9
2024-09-01,YYC-SE,ONLINE,9,276,13.83,262,2024,9
2024-09-02,YYC-DT,IN_STORE,95,2485,124.28,2361,2024,9
2024-09-02,YYC-DT,ONLINE,19,450,22.54,428,2024,9
2024-09-02,YYC-NW,IN_STORE,57,1924,96.2,1827,2024,9
2024-09-02,YYC-NW,ONLINE,8,301,15.07,286,2024,9
2024-09-02,YYC-SE,IN_STORE,64,1663,83.18,1580,2024,9
2024-09-02,YYC-SE,ONLINE,10,247,12.35,234,2024,9
2024-09-03,YYC-DT,IN_STORE,59,2327,116.36,2210,2024,9
2024-09-03,YYC-DT,ONLINE,11,466,23.34,443,2024,9
2024-09-03,YYC-NW,IN_STORE,56,1715,85.75,1629,2024,9
2024-09-03,YYC-NW,ONLINE,8,328,16.4,311,2024,9
2024-09-03,YYC-SE,IN_STORE,38,1555,77.78,1477,2024,9
2024-09-03,YYC-SE,ONLINE,6,233,11.68,221,2024,9
2024-09-04,YYC-DT,IN_STORE,91,2435,121.76,2313,2024,9
2024-09-04,YYC-DT,ONLINE,12,454,22.73,431,2024,9
2024-09-04,YYC-NW,IN_STORE,60,1740,87.02,1653,2024,9
2024-09-04,YYC-NW,ONLINE,9,279,13.99,265,2024,9
2024-09-04,YYC-SE,IN_STORE,37,1545,77.27,1468,2024,9
2024-09-04,YYC-SE,ONLINE,6,270,13.51,256,2024,9
2024-09-05,YYC-DT,IN_STORE,71,2419,120.99,2298,2024,9
2024-09-05,YYC-DT,ONLINE,11,468,23.43,445,2024,9
2024-09-05,YYC-NW,IN_STORE,53,1742,87.15,1655,2024,9
2024-09-05,YYC-NW,ONLINE,12,301,15.06,286,2024,9
2024-09-05,YYC-SE,IN_STORE,35,1374,68.74,1306,2024,9
2024-09-05,YYC-SE,ONLINE,9,270,13.54,257,2024,9
2024-09-06,YYC-DT,IN_STORE,95,2399,119.95,2279,2024,9
2024-09-06,YYC-DT,ONLINE,14,459,22.98,436,2024,9
2024-09-06,YYC-NW,IN_STORE,63,1688,84.43,1604,2024,9
2024-09-06,YYC-NW,ONLINE,11,310,15.5,294,2024,9
2024-09-06,YYC-SE,IN_STORE,61,1562,78.12,1484,2024,9
2024-09-06,YYC-SE,ONLINE,11,226,11.33,215,2024,9
2024-09-07,YYC-DT,IN_STORE,74,2731,136.59,2595,2024,9
2024-09-07,YYC-DT,ONLINE,14,520,26.01,494,2024,9
2024-09-07,YYC-NW,IN_STORE,61,2040,102.04,1938,2024,9
2024-09-07,YYC-NW,ONLINE,10,404,20.23,384,2024,9
2024-09-07,YYC-SE,IN_STORE,51,1628,81.42,1546,2024,9
2024-09-07,YYC-SE,ONLINE,12,338,16.91,321,2024,9
2024-09-08,YYC-DT,IN_STORE,104,2976,148.84,2828,2024,9
2024-09-08,YYC-DT,ONLINE,16,511,25.58,486,2024,9
2024-09-08,YYC-NW,IN_STORE,69,2018,100.91,1917,2024,9
2024-09-08,YYC-NW,ONLINE,11,348,17.45,331,2024,9
2024-09-08,YYC-SE,IN_STORE,53,1708,85.43,1623,2024,9
2024-09-08,YYC-SE,ONLINE,10,301,15.06,286,2024,9
2024-09-09,YYC-DT,IN_STORE,64,2483,124.18,2359,2024,9
2024-09-09,YYC-DT,ONLINE,11,433,21.66,411,2024,9
2024-09-09,YYC-NW,IN_STORE,57,1781,89.07,1692,2024,9
2024-09-09,YYC-NW,ONLINE,8,316,15.81,300,2024,9
2024-09-09,YYC-SE,IN_STORE,39,1441,72.07,1369,2024,9
2024-09-09,YYC-SE,ONLINE,7,255,12.8,243,2024,9
2024-09-10,YYC-DT,IN_STORE,71,2297,114.9,2183,2024,9
2024-09-10,YYC-DT,ONLINE,15,409,20.47,388,2024,9
2024-09-10,YYC-NW,IN_STORE,66,1673,83.68,1589,2024,9
2024-09-10,YYC-NW,ONLINE,8,327,16.38,311,2024,9
2024-09-10,YYC-SE,IN_STORE,46,1438,71.92,1366,2024,9
2024-09-10,YYC-SE,ONLINE,7,250,12.54,238,2024,9
2024-09-11,YYC-DT,IN_STORE,101,2511,125.56,2385,2024,9
2024-09-11,YYC-DT,ONLINE,15,449,22.49,427,2024,9
2024-09-11,YYC-NW,IN_STORE,62,1635,81.78,1553,2024,9
2024-09-11,YYC-NW,ONLINE,10,367,18.38,349,2024,9
2024-09-11,YYC-SE,IN_STORE,41,1423,71.18,1352,2024,9
2024-09-11,YYC-SE,ONLINE,7,228,11.4,216,2024,9
2024-09-12,YYC-DT,IN_STORE,72,2525,126.25,2398,2024,9
2024-09-12,YYC-DT,ONLINE,18,458,22.91,435,2024,9
2024-09-12,YYC-NW,IN_STORE,61,1770,88.53,1682,2024,9
2024-09-12,YYC-NW,ONLINE,9,321,16.1,305,2024,9
2024-09-12,YYC-SE,IN_STORE,38,1533,76.68,1456,2024,9
2024-09-12,YYC-SE,ONLINE,9,282,14.13,268,2024,9
2024-09-13,YYC-DT,IN_STORE,74,2237,111.88,2125,2024,9
2024-09-13,YYC-DT,ONLINE,14,407,20.38,387,2024,9
2024-09-13,YYC-NW,IN_STORE,57,1713,85.65,1627,2024,9
2024-09-13,YYC-NW,ONLINE,12,327,16.39,311,2024,9
2024-09-13,YYC-SE,IN_STORE,35,1362,68.15,1294,2024,9
2024-09-13,YYC-SE,ONLINE,7,228,11.41,216,2024,9
2024-09-14,YYC-DT,IN_STORE,65,2282,114.1,2167,2024,9
2024-09-14,YYC-DT,ONLINE,13,446,22.32,424,2024,9
2024-09-14,YYC-NW,IN_STORE,43,1851,92.58,1758,2024,9
2024-09-14,YYC-NW,ONLINE,12,266,13.31,252,2024,9
2024-09-14,YYC-SE,IN_STORE,37,1429,71.47,1357,2024,9
2024-09-14,YYC-SE,ONLINE,11,266,13.32,253,2024,9
2024-09-15,YYC-DT,IN_STORE,71,2525,126.28,2399,2024,9
2024-09-15,YYC-DT,ONLINE,18,506,25.34,481,2024,9
2024-09-15,YYC-NW,IN_STORE,53,1918,95.94,1822,2024,9
2024-09-15,YYC-NW,ONLINE,11,319,15.99,303,2024,9
2024-09-15,YYC-SE,IN_STORE,48,1579,78.97,1500,2024,9
2024-09-15,YYC-SE,ONLINE,7,276,13.8,262,2024,9
2024-09-16,YYC-DT,IN_STORE,71,2385,119.29,2266,2024,9
2024-09-16,YYC-DT,ONLINE,12,413,20.66,392,2024,9
2024-09-16,YYC-NW,IN_STORE,55,1677,83.85,1593,2024,9
2024-09-16,YYC-NW,ONLINE,9,276,13.84,262,2024,9
2024-09-16,YYC-SE,IN_STORE,39,1331,66.59,1265,2024,9
2024-09-16,YYC-SE,ONLINE,6,210,10.54,200,2024,9
2024-09-17,YYC-DT,IN_STORE,79,2330,116.55,2214,2024,9
2024-09-17,YYC-DT,ONLINE,18,478,23.91,454,2024,9
2024-09-17,YYC-NW,IN_STORE,60,1657,82.9,1575,2024,9
2024-09-17,YYC-NW,ONLINE,11,328,16.45,312,2024,9
2024-09-17,YYC-SE,IN_STORE,36,1455,72.78,1382,2024,9
2024-09-17,YYC-SE,ONLINE,9,240,12.05,228,2024,9
2024-09-18,YYC-DT,IN_STORE,64,2514,125.71,2388,2024,9
2024-09-18,YYC-DT,ONLINE,12,436,21.81,414,2024,9
2024-09-18,YYC-NW,IN_STORE,50,1682,84.11,1598,2024,9
2024-09-18,YYC-NW,ONLINE,13,352,17.62,334,2024,9
2024-09-18,YYC-SE,IN_STORE,43,1428,71.43,1357,2024,9
2024-09-18,YYC-SE,ONLINE,11,251,12.59,239,2024,9
2024-09-19,YYC-DT,IN_STORE,88,2424,121.2,2302,2024,9
2024-09-19,YYC-DT,ONLINE,13,377,18.88,358,2024,9
2024-09-19,YYC-NW,IN_STORE,43,1749,87.48,1662,2024,9
2024-09-19,YYC-NW,ONLINE,9,271,13.6,258,2024,9
2024-09-19,YYC-SE,IN_STORE,40,1486,74.3,1411,2024,9
2024-09-19,YYC-SE,ONLINE,6,276,13.82,262,2024,9
2024-09-20,YYC-DT,IN_STORE,99,2671,133.58,2537,2024,9
2024-09-20,YYC-DT,ONLINE,13,494,24.72,469,2024,9
2024-09-20,YYC-NW,IN_STORE,68,1891,94.56,1796,2024,9
2024-09-20,YYC-NW,ONLINE,9,360,18.02,342,2024,9
2024-09-20,YYC-SE,IN_STORE,42,1419,70.98,1348,2024,9
2024-09-20,YYC-SE,ONLINE,10,273,13.66,259,2024,9
2024-09-21,YYC-DT,IN_STORE,70,2678,133.92,2544,2024,9
2024-09-21,YYC-DT,ONLINE,17,454,22.74,432,2024,9
2024-09-21,YYC-NW,IN_STORE,51,2020,101.0,1919,2024,9
2024-09-21,YYC-NW,ONLINE,9,424,21.25,403,2024,9
2024-09-21,YYC-SE,IN_STORE,58,1601,80.06,1521,2024,9
2024-09-21,YYC-SE,ONLINE,8,301,15.06,286,2024,9
2024-09-22,YYC-DT,IN_STORE,99,2704,135.21,2569,2024,9
2024-09-22,YYC-DT,ONLINE,17,470,23.54,447,2024,9
2024-09-22,YYC-NW,IN_STORE,54,1972,98.6,1873,2024,9
2024-09-22,YYC-NW,ONLINE,9,336,16.84,319,2024,9
2024-09-22,YYC-SE,IN_STORE,53,1608,80.44,1528,2024,9
2024-09-22,YYC-SE,ONLINE,10,277,13.88,263,2024,9
2024-09-23,YYC-DT,IN_STORE,64,2566,128.34,2438,2024,9
2024-09-23,YYC-DT,ONLINE,14,504,25.23,479,2024,9
2024-09-23,YYC-NW,IN_STORE,43,1797,89.88,1707,2024,9
2024-09-23,YYC-NW,ONLINE,10,328,16.43,312,2024,9
2024-09-23,YYC-SE,IN_STORE,49,1586,79.35,1507,2024,9
2024-09-23,YYC-SE,ONLINE,9,326,16.3,309,2024,9
2024-09-24,YYC-DT,IN_STORE,68,2242,112.13,2130,2024,9
2024-09-24,YYC-DT,ONLINE,15,409,20.45,388,2024,9
2024-09-24,YYC-NW,IN_STORE,50,1720,86.04,1634,2024,9
2024-09-24,YYC-NW,ONLINE,8,250,12.53,238,2024,9
2024-09-24,YYC-SE,IN_STORE,57,1447,72.38,1375,2024,9
2024-09-24,YYC-SE,ONLINE,6,262,13.12,249,2024,9
2024-09-25,YYC-DT,IN_STORE,62,2499,124.95,2374,2024,9
2024-09-25,YYC-DT,ONLINE,14,478,23.92,454,2024,9
2024-09-25,YYC-NW,IN_STORE,73,1763,88.17,1675,2024,9
2024-09-25,YYC-NW,ONLINE,12,347,17.38,330,2024,9
2024-09-25,YYC-SE,IN_STORE,38,1541,77.06,1464,2024,9
2024-09-25,YYC-SE,ONLINE,12,318,15.91,302,2024,9
2024-09-26,YYC-DT,IN_STORE,81,2589,129.47,2459,2024,9
2024-09-26,YYC-DT,ONLINE,17,456,22.84,433,2024,9
2024-09-26,YYC-NW,IN_STORE,64,1809,90.49,1719,2024,9
2024-09-26,YYC-NW,ONLINE,9,363,18.18,345,2024,9
2024-09-26,YYC-SE,IN_STORE,59,1473,73.65,1399,2024,9
2024-09-26,YYC-SE,ONLINE,6,273,13.66,259,2024,9
2024-09-27,YYC-DT,IN_STORE,75,2517,125.87,2391,2024,9
2024-09-27,YYC-DT,ONLINE,14,427,21.38,406,2024,9
2024-09-27,YYC-NW,IN_STORE,54,1895,94.79,1801,2024,9
2024-09-27,YYC-NW,ONLINE,8,255,12.76,242,2024,9
2024-09-27,YYC-SE,IN_STORE,54,1526,76.31,1449,2024,9
2024-09-27,YYC-SE,ONLINE,10,269,13.48,256,2024,9
2024-09-28,YYC-DT,IN_STORE,80,2549,127.49,2422,2024,9
2024-09-28,YYC-DT,ONLINE,14,496,24.83,471,2024,9
2024-09-28,YYC-NW,IN_STORE,67,1827,91.36,1735,2024,9
2024-09-28,YYC-NW,ONLINE,14,322,16.12,306,2024,9
2024-09-28,YYC-SE,IN_STORE,44,1612,80.61,1531,2024,9
2024-09-28,YYC-SE,ONLINE,8,289,14.45,274,2024,9
2024-09-29,YYC-DT,IN_STORE,69,2456,122.85,2334,2024,9
2024-09-29,YYC-DT,ONLINE,14,464,23.22,441,2024,9
2024-09-29,YYC-NW,IN_STORE,64,1700,85.03,1615,2024,9
2024-09-29,YYC-NW,ONLINE,9,346,17.32,329,2024,9
2024-09-29,YYC-SE,IN_STORE,45,1497,74.85,1422,2024,9
2024-09-29,YYC-SE,ONLINE,7,241,12.05,228,2024,9
2024-09-30,YYC-DT,IN_STORE,64,2496,124.81,2371,2024,9
2024-09-30,YYC-DT,ONLINE,12,516,25.81,490,2024,9
2024-09-30,YYC-NW,IN_STORE,57,1810,90.51,1719,2024,9
2024-09-30,YYC-NW,ONLINE,13,336,16.83,319,2024,9
2024-09-30,YYC-SE,IN_STORE,51,1572,78.62,1493,2024,9
2024-09-30,YYC-SE,ONLINE,8,263,13.19,250,2024,9
2024-10-01,YYC-DT,IN_STORE,83,2597,129.88,2467,2024,10
2024-10-01,YYC-DT,ONLINE,12,481,24.05,457,2024,10
2024-10-01,YYC-NW,IN_STORE,46,1888,94.44,1794,2024,10
2024-10-01,YYC-NW,ONLINE,12,312,15.6,296,2024,10
2024-10-01,YYC-SE,IN_STORE,38,1620,81.05,1539,2024,10
2024-10-01,YYC-SE,ONLINE,8,314,15.7,298,2024,10
2024-10-02,YYC-DT,IN_STORE,73,2573,128.68,2444,2024,10
2024-10-02,YYC-DT,ONLINE,18,465,23.3,442,2024,10
2024-10-02,YYC-NW,IN_STORE,70,1706,85.34,1621,2024,10
2024-10-02,YYC-NW,ONLINE,8,293,14.69,279,2024,10
2024-10-02,YYC-SE,IN_STORE,43,1554,77.73,1476,2024,10
2024-10-02,YYC-SE,ONLINE,7,219,10.97,208,2024,10
2024-10-03,YYC-DT,IN_STORE,64,2367,118.4,2249,2024,10
2024-10-03,YYC-DT,ONLINE,16,481,24.05,456,2024,10
2024-10-03,YYC-NW,IN_STORE,45,1813,90.66,1722,2024,10
2024-10-03,YYC-NW,ONLINE,8,306,15.31,290,2024,10
2024-10-03,YYC-SE,IN_STORE,38,1511,75.58,1436,2024,10
2024-10-03,YYC-SE,ONLINE,6,239,11.97,227,2024,10
2024-10-04,YYC-DT,IN_STORE,81,2739,136.96,2602,2024,10
2024-10-04,YYC-DT,ONLINE,20,513,25.67,487,2024,10
2024-10-04,YYC-NW,IN_STORE,46,2081,104.06,1977,2024,10
2024-10-04,YYC-NW,ONLINE,9,358,17.95,341,2024,10
2024-10-04,YYC-SE,IN_STORE,60,1706,85.33,1621,2024,10
2024-10-04,YYC-SE,ONLINE,7,287,14.39,273,2024,10
2024-10-05,YYC-DT,IN_STORE,65,2525,126.26,2398,2024,10
2024-10-05,YYC-DT,ONLINE,14,474,23.72,450,2024,10
2024-10-05,YYC-NW,IN_STORE,48,1866,93.34,1773,2024,10
2024-10-05,YYC-NW,ONLINE,10,387,19.36,367,2024,10
2024-10-05,YYC-SE,IN_STORE,49,1561,78.1,1483,2024,10
2024-10-05,YYC-SE,ONLINE,10,346,17.32,329,2024,10
2024-10-06,YYC-DT,IN_STORE,74,3001,150.09,2851,2024,10
2024-10-06,YYC-DT,ONLINE,15,585,29.25,555,2024,10
2024-10-06,YYC-NW,IN_STORE,67,2149,107.47,2041,2024,10
2024-10-06,YYC-NW,ONLINE,10,362,18.11,344,2024,10
2024-10-06,YYC-SE,IN_STORE,70,1891,94.59,1797,2024,10
2024-10-06,YYC-SE,ONLINE,13,371,18.57,352,2024,10
2024-10-07,YYC-DT,IN_STORE,82,2491,124.57,2366,2024,10
2024-10-07,YYC-DT,ONLINE,11,423,21.17,402,2024,10
2024-10-07,YYC-NW,IN_STORE,72,1707,85.38,1622,2024,10
2024-10-07,YYC-NW,ONLINE,11,314,15.73,298,2024,10
2024-10-07,YYC-SE,IN_STORE,52,1406,70.3,1335,2024,10
2024-10-07,YYC-SE,ONLINE,11,278,13.93,264,2024,10
2024-10-08,YYC-DT,IN_STORE,85,2736,136.82,2599,2024,10
2024-10-08,YYC-DT,ONLINE,13,499,24.96,474,2024,10
2024-10-08,YYC-NW,IN_STORE,63,1972,98.61,1873,2024,10
2024-10-08,YYC-NW,ONLINE,13,356,17.84,339,2024,10
2024-10-08,YYC-SE,IN_STORE,46,1635,81.8,1554,2024,10
2024-10-08,YYC-SE,ONLINE,8,251,12.6,239,2024,10
2024-10-09,YYC-DT,IN_STORE,66,2443,122.19,2321,2024,10
2024-10-09,YYC-DT,ONLINE,15,460,23.04,437,2024,10
2024-10-09,YYC-NW,IN_STORE,49,1740,87.03,1653,2024,10
2024-10-09,YYC-NW,ONLINE,8,346,17.32,329,2024,10
2024-10-09,YYC-SE,IN_STORE,37,1524,76.24,1448,2024,10
2024-10-09,YYC-SE,ONLINE,9,304,15.22,289,2024,10
2024-10-10,YYC-DT,IN_STORE,76,2613,130.69,2483,2024,10
2024-10-10,YYC-DT,ONLINE,19,465,23.25,441,2024,10
2024-10-10,YYC-NW,IN_STORE,67,1872,93.61,1778,2024,10
2024-10-10,YYC-NW,ONLINE,11,356,17.82,338,2024,10
2024-10-10,YYC-SE,IN_STORE,55,1583,79.15,1503,2024,10
2024-10-10,YYC-SE,ONLINE,11,262,13.11,249,2024,10
2024-10-11,YYC-DT,IN_STORE,87,2572,128.64,2444,2024,10
2024-10-11,YYC-DT,ONLINE,16,462,23.11,438,2024,10
2024-10-11,YYC-NW,IN_STORE,46,1789,89.5,1700,2024,10
2024-10-11,YYC-NW,ONLINE,8,362,18.1,343,2024,10
2024-10-11,YYC-SE,IN_STORE,39,1482,74.14,1408,2024,10
2024-10-11,YYC-SE,ONLINE,8,314,15.73,298,2024,10
2024-10-12,YYC-DT,IN_STORE,113,2728,136.44,2592,2024,10
2024-10-12,YYC-DT,ONLINE,17,580,29.01,551,2024,10
2024-10-12,YYC-NW,IN_STORE,65,2044,102.2,1941,2024,10
2024-10-12,YYC-NW,ONLINE,11,365,18.29,347,2024,10
2024-10-12,YYC-SE,IN_STORE,42,1753,87.67,1665,2024,10
2024-10-12,YYC-SE,ONLINE,9,317,15.87,301,2024,10
2024-10-13,YYC-DT,IN_STORE,81,2859,142.97,2716,2024,10
2024-10-13,YYC-DT,ONLINE,17,538,26.94,511,2024,10
2024-10-13,YYC-NW,IN_STORE,58,2068,103.4,1964,2024,10
2024-10-13,YYC-NW,ONLINE,9,339,16.99,322,2024,10
2024-10-13,YYC-SE,IN_STORE,42,1760,88.02,1672,2024,10
2024-10-13,YYC-SE,ONLINE,13,331,16.57,314,2024,10
2024-10-14,YYC-DT,IN_STORE,84,2467,123.36,2343,2024,10
2024-10-14,YYC-DT,ONLINE,13,456,22.83,433,2024,10
2024-10-14,YYC-NW,IN_STORE,60,1758,87.95,1670,2024,10
2024-10-14,YYC-NW,ONLINE,9,385,19.29,366,2024,10
2024-10-14,YYC-SE,IN_STORE,56,1510,75.54,1435,2024,10
2024-10-14,YYC-SE,ONLINE,8,254,12.74,242,2024,10
2024-10-15,YYC-DT,IN_STORE,94,2619,130.98,2488,2024,10
2024-10-15,YYC-DT,ONLINE,16,462,23.13,439,2024,10
2024-10-15,YYC-NW,IN_STORE,75,2005,100.29,1905,2024,10
2024-10-15,YYC-NW,ONLINE,10,348,17.41,330,2024,10
2024-10-15,YYC-SE,IN_STORE,46,1610,80.5,1529,2024,10
2024-10-15,YYC-SE,ONLINE,10,304,15.25,289,2024,10
2024-10-16,YYC-DT,IN_STORE,75,2508,125.43,2383,2024,10
2024-10-16,YYC-DT,ONLINE,14,508,25.4,482,2024,10
2024-10-16,YYC-NW,IN_STORE,71,1805,90.26,1714,2024,10
2024-10-16,YYC-NW,ONLINE,10,350,17.52,332,2024,10
2024-10-16,YYC-SE,IN_STORE,47,1518,75.94,1442,2024,10
2024-10-16,YYC-SE,ONLINE,7,229,11.46,217,2024,10
2024-10-17,YYC-DT,IN_STORE,97,2377,118.87,2258,2024,10
2024-10-17,YYC-DT,ONLINE,15,431,21.6,410,2024,10
2024-10-17,YYC-NW,IN_STORE,51,1919,95.98,1823,2024,10
2024-10-17,YYC-NW,ONLINE,12,324,16.21,308,2024,10
2024-10-17,YYC-SE,IN_STORE,39,1473,73.69,1400,2024,10
2024-10-17,YYC-SE,ONLINE,10,285,14.26,270,2024,10
2024-10-18,YYC-DT,IN_STORE,85,2573,128.67,2444,2024,10
2024-10-18,YYC-DT,ONLINE,13,466,23.34,443,2024,10
2024-10-18,YYC-NW,IN_STORE,58,1757,87.89,1669,2024,10
2024-10-18,YYC-NW,ONLINE,10,295,14.76,280,2024,10
2024-10-18,YYC-SE,IN_STORE,38,1306,65.34,1241,2024,10
2024-10-18,YYC-SE,ONLINE,10,302,15.11,287,2024,10
2024-10-19,YYC-DT,IN_STORE,60,2563,128.17,2435,2024,10
2024-10-19,YYC-DT,ONLINE,19,442,22.13,420,2024,10
2024-10-19,YYC-NW,IN_STORE,46,1779,89.0,1690,2024,10
2024-10-19,YYC-NW,ONLINE,12,327,16.37,310,2024,10
2024-10-19,YYC-SE,IN_STORE,57,1468,73.44,1395,2024,10
2024-10-19,YYC-SE,ONLINE,11,248,12.44,236,2024,10
2024-10-20,YYC-DT,IN_STORE,69,2882,144.1,2737,2024,10
2024-10-20,YYC-DT,ONLINE,19,574,28.73,545,2024,10
2024-10-20,YYC-NW,IN_STORE,80,2093,104.69,1989,2024,10
2024-10-20,YYC-NW,ONLINE,11,386,19.31,366,2024,10
2024-10-20,YYC-SE,IN_STORE,41,1764,88.25,1676,2024,10
2024-10-20,YYC-SE,ONLINE,7,307,15.39,292,2024,10
2024-10-21,YYC-DT,IN_STORE,81,2837,141.86,2695,2024,10
2024-10-21,YYC-DT,ONLINE,15,524,26.24,498,2024,10
2024-10-21,YYC-NW,IN_STORE,83,2082,104.13,1978,2024,10
2024-10-21,YYC-NW,ONLINE,9,313,15.68,297,2024,10
2024-10-21,YYC-SE,IN_STORE,47,1830,91.51,1738,2024,10
2024-10-21,YYC-SE,ONLINE,10,361,18.06,343,2024,10
2024-10-22,YYC-DT,IN_STORE,64,2716,135.83,2580,2024,10
2024-10-22,YYC-DT,ONLINE,16,456,22.84,433,2024,10
2024-10-22,YYC-NW,IN_STORE,47,1936,96.81,1839,2024,10
2024-10-22,YYC-NW,ONLINE,14,348,17.41,330,2024,10
2024-10-22,YYC-SE,IN_STORE,41,1419,70.98,1348,2024,10
2024-10-22,YYC-SE,ONLINE,10,271,13.58,257,2024,10
2024-10-23,YYC-DT,IN_STORE,66,2552,127.63,2424,2024,10
2024-10-23,YYC-DT,ONLINE,15,469,23.47,445,2024,10
2024-10-23,YYC-NW,IN_STORE,63,1807,90.39,1717,2024,10
2024-10-23,YYC-NW,ONLINE,10,335,16.79,318,2024,10
2024-10-23,YYC-SE,IN_STORE,55,1513,75.69,1438,2024,10
2024-10-23,YYC-SE,ONLINE,8,275,13.78,261,2024,10
2024-10-24,YYC-DT,IN_STORE,75,2471,123.56,2347,2024,10
2024-10-24,YYC-DT,ONLINE,16,428,21.42,406,2024,10
2024-10-24,YYC-NW,IN_STORE,60,1765,88.25,1676,2024,10
2024-10-24,YYC-NW,ONLINE,14,405,20.27,385,2024,10
2024-10-24,YYC-SE,IN_STORE,43,1641,82.09,1559,2024,10
2024-10-24,YYC-SE,ONLINE,7,218,10.95,208,2024,10
2024-10-25,YYC-DT,IN_STORE,65,2482,124.11,2358,2024,10
2024-10-25,YYC-DT,ONLINE,18,496,24.82,471,2024,10
2024-10-25,YYC-NW,IN_STORE,47,1847,92.38,1755,2024,10
2024-10-25,YYC-NW,ONLINE,11,383,19.19,364,2024,10
2024-10-25,YYC-SE,IN_STORE,38,1448,72.43,1376,2024,10
2024-10-25,YYC-SE,ONLINE,11,272,13.6,258,2024,10
2024-10-26,YYC-DT,IN_STORE,73,2952,147.63,2805,2024,10
2024-10-26,YYC-DT,ONLINE,17,509,25.48,484,2024,10
2024-10-26,YYC-NW,IN_STORE,52,2056,102.84,1953,2024,10
2024-10-26,YYC-NW,ONLINE,15,424,21.24,403,2024,10
2024-10-26,YYC-SE,IN_STORE,46,1828,91.43,1737,2024,10
2024-10-26,YYC-SE,ONLINE,11,352,17.65,335,2024,10
2024-10-27,YYC-DT,IN_STORE,88,2573,128.68,2444,2024,10
2024-10-27,YYC-DT,ONLINE,20,551,27.55,523,2024,10
2024-10-27,YYC-NW,IN_STORE,49,2041,102.07,1939,2024,10
2024-10-27,YYC-NW,ONLINE,10,376,18.8,357,2024,10
2024-10-27,YYC-SE,IN_STORE,41,1563,78.17,1485,2024,10
2024-10-27,YYC-SE,ONLINE,12,255,12.75,242,2024,10
2024-10-28,YYC-DT,IN_STORE,74,2816,140.81,2675,2024,10
2024-10-28,YYC-DT,ONLINE,13,511,25.6,486,2024,10
2024-10-28,YYC-NW,IN_STORE,50,1879,93.96,1785,2024,10
2024-10-28,YYC-NW,ONLINE,9,394,19.71,374,2024,10
2024-10-28,YYC-SE,IN_STORE,58,1734,86.71,1647,2024,10
2024-10-28,YYC-SE,ONLINE,10,305,15.3,290,2024,10
2024-10-29,YYC-DT,IN_STORE,101,2694,134.72,2559,2024,10
2024-10-29,YYC-DT,ONLINE,13,521,26.08,495,2024,10
2024-10-29,YYC-NW,IN_STORE,71,1850,92.55,1758,2024,10
2024-10-29,YYC-NW,ONLINE,12,308,15.44,293,2024,10
2024-10-29,YYC-SE,IN_STORE,49,1641,82.08,1559,2024,10
2024-10-29,YYC-SE,ONLINE,9,328,16.41,311,2024,10
2024-10-30,YYC-DT,IN_STORE,108,2644,132.21,2511,2024,10
2024-10-30,YYC-DT,ONLINE,16,477,23.85,453,2024,10
2024-10-30,YYC-NW,IN_STORE,62,1873,93.7,1780,2024,10
2024-10-30,YYC-NW,ONLINE,9,310,15.53,295,2024,10
2024-10-30,YYC-SE,IN_STORE,48,1598,79.93,1518,2024,10
2024-10-30,YYC-SE,ONLINE,10,353,17.67,335,2024,10
2024-10-31,YYC-DT,IN_STORE,68,2638,131.91,2506,2024,10
2024-10-31,YYC-DT,ONLINE,19,486,24.33,462,2024,10
2024-10-31,YYC-NW,IN_STORE,74,1967,98.38,1869,2024,10
2024-10-31,YYC-NW,ONLINE,10,321,16.06,305,2024,10
2024-10-31,YYC-SE,IN_STORE,51,1482,74.13,1408,2024,10
2024-10-31,YYC-SE,ONLINE,9,315,15.78,299,2024,10
2024-11-01,YYC-DT,IN_STORE,115,2998,149.91,2848,2024,11
2024-11-01,YYC-DT,ONLINE,17,590,29.5,560,2024,11
2024-11-01,YYC-NW,IN_STORE,82,2116,105.84,2011,2024,11
2024-11-01,YYC-NW,ONLINE,9,371,18.57,352,2024,11
2024-11-01,YYC-SE,IN_STORE,68,1783,89.18,1694,2024,11
2024-11-01,YYC-SE,ONLINE,11,290,14.54,276,2024,11
2024-11-02,YYC-DT,IN_STORE,119,3393,169.69,3224,2024,11
2024-11-02,YYC-DT,ONLINE,18,664,33.21,630,2024,11
2024-11-02,YYC-NW,IN_STORE,76,2332,116.62,2215,2024,11
2024-11-02,YYC-NW,ONLINE,12,437,21.89,415,2024,11
2024-11-02,YYC-SE,IN_STORE,50,1993,99.68,1894,2024,11
2024-11-02,YYC-SE,ONLINE,13,414,20.71,393,2024,11
2024-11-03,YYC-DT,IN_STORE,115,3349,167.48,3182,2024,11
2024-11-03,YYC-DT,ONLINE,20,658,32.92,625,2024,11
2024-11-03,YYC-NW,IN_STORE,71,2349,117.48,2232,2024,11
2024-11-03,YYC-NW,ONLINE,17,442,22.14,420,2024,11
2024-11-03,YYC-SE,IN_STORE,53,2131,106.58,2025,2024,11
2024-11-03,YYC-SE,ONLINE,13,394,19.71,374,2024,11
2024-11-04,YYC-DT,IN_STORE,83,2939,146.96,2792,2024,11
2024-11-04,YYC-DT,ONLINE,18,552,27.63,524,2024,11
2024-11-04,YYC-NW,IN_STORE,50,2119,105.97,2013,2024,11
2024-11-04,YYC-NW,ONLINE,11,372,18.62,353,2024,11
2024-11-04,YYC-SE,IN_STORE,57,1797,89.88,1707,2024,11
2024-11-04,YYC-SE,ONLINE,11,345,17.27,328,2024,11
2024-11-05,YYC-DT,IN_STORE,111,2933,146.65,2786,2024,11
2024-11-05,YYC-DT,ONLINE,22,544,27.21,516,2024,11
2024-11-05,YYC-NW,IN_STORE,55,1972,98.62,1873,2024,11
2024-11-05,YYC-NW,ONLINE,9,353,17.69,336,2024,11
2024-11-05,YYC-SE,IN_STORE,61,1873,93.68,1779,2024,11
2024-11-05,YYC-SE,ONLINE,8,299,14.96,284,2024,11
2024-11-06,YYC-DT,IN_STORE,71,3094,154.71,2939,2024,11
2024-11-06,YYC-DT,ONLINE,14,502,25.14,477,2024,11
2024-11-06,YYC-NW,IN_STORE,59,2221,111.09,2110,2024,11
2024-11-06,YYC-NW,ONLINE,11,390,19.55,371,2024,11
2024-11-06,YYC-SE,IN_STORE,46,1910,95.53,1814,2024,11
2024-11-06,YYC-SE,ONLINE,8,344,17.25,327,2024,11
2024-11-07,YYC-DT,IN_STORE,95,3102,155.12,2947,2024,11
2024-11-07,YYC-DT,ONLINE,21,564,28.25,536,2024,11
2024-11-07,YYC-NW,IN_STORE,64,2237,111.88,2125,2024,11
2024-11-07,YYC-NW,ONLINE,11,493,24.67,468,2024,11
2024-11-07,YYC-SE,IN_STORE,71,1904,95.23,1809,2024,11
2024-11-07,YYC-SE,ONLINE,10,376,18.82,357,2024,11
2024-11-08,YYC-DT,IN_STORE,75,2831,141.56,2689,2024,11
2024-11-08,YYC-DT,ONLINE,13,522,26.13,496,2024,11
2024-11-08,YYC-NW,IN_STORE,77,1922,96.12,1826,2024,11
2024-11-08,YYC-NW,ONLINE,10,364,18.24,346,2024,11
2024-11-08,YYC-SE,IN_STORE,50,1726,86.33,1640,2024,11
2024-11-08,YYC-SE,ONLINE,8,326,16.31,309,2024,11
2024-11-09,YYC-DT,IN_STORE,95,3149,157.48,2992,2024,11
2024-11-09,YYC-DT,ONLINE,17,577,28.87,548,2024,11
2024-11-09,YYC-NW,IN_STORE,84,2082,104.14,1978,2024,11
2024-11-09,YYC-NW,ONLINE,14,395,19.79,376,2024,11
2024-11-09,YYC-SE,IN_STORE,54,1735,86.77,1648,2024,11
2024-11-09,YYC-SE,ONLINE,8,303,15.19,288,2024,11
2024-11-10,YYC-DT,IN_STORE,97,3343,167.18,3176,2024,11
2024-11-10,YYC-DT,ONLINE,18,580,29.0,551,2024,11
2024-11-10,YYC-NW,IN_STORE,77,2442,122.1,2319,2024,11
2024-11-10,YYC-NW,ONLINE,14,376,18.81,357,2024,11
2024-11-10,YYC-SE,IN_STORE,61,2012,100.63,1912,2024,11
2024-11-10,YYC-SE,ONLINE,12,381,19.1,362,2024,11
2024-11-11,YYC-DT,IN_STORE,85,2928,146.42,2782,2024,11
2024-11-11,YYC-DT,ONLINE,23,505,25.28,480,2024,11
2024-11-11,YYC-NW,IN_STORE,56,2056,102.83,1953,2024,11
2024-11-11,YYC-NW,ONLINE,14,353,17.68,335,2024,11
2024-11-11,YYC-SE,IN_STORE,58,1724,86.24,1638,2024,11
2024-11-11,YYC-SE,ONLINE,10,307,15.37,292,2024,11
2024-11-12,YYC-DT,IN_STORE,101,3058,152.9,2905,2024,11
2024-11-12,YYC-DT,ONLINE,22,515,25.78,489,2024,11
2024-11-12,YYC-NW,IN_STORE,67,2143,107.2,2036,2024,11
2024-11-12,YYC-NW,ONLINE,15,382,19.14,363,2024,11
2024-11-12,YYC-SE,IN_STORE,46,1651,82.59,1569,2024,11
2024-11-12,YYC-SE,ONLINE,8,295,14.79,281,2024,11
2024-11-13,YYC-DT,IN_STORE,90,2817,140.85,2676,2024,11
2024-11-13,YYC-DT,ONLINE,17,534,26.71,507,2024,11
2024-11-13,YYC-NW,IN_STORE,81,2150,107.55,2043,2024,11
2024-11-13,YYC-NW,ONLINE,11,387,19.37,368,2024,11
2024-11-13,YYC-SE,IN_STORE,51,1816,90.84,1725,2024,11
2024-11-13,YYC-SE,ONLINE,13,321,16.07,305,2024,11
2024-11-14,YYC-DT,IN_STORE,119,2945,147.28,2798,2024,11
2024-11-14,YYC-DT,ONLINE,19,551,27.57,523,2024,11
2024-11-14,YYC-NW,IN_STORE,51,1952,97.62,1854,2024,11
2024-11-14,YYC-NW,ONLINE,13,405,20.26,384,2024,11
2024-11-14,YYC-SE,IN_STORE,43,1790,89.52,1700,2024,11
2024-11-14,YYC-SE,ONLINE,13,308,15.44,293,2024,11
2024-11-15,YYC-DT,IN_STORE,84,3208,160.45,3048,2024,11
2024-11-15,YYC-DT,ONLINE,18,589,29.48,560,2024,11
2024-11-15,YYC-NW,IN_STORE,57,2257,112.86,2144,2024,11
2024-11-15,YYC-NW,ONLINE,10,449,22.48,427,2024,11
2024-11-15,YYC-SE,IN_STORE,47,1917,95.85,1821,2024,11
2024-11-15,YYC-SE,ONLINE,9,352,17.65,335,2024,11
2024-11-16,YYC-DT,IN_STORE,74,2847,142.4,2705,2024,11
2024-11-16,YYC-DT,ONLINE,20,544,27.24,517,2024,11
2024-11-16,YYC-NW,IN_STORE,55,2157,107.86,2049,2024,11
2024-11-16,YYC-NW,ONLINE,12,358,17.94,340,2024,11
2024-11-16,YYC-SE,IN_STORE,53,1661,83.09,1578,2024,11
2024-11-16,YYC-SE,ONLINE,13,293,14.68,278,2024,11
2024-11-17,YYC-DT,IN_STORE,108,3091,154.58,2937,2024,11
2024-11-17,YYC-DT,ONLINE,14,559,27.97,531,2024,11
2024-11-17,YYC-NW,IN_STORE,56,2131,106.58,2025,2024,11
2024-11-17,YYC-NW,ONLINE,14,379,18.98,360,2024,11
2024-11-17,YYC-SE,IN_STORE,58,1947,97.37,1850,2024,11
2024-11-17,YYC-SE,ONLINE,12,400,20.03,380,2024,11
2024-11-18,YYC-DT,IN_STORE,96,2785,139.3,2646,2024,11
2024-11-18,YYC-DT,ONLINE,15,519,25.96,493,2024,11
2024-11-18,YYC-NW,IN_STORE,82,2111,105.57,2005,2024,11
2024-11-18,YYC-NW,ONLINE,9,391,19.56,371,2024,11
2024-11-18,YYC-SE,IN_STORE,57,1784,89.24,1695,2024,11
2024-11-18,YYC-SE,ONLINE,8,341,17.09,324,2024,11
2024-11-19,YYC-DT,IN_STORE,68,2506,125.35,2381,2024,11
2024-11-19,YYC-DT,ONLINE,15,488,24.42,464,2024,11
2024-11-19,YYC-NW,IN_STORE,69,2012,100.64,1912,2024,11
2024-11-19,YYC-NW,ONLINE,9,354,17.71,336,2024,11
2024-11-19,YYC-SE,IN_STORE,64,1598,79.93,1518,2024,11
2024-11-19,YYC-SE,ONLINE,9,287,14.37,272,2024,11
2024-11-20,YYC-DT,IN_STORE,91,2962,148.15,2814,2024,11
2024-11-20,YYC-DT,ONLINE,19,572,28.65,544,2024,11
2024-11-20,YYC-NW,IN_STORE,61,2200,110.02,2090,2024,11
2024-11-20,YYC-NW,ONLINE,13,432,21.63,410,2024,11
2024-11-20,YYC-SE,IN_STORE,46,1876,93.81,1782,2024,11
2024-11-20,YYC-SE,ONLINE,8,317,15.85,301,2024,11
2024-11-21,YYC-DT,IN_STORE,97,3211,160.56,3050,2024,11
2024-11-21,YYC-DT,ONLINE,20,569,28.46,540,2024,11
2024-11-21,YYC-NW,IN_STORE,67,2241,112.08,2129,2024,11
2024-11-21,YYC-NW,ONLINE,12,429,21.45,407,2024,11
2024-11-21,YYC-SE,IN_STORE,49,1885,94.29,1791,2024,11
2024-11-21,YYC-SE,ONLINE,10,319,15.97,303,2024,11
2024-11-22,YYC-DT,IN_STORE,99,2896,144.82,2751,2024,11
2024-11-22,YYC-DT,ONLINE,15,482,24.11,458,2024,11
2024-11-22,YYC-NW,IN_STORE,68,2147,107.35,2039,2024,11
2024-11-22,YYC-NW,ONLINE,10,401,20.09,381,2024,11
2024-11-22,YYC-SE,IN_STORE,56,1793,89.67,1703,2024,11
2024-11-22,YYC-SE,ONLINE,8,332,16.63,315,2024,11
2024-11-23,YYC-DT,IN_STORE,90,3287,164.37,3123,2024,11
2024-11-23,YYC-DT,ONLINE,22,608,30.44,578,2024,11
2024-11-23,YYC-NW,IN_STORE,84,2341,117.08,2224,2024,11
2024-11-23,YYC-NW,ONLINE,17,436,21.84,415,2024,11
2024-11-23,YYC-SE,IN_STORE,68,1990,99.53,1891,2024,11
2024-11-23,YYC-SE,ONLINE,13,407,20.39,387,2024,11
2024-11-24,YYC-DT,IN_STORE,76,2990,149.53,2841,2024,11
2024-11-24,YYC-DT,ONLINE,17,500,25.05,475,2024,11
2024-11-24,YYC-NW,IN_STORE,78,2188,109.44,2079,2024,11
2024-11-24,YYC-NW,ONLINE,11,354,17.72,336,2024,11
2024-11-24,YYC-SE,IN_STORE,47,1748,87.42,1661,2024,11
2024-11-24,YYC-SE,ONLINE,9,312,15.63,296,2024,11
2024-11-25,YYC-DT,IN_STORE,68,2753,137.66,2615,2024,11
2024-11-25,YYC-DT,ONLINE,17,572,28.62,543,2024,11
2024-11-25,YYC-NW,IN_STORE,80,2046,102.34,1944,2024,11
2024-11-25,YYC-NW,ONLINE,11,405,20.27,385,2024,11
2024-11-25,YYC-SE,IN_STORE,42,1685,84.29,1601,2024,11
2024-11-25,YYC-SE,ONLINE,8,251,12.57,238,2024,11
2024-11-26,YYC-DT,IN_STORE,112,2865,143.26,2721,2024,11
2024-11-26,YYC-DT,ONLINE,14,583,29.15,553,2024,11
2024-11-26,YYC-NW,IN_STORE,67,2028,101.42,1927,2024,11
2024-11-26,YYC-NW,ONLINE,12,441,22.08,419,2024,11
2024-11-26,YYC-SE,IN_STORE,44,1708,85.42,1623,2024,11
2024-11-26,YYC-SE,ONLINE,10,276,13.83,262,2024,11
2024-11-27,YYC-DT,IN_STORE,76,2901,145.06,2756,2024,11
2024-11-27,YYC-DT,ONLINE,18,588,29.44,559,2024,11
2024-11-27,YYC-NW,IN_STORE,75,2088,104.44,1984,2024,11
2024-11-27,YYC-NW,ONLINE,15,350,17.54,333,2024,11
2024-11-27,YYC-SE,IN_STORE,44,1847,92.39,1755,2024,11
2024-11-27,YYC-SE,ONLINE,9,357,17.86,339,2024,11
2024-11-28,YYC-DT,IN_STORE,123,3139,157.0,2982,2024,11
2024-11-28,YYC-DT,ONLINE,24,566,28.32,538,2024,11
2024-11-28,YYC-NW,IN_STORE,75,2318,115.91,2202,2024,11
2024-11-28,YYC-NW,ONLINE,12,429,21.5,408,2024,11
2024-11-28,YYC-SE,IN_STORE,75,1988,99.44,1889,2024,11
2024-11-28,YYC-SE,ONLINE,13,303,15.19,288,2024,11
2024-11-29,YYC-DT,IN_STORE,121,3018,150.93,2867,2024,11
2024-11-29,YYC-DT,ONLINE,18,532,26.62,505,2024,11
2024-11-29,YYC-NW,IN_STORE,62,2168,108.4,2059,2024,11
2024-11-29,YYC-NW,ONLINE,16,423,21.16,401,2024,11
2024-11-29,YYC-SE,IN_STORE,60,1794,89.7,1704,2024,11
2024-11-29,YYC-SE,ONLINE,9,320,16.0,304,2024,11
2024-11-30,YYC-DT,IN_STORE,78,3037,151.85,2885,2024,11
2024-11-30,YYC-DT,ONLINE,16,521,26.05,494,2024,11
2024-11-30,YYC-NW,IN_STORE,74,2145,107.26,2037,2024,11
2024-11-30,YYC-NW,ONLINE,10,409,20.49,389,2024,11
2024-11-30,YYC-SE,IN_STORE,77,1942,97.11,1845,2024,11
2024-11-30,YYC-SE,ONLINE,11,371,18.57,352,2024,11
2024-12-01,YYC-DT,IN_STORE,105,3807,190.39,3617,2024,12
2024-12-01,YYC-DT,ONLINE,19,747,37.37,710,2024,12
2024-12-01,YYC-NW,IN_STORE,73,2729,136.49,2593,2024,12
2024-12-01,YYC-NW,ONLINE,15,468,23.45,445,2024,12
2024-12-01,YYC-SE,IN_STORE,75,2334,116.73,2217,2024,12
2024-12-01,YYC-SE,ONLINE,10,429,21.47,407,2024,12
2024-12-02,YYC-DT,IN_STORE,109,3612,180.6,3431,2024,12
2024-12-02,YYC-DT,ONLINE,16,676,33.82,642,2024,12
2024-12-02,YYC-NW,IN_STORE,61,2525,126.27,2399,2024,12
2024-12-02,YYC-NW,ONLINE,19,451,22.55,428,2024,12
2024-12-02,YYC-SE,IN_STORE,56,2294,114.71,2179,2024,12
2024-12-02,YYC-SE,ONLINE,13,394,19.72,374,2024,12
2024-12-03,YYC-DT,IN_STORE,89,3588,179.44,3409,2024,12
2024-12-03,YYC-DT,ONLINE,24,691,34.57,656,2024,12
2024-12-03,YYC-NW,IN_STORE,79,2518,125.91,2392,2024,12
2024-12-03,YYC-NW,ONLINE,20,436,21.82,414,2024,12
2024-12-03,YYC-SE,IN_STORE,56,2070,103.51,1966,2024,12
2024-12-03,YYC-SE,ONLINE,16,394,19.72,374,2024,12
2024-12-04,YYC-DT,IN_STORE,93,3649,182.47,3466,2024,12
2024-12-04,YYC-DT,ONLINE,18,718,35.94,682,2024,12
2024-12-04,YYC-NW,IN_STORE,99,2658,132.91,2525,2024,12
2024-12-04,YYC-NW,ONLINE,14,488,24.41,463,2024,12
2024-12-04,YYC-SE,IN_STORE,74,2313,115.7,2198,2024,12
2024-12-04,YYC-SE,ONLINE,15,411,20.57,390,2024,12
2024-12-05,YYC-DT,IN_STORE,81,3328,166.42,3162,2024,12
2024-12-05,YYC-DT,ONLINE,19,585,29.27,556,2024,12
2024-12-05,YYC-NW,IN_STORE,58,2198,109.91,2088,2024,12
2024-12-05,YYC-NW,ONLINE,11,412,20.65,392,2024,12
2024-12-05,YYC-SE,IN_STORE,76,2044,102.22,1942,2024,12
2024-12-05,YYC-SE,ONLINE,13,363,18.18,345,2024,12
2024-12-06,YYC-DT,IN_STORE,136,3214,160.74,3053,2024,12
2024-12-06,YYC-DT,ONLINE,21,648,32.42,616,2024,12
2024-12-06,YYC-NW,IN_STORE,63,2369,118.45,2250,2024,12
2024-12-06,YYC-NW,ONLINE,15,421,21.08,400,2024,12
2024-12-06,YYC-SE,IN_STORE,59,1954,97.71,1856,2024,12
2024-12-06,YYC-SE,ONLINE,9,401,20.08,381,2024,12
2024-12-07,YYC-DT,IN_STORE,97,3592,179.63,3412,2024,12
2024-12-07,YYC-DT,ONLINE,27,635,31.8,604,2024,12
2024-12-07,YYC-NW,IN_STORE,68,2567,128.35,2438,2024,12
2024-12-07,YYC-NW,ONLINE,14,462,23.12,439,2024,12
2024-12-07,YYC-SE,IN_STORE,55,2277,113.85,2163,2024,12
2024-12-07,YYC-SE,ONLINE,10,313,15.65,297,2024,12
2024-12-08,YYC-DT,IN_STORE,102,3882,194.15,3688,2024,12
2024-12-08,YYC-DT,ONLINE,28,763,38.16,725,2024,12
2024-12-08,YYC-NW,IN_STORE,94,2650,132.51,2517,2024,12
2024-12-08,YYC-NW,ONLINE,14,494,24.71,469,2024,12
2024-12-08,YYC-SE,IN_STORE,94,2252,112.65,2140,2024,12
2024-12-08,YYC-SE,ONLINE,10,428,21.43,407,2024,12
2024-12-09,YYC-DT,IN_STORE,87,3550,177.52,3372,2024,12
2024-12-09,YYC-DT,ONLINE,17,655,32.78,622,2024,12
2024-12-09,YYC-NW,IN_STORE,92,2452,122.65,2330,2024,12
2024-12-09,YYC-NW,ONLINE,11,463,23.19,440,2024,12
2024-12-09,YYC-SE,IN_STORE,79,2146,107.31,2038,2024,12
2024-12-09,YYC-SE,ONLINE,16,475,23.78,451,2024,12
2024-12-10,YYC-DT,IN_STORE,124,3520,176.01,3344,2024,12
2024-12-10,YYC-DT,ONLINE,25,692,34.64,658,2024,12
2024-12-10,YYC-NW,IN_STORE,69,2465,123.29,2342,2024,12
2024-12-10,YYC-NW,ONLINE,14,464,23.25,441,2024,12
2024-12-10,YYC-SE,IN_STORE,88,2231,111.57,2119,2024,12
2024-12-10,YYC-SE,ONLINE,10,399,19.96,379,2024,12
2024-12-11,YYC-DT,IN_STORE,98,3410,170.53,3240,2024,12
2024-12-11,YYC-DT,ONLINE,16,603,30.2,573,2024,12
2024-12-11,YYC-NW,IN_STORE,79,2579,128.98,2450,2024,12
2024-12-11,YYC-NW,ONLINE,14,458,22.95,435,2024,12
2024-12-11,YYC-SE,IN_STORE,59,2217,110.88,2106,2024,12
2024-12-11,YYC-SE,ONLINE,14,389,19.47,370,2024,12
2024-12-12,YYC-DT,IN_STORE,88,3545,177.26,3367,2024,12
2024-12-12,YYC-DT,ONLINE,17,647,32.36,614,2024,12
2024-12-12,YYC-NW,IN_STORE,87,2392,119.63,2272,2024,12
2024-12-12,YYC-NW,ONLINE,15,442,22.12,420,2024,12
2024-12-12,YYC-SE,IN_STORE,53,2116,105.83,2010,2024,12
2024-12-12,YYC-SE,ONLINE,10,344,17.24,327,2024,12
2024-12-13,YYC-DT,IN_STORE,89,3549,177.47,3371,2024,12
2024-12-13,YYC-DT,ONLINE,21,626,31.33,595,2024,12
2024-12-13,YYC-NW,IN_STORE,79,2464,123.23,2341,2024,12
2024-12-13,YYC-NW,ONLINE,13,450,22.54,428,2024,12
2024-12-13,YYC-SE,IN_STORE,52,2169,108.49,2061,2024,12
2024-12-13,YYC-SE,ONLINE,16,364,18.23,346,2024,12
2024-12-14,YYC-DT,IN_STORE,116,3699,184.98,3514,2024,12
2024-12-14,YYC-DT,ONLINE,20,622,31.12,591,2024,12
2024-12-14,YYC-NW,IN_STORE,81,2516,125.81,2390,2024,12
2024-12-14,YYC-NW,ONLINE,18,519,25.97,493,2024,12
2024-12-14,YYC-SE,IN_STORE,59,2230,111.54,2119,2024,12
2024-12-14,YYC-SE,ONLINE,17,351,17.55,333,2024,12
2024-12-15,YYC-DT,IN_STORE,139,4228,211.44,4017,2024,12
2024-12-15,YYC-DT,ONLINE,25,758,37.93,720,2024,12
2024-12-15,YYC-NW,IN_STORE,124,2893,144.69,2749,2024,12
2024-12-15,YYC-NW,ONLINE,14,584,29.23,555,2024,12
2024-12-15,YYC-SE,IN_STORE,66,2531,126.55,2404,2024,12
2024-12-15,YYC-SE,ONLINE,14,460,23.04,437,2024,12
2024-12-16,YYC-DT,IN_STORE,110,3128,156.45,2972,2024,12
2024-12-16,YYC-DT,ONLINE,23,551,27.56,523,2024,12
2024-12-16,YYC-NW,IN_STORE,80,2293,114.65,2178,2024,12
2024-12-16,YYC-NW,ONLINE,14,393,19.66,373,2024,12
2024-12-16,YYC-SE,IN_STORE,63,1969,98.46,1870,2024,12
2024-12-16,YYC-SE,ONLINE,11,371,18.56,352,2024,12
2024-12-17,YYC-DT,IN_STORE,131,3459,172.99,3286,2024,12
2024-12-17,YYC-DT,ONLINE,18,640,32.01,608,2024,12
2024-12-17,YYC-NW,IN_STORE,71,2455,122.79,2332,2024,12
2024-12-17,YYC-NW,ONLINE,14,415,20.78,394,2024,12
2024-12-17,YYC-SE,IN_STORE,60,2143,107.17,2036,2024,12
2024-12-17,YYC-SE,ONLINE,13,389,19.46,369,2024,12
2024-12-18,YYC-DT,IN_STORE,151,3944,197.22,3747,2024,12
2024-12-18,YYC-DT,ONLINE,30,729,36.5,693,2024,12
2024-12-18,YYC-NW,IN_STORE,71,2722,136.11,2586,2024,12
2024-12-18,YYC-NW,ONLINE,13,397,19.89,377,2024,12
2024-12-18,YYC-SE,IN_STORE,79,2288,114.43,2174,2024,12
2024-12-18,YYC-SE,ONLINE,11,356,17.83,338,2024,12
2024-12-19,YYC-DT,IN_STORE,114,3324,166.24,3158,2024,12
2024-12-19,YYC-DT,ONLINE,25,675,33.78,641,2024,12
2024-12-19,YYC-NW,IN_STORE,68,2375,118.76,2256,2024,12
2024-12-19,YYC-NW,ONLINE,17,442,22.13,420,2024,12
2024-12-19,YYC-SE,IN_STORE,79,2037,101.86,1935,2024,12
2024-12-19,YYC-SE,ONLINE,10,347,17.37,329,2024,12
2024-12-20,YYC-DT,IN_STORE,108,3538,176.94,3361,2024,12
2024-12-20,YYC-DT,ONLINE,26,614,30.73,583,2024,12
2024-12-20,YYC-NW,IN_STORE,99,2379,118.97,2260,2024,12
2024-12-20,YYC-NW,ONLINE,16,444,22.23,422,2024,12
2024-12-20,YYC-SE,IN_STORE,69,2114,105.71,2008,2024,12
2024-12-20,YYC-SE,ONLINE,11,351,17.56,333,2024,12
2024-12-21,YYC-DT,IN_STORE,154,3746,187.3,3558,2024,12
2024-12-21,YYC-DT,ONLINE,17,721,36.09,685,2024,12
2024-12-21,YYC-NW,IN_STORE,101,2606,130.34,2476,2024,12
2024-12-21,YYC-NW,ONLINE,12,474,23.74,451,2024,12
2024-12-21,YYC-SE,IN_STORE,73,2346,117.32,2229,2024,12
2024-12-21,YYC-SE,ONLINE,10,314,15.72,298,2024,12
2024-12-22,YYC-DT,IN_STORE,134,3683,184.16,3498,2024,12
2024-12-22,YYC-DT,ONLINE,19,695,34.78,660,2024,12
2024-12-22,YYC-NW,IN_STORE,65,2506,125.31,2380,2024,12
2024-12-22,YYC-NW,ONLINE,13,516,25.81,490,2024,12
2024-12-22,YYC-SE,IN_STORE,67,2349,117.46,2231,2024,12
2024-12-22,YYC-SE,ONLINE,14,363,18.19,345,2024,12
2024-12-23,YYC-DT,IN_STORE,105,3602,180.15,3422,2024,12
2024-12-23,YYC-DT,ONLINE,18,591,29.57,561,2024,12
2024-12-23,YYC-NW,IN_STORE,88,2662,133.11,2529,2024,12
2024-12-23,YYC-NW,ONLINE,15,511,25.58,486,2024,12
2024-12-23,YYC-SE,IN_STORE,78,2189,109.5,2080,2024,12
2024-12-23,YYC-SE,ONLINE,13,398,19.95,379,2024,12
2024-12-24,YYC-DT,IN_STORE,111,3084,154.23,2930,2024,12
2024-12-24,YYC-DT,ONLINE,21,613,30.68,582,2024,12
2024-12-24,YYC-NW,IN_STORE,79,2125,106.28,2019,2024,12
2024-12-24,YYC-NW,ONLINE,15,430,21.53,409,2024,12
2024-12-24,YYC-SE,IN_STORE,53,1900,95.04,1805,2024,12
2024-12-24,YYC-SE,ONLINE,14,359,17.96,341,2024,12
2024-12-25,YYC-DT,IN_STORE,98,3661,183.06,3478,2024,12
2024-12-25,YYC-DT,ONLINE,24,681,34.08,647,2024,12
2024-12-25,YYC-NW,IN_STORE,75,2711,135.58,2575,2024,12
2024-12-25,YYC-NW,ONLINE,18,483,24.18,459,2024,12
2024-12-25,YYC-SE,IN_STORE,81,2220,111.03,2109,2024,12
2024-12-25,YYC-SE,ONLINE,12,394,19.73,374,2024,12
2024-12-26,YYC-DT,IN_STORE,95,3380,169.05,3211,2024,12
2024-12-26,YYC-DT,ONLINE,18,503,25.15,477,2024,12
2024-12-26,YYC-NW,IN_STORE,60,2256,112.82,2143,2024,12
2024-12-26,YYC-NW,ONLINE,13,442,22.11,420,2024,12
2024-12-26,YYC-SE,IN_STORE,68,2043,102.17,1941,2024,12
2024-12-26,YYC-SE,ONLINE,14,349,17.47,332,2024,12
2024-12-27,YYC-DT,IN_STORE,109,3334,166.72,3167,2024,12
2024-12-27,YYC-DT,ONLINE,16,605,30.29,575,2024,12
2024-12-27,YYC-NW,IN_STORE,76,2496,124.81,2371,2024,12
2024-12-27,YYC-NW,ONLINE,15,436,21.81,414,2024,12
2024-12-27,YYC-SE,IN_STORE,76,2142,107.13,2035,2024,12
2024-12-27,YYC-SE,ONLINE,13,340,17.04,323,2024,12
2024-12-28,YYC-DT,IN_STORE,137,3752,187.62,3564,2024,12
2024-12-28,YYC-DT,ONLINE,27,735,36.76,698,2024,12
2024-12-28,YYC-NW,IN_STORE,72,2687,134.36,2552,2024,12
2024-12-28,YYC-NW,ONLINE,19,512,25.61,486,2024,12
2024-12-28,YYC-SE,IN_STORE,81,2245,112.29,2133,2024,12
2024-12-28,YYC-SE,ONLINE,13,400,20.02,380,2024,12
2024-12-29,YYC-DT,IN_STORE,114,3816,190.81,3625,2024,12
2024-12-29,YYC-DT,ONLINE,19,787,39.38,748,2024,12
2024-12-29,YYC-NW,IN_STORE,74,2819,140.96,2678,2024,12
2024-12-29,YYC-NW,ONLINE,13,563,28.18,535,2024,12
2024-12-29,YYC-SE,IN_STORE,64,2379,118.95,2260,2024,12
2024-12-29,YYC-SE,ONLINE,13,425,21.28,404,2024,12
2024-12-30,YYC-DT,IN_STORE,83,3063,153.19,2910,2024,12
2024-12-30,YYC-DT,ONLINE,21,627,31.39,596,2024,12
2024-12-30,YYC-NW,IN_STORE,64,2233,111.67,2121,2024,12
2024-12-30,YYC-NW,ONLINE,13,407,20.39,387,2024,12
2024-12-30,YYC-SE,IN_STORE,48,1780,89.03,1691,2024,12
2024-12-30,YYC-SE,ONLINE,14,345,17.27,328,2024,12
2024-12-31,YYC-DT,IN_STORE,109,3283,164.17,3119,2024,12
2024-12-31,YYC-DT,ONLINE,16,651,32.55,618,2024,12
2024-12-31,YYC-NW,IN_STORE,90,2489,124.5,2365,2024,12
2024-12-31,YYC-NW,ONLINE,18,507,25.39,482,2024,12
2024-12-31,YYC-SE,IN_STORE,85,2191,109.58,2081,2024,12
2024-12-31,YYC-SE,ONLINE,10,370,18.53,352,2024,12
